ProductKey,Product_Name,Category,Brand,Annual_Demand,EOQ,Daily_Demand,Safety_Stock,Final_Reorder_Point,Annual_Order_Cost,Annual_Holding_Cost,Total_Inventory_Cost,Risk_Level
1,Contoso 512MB MP3 Player E51 Silver,Audio,Contoso,12.65,7.0,0.0347,5.0,5.0,5.23,5.79,11.02,Low
2,Contoso 512MB MP3 Player E51 Blue,Audio,Contoso,14.98,7.0,0.041,5.0,5.0,6.19,5.79,11.98,Low
3,Contoso 1G MP3 Player E100 White,Audio,Contoso,15.57,7.0,0.0427,5.0,5.0,6.43,6.48,12.91,Low
4,Contoso 2G MP3 Player E200 Silver,Audio,Contoso,14.4,6.0,0.0395,3.0,3.0,6.94,8.25,15.19,Low
5,Contoso 2G MP3 Player E200 Red,Audio,Contoso,9.54,4.0,0.0261,5.0,5.0,6.9,5.5,12.4,Low
6,Contoso 2G MP3 Player E200 Black,Audio,Contoso,11.29,5.0,0.0309,4.0,4.0,6.53,6.88,13.41,Low
7,Contoso 2G MP3 Player E200 Blue,Audio,Contoso,19.65,6.0,0.0538,6.0,6.0,9.47,8.25,17.72,Low
8,Contoso 4G MP3 Player E400 Silver,Audio,Contoso,10.7,3.0,0.0293,4.0,4.0,10.32,11.47,21.79,Medium
9,Contoso 4G MP3 Player E400 Black,Audio,Contoso,11.48,3.0,0.0315,5.0,5.0,11.07,11.47,22.54,Medium
10,Contoso 4G MP3 Player E400 Green,Audio,Contoso,21.02,4.0,0.0576,4.0,4.0,15.2,15.29,30.49,Medium
11,Contoso 4G MP3 Player E400 Orange,Audio,Contoso,13.04,3.0,0.0357,4.0,4.0,12.57,11.47,24.04,Medium
12,Contoso 4GB Flash MP3 Player E401 Blue,Audio,Contoso,8.95,2.0,0.0245,4.0,4.0,12.95,8.93,21.88,Medium
13,Contoso 4GB Flash MP3 Player E401 Black,Audio,Contoso,13.82,3.0,0.0379,5.0,5.0,13.33,13.4,26.73,Medium
14,Contoso 4GB Flash MP3 Player E401 Silver,Audio,Contoso,11.68,3.0,0.032,4.0,4.0,11.26,13.4,24.66,Medium
15,Contoso 4GB Flash MP3 Player E401 White,Audio,Contoso,19.65,4.0,0.0538,6.0,6.0,14.21,17.86,32.07,Medium
16,Contoso 8GB Super-Slim MP3/Video Player M800 White,Audio,Contoso,8.37,2.0,0.0229,4.0,4.0,12.11,12.64,24.75,Medium
17,Contoso 8GB Super-Slim MP3/Video Player M800 Red,Audio,Contoso,13.23,2.0,0.0362,5.0,5.0,19.14,12.64,31.78,Medium
18,Contoso 8GB Super-Slim MP3/Video Player M800 Green,Audio,Contoso,21.02,3.0,0.0576,5.0,5.0,20.27,18.96,39.23,Medium
19,Contoso 8GB Super-Slim MP3/Video Player M800 Pink,Audio,Contoso,10.12,2.0,0.0277,5.0,5.0,14.64,12.64,27.28,Medium
20,Contoso 8GB MP3 Player new model M820 Black,Audio,Contoso,11.48,2.0,0.0315,6.0,6.0,16.61,15.4,32.01,Medium
21,Contoso 8GB MP3 Player new model M820 Blue,Audio,Contoso,12.06,2.0,0.033,5.0,5.0,17.44,15.4,32.84,Medium
22,Contoso 8GB MP3 Player new model M820 Yellow,Audio,Contoso,10.9,2.0,0.0299,5.0,5.0,15.77,15.4,31.17,Medium
23,Contoso 8GB MP3 Player new model M820 White,Audio,Contoso,14.21,2.0,0.0389,4.0,4.0,20.55,15.4,35.95,Medium
24,Contoso 16GB Mp5 Player M1600 Blue,Audio,Contoso,17.9,2.0,0.049,5.0,5.0,25.89,22.98,48.87,Medium
25,Contoso 16GB Mp5 Player M1600 Black,Audio,Contoso,19.85,2.0,0.0544,5.0,5.0,28.71,22.98,51.69,High
26,Contoso 16GB Mp5 Player M1600 Green,Audio,Contoso,11.68,2.0,0.032,5.0,5.0,16.9,22.98,39.88,Medium
27,Contoso 16GB Mp5 Player M1600 White,Audio,Contoso,12.84,2.0,0.0352,5.0,5.0,18.57,22.98,41.55,Medium
28,Contoso 16GB Mp5 Player M1600 Red,Audio,Contoso,16.73,2.0,0.0458,6.0,6.0,24.2,22.98,47.18,Medium
29,Contoso 32GB Video MP3 Player M3200 White,Audio,Contoso,17.51,2.0,0.048,4.0,4.0,25.33,21.12,46.45,Medium
30,Contoso 32GB Video MP3 Player M3200 Red,Audio,Contoso,13.43,2.0,0.0368,3.0,3.0,19.43,21.12,40.55,Medium
31,Contoso 32GB Video MP3 Player M3200 Orange,Audio,Contoso,7.98,1.0,0.0219,3.0,3.0,23.09,10.56,33.65,Medium
32,Contoso 32GB Video MP3 Player M3200 Pink,Audio,Contoso,18.29,2.0,0.0501,5.0,5.0,26.46,21.12,47.58,Medium
33,Contoso 32GB Video MP3 Player M3200 Black,Audio,Contoso,16.93,2.0,0.0464,6.0,6.0,24.49,21.12,45.61,Medium
34,Contoso 4GB Portable MP3 Player M450 Black,Audio,Contoso,19.46,3.0,0.0533,7.0,7.0,18.77,18.34,37.11,Medium
35,Contoso 4GB Portable MP3 Player M450 White,Audio,Contoso,12.26,2.0,0.0336,4.0,4.0,17.73,12.23,29.96,Medium
36,Contoso 4GB Portable MP3 Player M450 Yellow,Audio,Contoso,4.28,1.0,0.0117,3.0,3.0,12.38,6.12,18.5,Low
37,Contoso 8GB Clock & Radio MP3 Player X850 Silver,Audio,Contoso,10.7,2.0,0.0293,5.0,5.0,15.48,24.78,40.26,Medium
38,Contoso 8GB Clock & Radio MP3 Player X850 Black,Audio,Contoso,9.73,2.0,0.0267,5.0,5.0,14.07,24.78,38.85,Medium
39,Contoso 8GB Clock & Radio MP3 Player X850 Green,Audio,Contoso,20.82,2.0,0.057,6.0,6.0,30.12,24.78,54.9,High
40,Contoso 8GB Clock & Radio MP3 Player X850 Blue,Audio,Contoso,14.4,2.0,0.0395,6.0,6.0,20.83,24.78,45.61,Medium
41,Contoso 16GB New Generation MP5 Player M1650 Silver,Audio,Contoso,14.4,2.0,0.0395,5.0,5.0,20.83,26.67,47.5,Medium
42,Contoso 16GB New Generation MP5 Player M1650 White,Audio,Contoso,13.82,2.0,0.0379,6.0,6.0,19.99,26.67,46.66,Medium
43,Contoso 16GB New Generation MP5 Player M1650 Black,Audio,Contoso,17.32,2.0,0.0475,5.0,5.0,25.05,26.67,51.72,High
44,Contoso 16GB New Generation MP5 Player M1650 blue,Audio,Contoso,13.23,2.0,0.0362,4.0,4.0,19.14,26.67,45.81,Medium
45,Contoso 16GB New Generation MP5 Player M1650 Pink,Audio,Contoso,13.23,2.0,0.0362,5.0,5.0,19.14,26.67,45.81,Medium
46,WWI 1GB Pulse Smart pen E50 White,Audio,Wide World Importers,61.69,4.0,0.169,5.0,5.0,44.62,38.22,82.84,High
47,WWI 1GBPulse Smart pen E50 Black,Audio,Wide World Importers,60.13,4.0,0.1647,5.0,5.0,43.49,38.22,81.71,High
48,WWI 1GB Pulse Smart pen E50 Silver,Audio,Wide World Importers,69.08,5.0,0.1893,5.0,5.0,39.97,47.78,87.75,High
49,WWI 2GB Pulse Smart pen M100 White,Audio,Wide World Importers,61.88,4.0,0.1695,5.0,5.0,44.75,45.98,90.73,High
50,WWI 2GB Pulse Smart pen M100 Black,Audio,Wide World Importers,59.93,4.0,0.1642,5.0,5.0,43.34,45.98,89.32,High
51,WWI 2GB Pulse Smart pen M100 Blue,Audio,Wide World Importers,67.13,4.0,0.1839,5.0,5.0,48.55,45.98,94.53,High
52,WWI 2GB Pulse Smart pen M100 Silver,Audio,Wide World Importers,42.23,3.0,0.1157,5.0,5.0,40.72,34.48,75.2,High
53,WWI 4GB Video Recording Pen X200 Black,Audio,Wide World Importers,71.22,4.0,0.1951,5.0,5.0,51.51,49.04,100.55,Critical
54,WWI 4GB Video Recording Pen X200 Red,Audio,Wide World Importers,63.83,4.0,0.1749,5.0,5.0,46.16,49.04,95.2,High
55,WWI 4GB Video Recording Pen X200 Pink,Audio,Wide World Importers,59.16,4.0,0.1621,5.0,5.0,42.79,49.04,91.83,High
56,WWI 4GB Video Recording Pen X200 Yellow,Audio,Wide World Importers,72.0,4.0,0.1973,5.0,5.0,52.07,49.04,101.11,Critical
57,WWI 1GB Digital Voice Recorder Pen E100 Black,Audio,Wide World Importers,83.87,5.0,0.2298,5.0,5.0,48.53,49.71,98.24,High
58,WWI 1GB Digital Voice Recorder Pen E100 Red,Audio,Wide World Importers,75.5,5.0,0.2068,5.0,5.0,43.68,49.71,93.39,High
59,WWI 1GB Digital Voice Recorder Pen E100 Pink,Audio,Wide World Importers,56.24,4.0,0.1541,5.0,5.0,40.68,39.76,80.44,High
60,WWI 1GB Digital Voice Recorder Pen E100 White,Audio,Wide World Importers,69.47,4.0,0.1903,5.0,5.0,50.24,39.76,90.0,High
61,WWI 2GB Spy Video Recorder Pen M300 Black,Audio,Wide World Importers,66.16,4.0,0.1813,5.0,5.0,47.85,41.62,89.47,High
62,WWI 2GB Spy Video Recorder Pen M300 White,Audio,Wide World Importers,55.26,4.0,0.1514,4.0,4.0,39.97,41.62,81.59,High
63,WWI 2GB Spy Video Recorder Pen M300 Blue,Audio,Wide World Importers,61.1,4.0,0.1674,5.0,5.0,44.19,41.62,85.81,High
64,WWI 2GB Spy Video Recorder Pen M300 Silver,Audio,Wide World Importers,63.05,4.0,0.1727,5.0,5.0,45.6,41.62,87.22,High
65,WWI 2GB Spy Video Recorder Pen M300 Purple,Audio,Wide World Importers,68.69,4.0,0.1882,5.0,5.0,49.68,41.62,91.3,High
66,NT Bluetooth Stereo Headphones E52 Blue,Audio,Northwind Traders,59.74,10.0,0.1637,5.0,5.0,17.28,16.38,33.66,Medium
67,NT Bluetooth Stereo Headphones E52 Black,Audio,Northwind Traders,49.43,9.0,0.1354,5.0,5.0,15.89,14.74,30.63,Medium
68,NT Bluetooth Stereo Headphones E52 Yellow,Audio,Northwind Traders,39.7,8.0,0.1088,4.0,4.0,14.36,13.1,27.46,Medium
69,NT Bluetooth Stereo Headphones E52 Pink,Audio,Northwind Traders,61.1,10.0,0.1674,4.0,4.0,17.68,16.38,34.06,Medium
70,NT Wireless Bluetooth Stereo Headphones E102 Silver,Audio,Northwind Traders,54.49,8.0,0.1493,5.0,5.0,19.7,22.05,41.75,Medium
71,NT Wireless Bluetooth Stereo Headphones E102 Black,Audio,Northwind Traders,54.68,8.0,0.1498,4.0,4.0,19.77,22.05,41.82,Medium
72,NT Wireless Bluetooth Stereo Headphones E102 Blue,Audio,Northwind Traders,52.15,7.0,0.1429,5.0,5.0,21.55,19.29,40.84,Medium
73,NT Wireless Bluetooth Stereo Headphones E102 White,Audio,Northwind Traders,62.07,8.0,0.1701,5.0,5.0,22.45,22.05,44.5,Medium
74,NT Bluetooth Active Headphones E202 Black,Audio,Northwind Traders,39.5,7.0,0.1082,5.0,5.0,16.32,15.27,31.59,Medium
75,NT Bluetooth Active Headphones E202 White,Audio,Northwind Traders,58.38,9.0,0.1599,4.0,4.0,18.77,19.63,38.4,Medium
76,NT Bluetooth Active Headphones E202 Red,Audio,Northwind Traders,51.76,8.0,0.1418,5.0,5.0,18.72,17.45,36.17,Medium
77,NT Bluetooth Active Headphones E202 Silver,Audio,Northwind Traders,50.2,8.0,0.1375,5.0,5.0,18.15,17.45,35.6,Medium
78,NT Wireless Bluetooth Stereo Headphones E302 Silver,Audio,Northwind Traders,50.59,8.0,0.1386,5.0,5.0,18.29,18.65,36.94,Medium
79,NT Wireless Bluetooth Stereo Headphones E302 White,Audio,Northwind Traders,49.23,8.0,0.1349,5.0,5.0,17.8,18.65,36.45,Medium
80,NT Wireless Bluetooth Stereo Headphones E302 Yellow,Audio,Northwind Traders,53.12,8.0,0.1455,5.0,5.0,19.21,18.65,37.86,Medium
81,NT Wireless Bluetooth Stereo Headphones E302 Black,Audio,Northwind Traders,56.24,8.0,0.1541,5.0,5.0,20.34,18.65,38.99,Medium
82,NT Wireless Bluetooth Stereo Headphones E302 Pink,Audio,Northwind Traders,55.07,8.0,0.1509,5.0,5.0,19.91,18.65,38.56,Medium
83,NT Wireless Bluetooth Stereo Headphones M402 Silver,Audio,Northwind Traders,43.39,5.0,0.1189,5.0,5.0,25.11,28.74,53.85,High
84,NT Wireless Bluetooth Stereo Headphones M402 Red,Audio,Northwind Traders,60.52,6.0,0.1658,5.0,5.0,29.18,34.48,63.66,High
85,NT Wireless Bluetooth Stereo Headphones M402 Green,Audio,Northwind Traders,54.1,5.0,0.1482,5.0,5.0,31.3,28.74,60.04,High
86,NT Wireless Bluetooth Stereo Headphones M402 Black,Audio,Northwind Traders,55.85,5.0,0.153,6.0,6.0,32.31,28.74,61.05,High
87,NT Wireless Bluetooth Stereo Headphones M402 Purple,Audio,Northwind Traders,58.57,5.0,0.1605,5.0,5.0,33.89,28.74,62.63,High
88,NT Wireless Transmitter and Bluetooth Headphones M150 Black,Audio,Northwind Traders,48.84,5.0,0.1338,5.0,5.0,28.26,31.06,59.32,High
89,NT Wireless Transmitter and Bluetooth Headphones M150 Blue,Audio,Northwind Traders,51.96,5.0,0.1424,4.0,4.0,30.06,31.06,61.12,High
90,NT Wireless Transmitter and Bluetooth Headphones M150 Silver,Audio,Northwind Traders,57.21,5.0,0.1567,5.0,5.0,33.1,31.06,64.16,High
91,NT Wireless Transmitter and Bluetooth Headphones M150 Green,Audio,Northwind Traders,42.81,4.0,0.1173,5.0,5.0,30.96,24.84,55.8,High
92,NT Wireless Transmitter and Bluetooth Headphones M150 Red,Audio,Northwind Traders,42.81,4.0,0.1173,5.0,5.0,30.96,24.84,55.8,High
93,WWI Stereo Bluetooth Headphones E1000 Blue,Audio,Wide World Importers,62.46,6.0,0.1711,5.0,5.0,30.12,25.77,55.89,High
94,WWI Stereo Bluetooth Headphones E1000 Black,Audio,Wide World Importers,58.96,6.0,0.1615,5.0,5.0,28.43,25.77,54.2,High
95,WWI Stereo Bluetooth Headphones E1000 Silver,Audio,Wide World Importers,53.32,6.0,0.1461,5.0,5.0,25.71,25.77,51.48,High
96,WWI Stereo Bluetooth Headphones E1000 White,Audio,Wide World Importers,50.98,6.0,0.1397,5.0,5.0,24.58,25.77,50.35,High
97,WWI Stereo Bluetooth Headphones E1000 Green,Audio,Wide World Importers,58.38,6.0,0.1599,4.0,4.0,28.15,25.77,53.92,High
98,WWI Wireless Bluetooth Stereo Headphones M170 Silver,Audio,Wide World Importers,54.49,5.0,0.1493,5.0,5.0,31.53,34.49,66.02,High
99,WWI Wireless Bluetooth Stereo Headphones M170 Black,Audio,Wide World Importers,40.67,4.0,0.1114,5.0,5.0,29.41,27.59,57.0,High
100,WWI Wireless Bluetooth Stereo Headphones M170 White,Audio,Wide World Importers,51.37,5.0,0.1407,5.0,5.0,29.72,34.49,64.21,High
101,WWI Wireless Bluetooth Stereo Headphones M170 Pink,Audio,Wide World Importers,48.84,5.0,0.1338,5.0,5.0,28.26,34.49,62.75,High
102,WWI Wireless Bluetooth Stereo Headphones M270 Silver,Audio,Wide World Importers,58.18,5.0,0.1594,5.0,5.0,33.66,33.05,66.71,High
103,WWI Wireless Bluetooth Stereo Headphones M270 Black,Audio,Wide World Importers,69.86,6.0,0.1914,6.0,6.0,33.68,39.66,73.34,High
104,WWI Wireless Bluetooth Stereo Headphones M270 White,Audio,Wide World Importers,59.93,5.0,0.1642,5.0,5.0,34.68,33.05,67.73,High
105,WWI Wireless Bluetooth Stereo Headphones M270 Pink,Audio,Wide World Importers,62.07,5.0,0.1701,5.0,5.0,35.91,33.05,68.96,High
106,WWI Stereo Bluetooth Headphones New Generation M370 Black,Audio,Wide World Importers,52.73,4.0,0.1445,5.0,5.0,38.14,30.58,68.72,High
107,WWI Stereo Bluetooth Headphones New Generation M370 White,Audio,Wide World Importers,50.2,4.0,0.1375,5.0,5.0,36.31,30.58,66.89,High
108,WWI Stereo Bluetooth Headphones New Generation M370 Yellow,Audio,Wide World Importers,48.84,4.0,0.1338,5.0,5.0,35.32,30.58,65.9,High
109,WWI Stereo Bluetooth Headphones New Generation M370 Orange,Audio,Wide World Importers,52.93,4.0,0.145,5.0,5.0,38.28,30.58,68.86,High
110,WWI Stereo Bluetooth Headphones New Generation M370 Blue,Audio,Wide World Importers,46.12,4.0,0.1264,5.0,5.0,33.36,30.58,63.94,High
111,WWI Wireless Transmitter and Bluetooth Headphones X250 Black,Audio,Wide World Importers,51.76,4.0,0.1418,5.0,5.0,37.44,41.42,78.86,High
112,WWI Wireless Transmitter and Bluetooth Headphones X250 Blue,Audio,Wide World Importers,42.81,3.0,0.1173,5.0,5.0,41.28,31.06,72.34,High
113,WWI Wireless Transmitter and Bluetooth Headphones X250 White,Audio,Wide World Importers,56.82,4.0,0.1557,6.0,6.0,41.09,41.42,82.51,High
114,WWI Wireless Transmitter and Bluetooth Headphones X250 Red,Audio,Wide World Importers,57.6,4.0,0.1578,5.0,5.0,41.66,41.42,83.08,High
115,WWI Wireless Transmitter and Bluetooth Headphones X250 Silver,Audio,Wide World Importers,53.9,4.0,0.1477,5.0,5.0,38.98,41.42,80.4,High
116,"Adventure Works 20"" CRT TV E15 Silver",TV and Video,Adventure Works,22.18,2.0,0.0608,5.0,5.0,32.08,21.67,53.75,High
117,"Adventure Works 20"" CRT TV E15 Black",TV and Video,Adventure Works,22.38,2.0,0.0613,4.0,4.0,32.37,21.67,54.04,High
118,"Adventure Works 20"" CRT TV E15 White",TV and Video,Adventure Works,21.99,2.0,0.0602,5.0,5.0,31.81,21.67,53.48,High
119,"Adventure Works 13"" Color TV E25 Silver",TV and Video,Adventure Works,22.18,3.0,0.0608,5.0,5.0,21.39,22.94,44.33,Medium
120,"Adventure Works 13"" Color TV E25 Black",TV and Video,Adventure Works,22.57,3.0,0.0618,5.0,5.0,21.76,22.94,44.7,Medium
121,"Adventure Works 13"" Color TV E25 White",TV and Video,Adventure Works,18.68,3.0,0.0512,5.0,5.0,18.01,22.94,40.95,Medium
122,"Adventure Works 19"" Portable LCD HDTV M110 Silver",TV and Video,Adventure Works,23.35,2.0,0.064,5.0,5.0,33.78,32.19,65.97,High
123,"Adventure Works 19"" Portable LCD HDTV M110 Black",TV and Video,Adventure Works,21.6,2.0,0.0592,6.0,6.0,31.24,32.19,63.43,High
124,"Adventure Works 19"" Portable LCD HDTV M110 White",TV and Video,Adventure Works,22.77,2.0,0.0624,5.0,5.0,32.94,32.19,65.13,High
125,"Adventure Works 19"" Color Digital TV E35 Silver",TV and Video,Adventure Works,18.29,2.0,0.0501,5.0,5.0,26.46,18.28,44.74,Medium
126,"Adventure Works 19"" Color Digital TV E35 Black",TV and Video,Adventure Works,25.69,3.0,0.0704,6.0,6.0,24.77,27.42,52.19,High
127,"Adventure Works 19"" Color Digital TV E35 White",TV and Video,Adventure Works,20.82,3.0,0.057,5.0,5.0,20.08,27.42,47.5,Medium
128,"Adventure Works 19"" Color Digital TV E35 Brown",TV and Video,Adventure Works,27.05,3.0,0.0741,6.0,6.0,26.09,27.42,53.51,High
129,"Adventure Works 20"" Analog CRT TV E45 Silver",TV and Video,Adventure Works,18.49,2.0,0.0507,6.0,6.0,26.75,25.49,52.24,High
130,"Adventure Works 20"" Analog CRT TV E45 Black",TV and Video,Adventure Works,12.45,2.0,0.0341,4.0,4.0,18.01,25.49,43.5,Medium
131,"Adventure Works 20"" Analog CRT TV E45 White",TV and Video,Adventure Works,18.49,2.0,0.0507,4.0,4.0,26.75,25.49,52.24,High
132,"Adventure Works 20"" Analog CRT TV E45 Brown",TV and Video,Adventure Works,17.71,2.0,0.0485,5.0,5.0,25.62,25.49,51.11,High
133,"Adventure Works 20"" LCD HDTV M120 Silver",TV and Video,Adventure Works,22.38,2.0,0.0613,6.0,6.0,32.37,40.23,72.6,High
134,"Adventure Works 20"" LCD HDTV M120 Black",TV and Video,Adventure Works,20.24,2.0,0.0555,5.0,5.0,29.28,40.23,69.51,High
135,"Adventure Works 20"" LCD HDTV M120 White",TV and Video,Adventure Works,25.3,2.0,0.0693,5.0,5.0,36.6,40.23,76.83,High
136,"Adventure Works 20"" LCD HDTV M120 Brown",TV and Video,Adventure Works,16.15,2.0,0.0442,3.0,3.0,23.36,40.23,63.59,High
137,"Adventure Works 32"" LCD HDTV M130 Silver",TV and Video,Adventure Works,21.6,1.0,0.0592,4.0,4.0,62.49,28.74,91.23,High
138,"Adventure Works 32"" LCD HDTV M130 Black",TV and Video,Adventure Works,30.75,2.0,0.0842,6.0,6.0,44.48,57.48,101.96,Critical
139,"Adventure Works 32"" LCD HDTV M130 White",TV and Video,Adventure Works,17.12,1.0,0.0469,6.0,6.0,49.53,28.74,78.27,High
140,"Adventure Works 32"" LCD HDTV M130 Brown",TV and Video,Adventure Works,23.55,2.0,0.0645,4.0,4.0,34.06,57.48,91.54,High
141,"Adventure Works 15.6"" LCD TV M130W Silver",TV and Video,Adventure Works,20.43,2.0,0.056,5.0,5.0,29.55,38.24,67.79,High
142,"Adventure Works 15.6"" LCD TV M130W Black",TV and Video,Adventure Works,25.49,2.0,0.0698,6.0,6.0,36.87,38.24,75.11,High
143,"Adventure Works 15.6"" LCD TV M130W White",TV and Video,Adventure Works,28.99,2.0,0.0794,5.0,5.0,41.93,38.24,80.17,High
144,"Adventure Works 15.6"" LCD TV M130W Brown",TV and Video,Adventure Works,21.79,2.0,0.0597,4.0,4.0,31.52,38.24,69.76,High
145,"Adventure Works 52"" LCD HDTV X590 Silver",TV and Video,Adventure Works,23.74,1.0,0.065,6.0,6.0,68.68,120.1,188.78,Critical
146,"Adventure Works 52"" LCD HDTV X590 Black",TV and Video,Adventure Works,25.1,1.0,0.0688,5.0,5.0,72.61,120.1,192.71,Critical
147,"Adventure Works 52"" LCD HDTV X590 White",TV and Video,Adventure Works,26.46,1.0,0.0725,5.0,5.0,76.55,120.1,196.65,Critical
148,"Adventure Works 52"" LCD HDTV X590 Brown",TV and Video,Adventure Works,20.82,1.0,0.057,5.0,5.0,60.23,120.1,180.33,Critical
149,"Adventure Works 40"" LCD HDTV M690 Silver",TV and Video,Adventure Works,17.9,1.0,0.049,5.0,5.0,51.78,49.08,100.86,Critical
150,"Adventure Works 40"" LCD HDTV M690 Black",TV and Video,Adventure Works,18.88,1.0,0.0517,4.0,4.0,54.62,49.08,103.7,Critical
151,"Adventure Works 40"" LCD HDTV M690 White",TV and Video,Adventure Works,16.35,1.0,0.0448,5.0,5.0,47.3,49.08,96.38,High
152,"Adventure Works 40"" LCD HDTV M690 Brown",TV and Video,Adventure Works,20.63,1.0,0.0565,4.0,4.0,59.68,49.08,108.76,Critical
153,"Adventure Works 26"" 720p LCD HDTV M140 Silver",TV and Video,Adventure Works,19.07,1.0,0.0522,4.0,4.0,55.17,27.02,82.19,High
154,"Adventure Works 26"" 720p LCD HDTV M140 Black",TV and Video,Adventure Works,26.08,2.0,0.0715,5.0,5.0,37.72,54.03,91.75,High
155,"Adventure Works 26"" 720p LCD HDTV M140 White",TV and Video,Adventure Works,16.35,1.0,0.0448,5.0,5.0,47.3,27.02,74.32,High
156,"Adventure Works 26"" 720p LCD HDTV M140 Brown",TV and Video,Adventure Works,22.18,2.0,0.0608,5.0,5.0,32.08,54.03,86.11,High
157,"Adventure Works 37"" 1080p LCD HDTV M150W Silver",TV and Video,Adventure Works,28.61,1.0,0.0784,4.0,4.0,82.77,63.23,146.0,Critical
158,"Adventure Works 37"" 1080p LCD HDTV M150W Black",TV and Video,Adventure Works,22.96,1.0,0.0629,5.0,5.0,66.42,63.23,129.65,Critical
159,"Adventure Works 37"" 1080p LCD HDTV M150W White",TV and Video,Adventure Works,29.58,1.0,0.081,5.0,5.0,85.57,63.23,148.8,Critical
160,"Adventure Works 37"" 1080p LCD HDTV M150W Brown",TV and Video,Adventure Works,20.63,1.0,0.0565,4.0,4.0,59.68,63.23,122.91,Critical
161,"Adventure Works 52"" LCD HDTV X790W Silver",TV and Video,Adventure Works,19.85,1.0,0.0544,5.0,5.0,57.43,65.94,123.37,Critical
162,"Adventure Works 52"" LCD HDTV X790W Black",TV and Video,Adventure Works,15.37,1.0,0.0421,4.0,4.0,44.47,65.94,110.41,Critical
163,"Adventure Works 52"" LCD HDTV X790W White",TV and Video,Adventure Works,23.16,1.0,0.0635,5.0,5.0,67.0,65.94,132.94,Critical
164,"Adventure Works 52"" LCD HDTV X790W Brown",TV and Video,Adventure Works,24.32,1.0,0.0666,5.0,5.0,70.36,65.94,136.3,Critical
165,"Adventure Works 42"" LCD HDTV M55 Black",TV and Video,Adventure Works,26.08,1.0,0.0715,5.0,5.0,75.45,48.66,124.11,Critical
166,SV 16xDVD M300 Black,TV and Video,Southridge Video,23.35,3.0,0.064,5.0,5.0,22.52,20.52,43.04,Medium
167,SV 8xDVD E100 Black,TV and Video,Southridge Video,17.12,3.0,0.0469,4.0,4.0,16.51,13.19,29.7,Medium
168,SV 16xDVD M310 Black,TV and Video,Southridge Video,17.71,3.0,0.0485,6.0,6.0,17.08,22.24,39.32,Medium
169,SV 16xDVD M320 Black,TV and Video,Southridge Video,21.99,3.0,0.0602,4.0,4.0,21.21,20.52,41.73,Medium
170,SV 16xDVD M330 Black,TV and Video,Southridge Video,15.96,3.0,0.0437,5.0,5.0,15.39,18.8,34.19,Medium
171,SV 16xDVD E340 Black,TV and Video,Southridge Video,15.18,3.0,0.0416,4.0,4.0,14.64,17.07,31.71,Medium
172,SV 22xDVD X680 Black,TV and Video,Southridge Video,21.41,3.0,0.0587,5.0,5.0,20.65,21.0,41.65,Medium
173,SV 8xDVD E120 Black,TV and Video,Southridge Video,18.1,3.0,0.0496,3.0,3.0,17.45,17.19,34.64,Medium
174,SV 22xDVD M600 Black,TV and Video,Southridge Video,17.51,3.0,0.048,5.0,5.0,16.89,16.14,33.03,Medium
175,SV 16xDVD M350 Black,TV and Video,Southridge Video,25.1,3.0,0.0688,6.0,6.0,24.2,20.16,44.36,Medium
176,SV 16xDVD M360 Black,TV and Video,Southridge Video,24.32,3.0,0.0666,5.0,5.0,23.45,21.88,45.33,Medium
177,SV 8xDVD E130 Black,TV and Video,Southridge Video,20.43,4.0,0.056,5.0,5.0,14.78,14.5,29.28,Medium
178,SV 8xDVD E140 Black,TV and Video,Southridge Video,13.82,3.0,0.0379,4.0,4.0,13.33,12.62,25.95,Medium
179,SV 16xDVD M300 Silver,TV and Video,Southridge Video,20.63,3.0,0.0565,4.0,4.0,19.89,20.52,40.41,Medium
180,SV 8xDVD E100 Silver,TV and Video,Southridge Video,24.91,4.0,0.0682,5.0,5.0,18.02,17.59,35.61,Medium
181,SV 16xDVD M310 Silver,TV and Video,Southridge Video,29.38,3.0,0.0805,5.0,5.0,28.33,22.24,50.57,High
182,SV 16xDVD M320 Silver,TV and Video,Southridge Video,29.58,4.0,0.081,5.0,5.0,21.39,27.36,48.75,Medium
183,SV 16xDVD M330 Silver,TV and Video,Southridge Video,23.55,3.0,0.0645,5.0,5.0,22.71,18.8,41.51,Medium
184,SV 16xDVD E340 Silver,TV and Video,Southridge Video,26.46,4.0,0.0725,5.0,5.0,19.14,22.76,41.9,Medium
185,SV 22xDVD X680 Silver,TV and Video,Southridge Video,18.29,3.0,0.0501,3.0,3.0,17.64,21.0,38.64,Medium
186,SV 8xDVD E120 Silver,TV and Video,Southridge Video,23.35,3.0,0.064,6.0,6.0,22.52,17.19,39.71,Medium
187,SV 22xDVD M600 Silver,TV and Video,Southridge Video,26.46,4.0,0.0725,5.0,5.0,19.14,21.52,40.66,Medium
188,SV 16xDVD M350 Silver,TV and Video,Southridge Video,23.74,3.0,0.065,6.0,6.0,22.89,20.16,43.05,Medium
189,SV 16xDVD M360 Silver,TV and Video,Southridge Video,24.32,3.0,0.0666,5.0,5.0,23.45,21.88,45.33,Medium
190,SV 8xDVD E130 Silver,TV and Video,Southridge Video,20.04,4.0,0.0549,4.0,4.0,14.49,14.5,28.99,Medium
191,SV 8xDVD E140 Silver,TV and Video,Southridge Video,16.35,3.0,0.0448,3.0,3.0,15.77,12.62,28.39,Medium
192,Litware Home Theater System 4.1 Channel M410 Black,TV and Video,Litware,5.25,1.0,0.0144,5.0,5.0,15.19,34.43,49.62,Medium
193,Litware Home Theater System 5.1 Channel M511 Black,TV and Video,Litware,0.39,1.0,0.0011,0.0,0.0,1.13,40.18,41.31,Medium
194,Litware Home Theater System 2.1 Channel E210 Black,TV and Video,Litware,2.53,1.0,0.0069,5.0,5.0,7.32,19.06,26.38,Medium
195,Litware Home Theater System 5.1 Channel M510 Black,TV and Video,Litware,0.97,1.0,0.0027,2.0,2.0,2.81,36.73,39.54,Medium
196,Litware Home Theater System 2.1 Channel E211 Black,TV and Video,Litware,4.67,1.0,0.0128,6.0,6.0,13.51,17.2,30.71,Medium
197,Litware Home Theater System 2.1 Channel E212 Black,TV and Video,Litware,0.58,1.0,0.0016,2.0,2.0,1.68,19.11,20.79,Medium
198,Litware Home Theater System 4.1 Channel M411 Black,TV and Video,Litware,1.75,1.0,0.0048,4.0,4.0,5.06,34.43,39.49,Medium
199,Litware Home Theater System 4.1 Channel M412 Black,TV and Video,Litware,0.97,1.0,0.0027,2.0,2.0,2.81,32.71,35.52,Medium
200,Litware Home Theater System 4.1 Channel M413 Black,TV and Video,Litware,2.14,1.0,0.0059,10.0,10.0,6.19,31.56,37.75,Medium
201,Litware Home Theater System 5.1 Channel M512 Black,TV and Video,Litware,5.25,1.0,0.0144,4.0,4.0,15.19,40.18,55.37,High
202,Litware Home Theater System 5.1 Channel M513 Black,TV and Video,Litware,3.5,1.0,0.0096,4.0,4.0,10.13,39.61,49.74,Medium
203,Litware Home Theater System 7.1 Channel M710 Black,TV and Video,Litware,2.53,1.0,0.0069,11.0,11.0,7.32,33.09,40.41,Medium
204,Litware Home Theater System 7.1 Channel X711 Black,TV and Video,Litware,1.95,1.0,0.0053,1.0,1.0,5.64,45.93,51.57,High
205,Litware Home Theater System 5.1 Channel M514 Black,TV and Video,Litware,0.78,1.0,0.0021,3.0,3.0,2.26,34.43,36.69,Medium
206,Litware Home Theater System 5.1 Channel M515 Black,TV and Video,Litware,3.31,1.0,0.0091,5.0,5.0,9.58,32.71,42.29,Medium
207,Litware Home Theater System 5.1 Channel M516 Black,TV and Video,Litware,7.01,1.0,0.0192,5.0,5.0,20.28,33.28,53.56,High
208,Litware Home Theater System 4.1 Channel M410 Silver,TV and Video,Litware,2.53,1.0,0.0069,7.0,7.0,7.32,34.43,41.75,Medium
209,Litware Home Theater System 5.1 Channel M511 Silver,TV and Video,Litware,2.53,1.0,0.0069,2.0,2.0,7.32,40.18,47.5,Medium
210,Litware Home Theater System 2.1 Channel E210 Silver,TV and Video,Litware,1.56,1.0,0.0043,6.0,6.0,4.51,19.06,23.57,Medium
211,Litware Home Theater System 5.1 Channel M510 Silver,TV and Video,Litware,4.09,1.0,0.0112,7.0,7.0,11.83,36.73,48.56,Medium
212,Litware Home Theater System 2.1 Channel E211 Silver,TV and Video,Litware,3.11,1.0,0.0085,2.0,2.0,9.0,17.2,26.2,Medium
213,Litware Home Theater System 2.1 Channel E212 Silver,TV and Video,Litware,0.78,1.0,0.0021,3.0,3.0,2.26,19.11,21.37,Medium
214,Litware Home Theater System 4.1 Channel M411 Silver,TV and Video,Litware,1.36,1.0,0.0037,3.0,3.0,3.93,34.43,38.36,Medium
215,Litware Home Theater System 4.1 Channel M412 Silver,TV and Video,Litware,3.11,1.0,0.0085,2.0,2.0,9.0,32.71,41.71,Medium
216,Litware Home Theater System 4.1 Channel M413 Silver,TV and Video,Litware,1.17,1.0,0.0032,0.0,0.0,3.38,31.56,34.94,Medium
217,Litware Home Theater System 5.1 Channel M512 Silver,TV and Video,Litware,3.89,1.0,0.0107,6.0,6.0,11.25,40.18,51.43,High
218,Litware Home Theater System 5.1 Channel M513 Silver,TV and Video,Litware,2.92,1.0,0.008,6.0,6.0,8.45,39.61,48.06,Medium
219,Litware Home Theater System 7.1 Channel M710 Silver,TV and Video,Litware,5.25,1.0,0.0144,5.0,5.0,15.19,33.09,48.28,Medium
220,Litware Home Theater System 7.1 Channel X711 Silver,TV and Video,Litware,3.5,1.0,0.0096,4.0,4.0,10.13,45.93,56.06,High
221,Litware Home Theater System 5.1 Channel M514 Silver,TV and Video,Litware,0.58,1.0,0.0016,2.0,2.0,1.68,34.43,36.11,Medium
222,Litware Home Theater System 5.1 Channel M515 Silver,TV and Video,Litware,3.7,1.0,0.0101,6.0,6.0,10.7,32.71,43.41,Medium
223,Litware Home Theater System 5.1 Channel M516 Silver,TV and Video,Litware,3.7,1.0,0.0101,5.0,5.0,10.7,33.28,43.98,Medium
224,Litware Home Theater System 4.1 Channel M410 Brown,TV and Video,Litware,0.78,1.0,0.0021,1.0,1.0,2.26,34.43,36.69,Medium
225,Litware Home Theater System 5.1 Channel M511 Brown,TV and Video,Litware,6.42,1.0,0.0176,6.0,6.0,18.57,40.18,58.75,High
226,Litware Home Theater System 2.1 Channel E210 Brown,TV and Video,Litware,2.53,1.0,0.0069,6.0,6.0,7.32,19.06,26.38,Medium
227,Litware Home Theater System 5.1 Channel M510 Brown,TV and Video,Litware,2.14,1.0,0.0059,2.0,2.0,6.19,36.73,42.92,Medium
228,Litware Home Theater System 2.1 Channel E211 Brown,TV and Video,Litware,0.58,1.0,0.0016,2.0,2.0,1.68,17.2,18.88,Low
229,Litware Home Theater System 2.1 Channel E212 Brown,TV and Video,Litware,1.36,1.0,0.0037,1.0,1.0,3.93,19.11,23.04,Medium
230,Litware Home Theater System 4.1 Channel M411 Brown,TV and Video,Litware,1.75,1.0,0.0048,2.0,2.0,5.06,34.43,39.49,Medium
231,Litware Home Theater System 4.1 Channel M412 Brown,TV and Video,Litware,3.5,1.0,0.0096,5.0,5.0,10.13,32.71,42.84,Medium
232,Litware Home Theater System 4.1 Channel M413 Brown,TV and Video,Litware,2.14,1.0,0.0059,1.0,1.0,6.19,31.56,37.75,Medium
233,Litware Home Theater System 5.1 Channel M512 Brown,TV and Video,Litware,2.72,1.0,0.0075,6.0,6.0,7.87,40.18,48.05,Medium
234,Litware Home Theater System 5.1 Channel M513 Brown,TV and Video,Litware,0.78,1.0,0.0021,1.0,1.0,2.26,39.61,41.87,Medium
235,Litware Home Theater System 7.1 Channel M710 Brown,TV and Video,Litware,0.39,1.0,0.0011,0.0,0.0,1.13,33.09,34.22,Medium
236,Litware Home Theater System 7.1 Channel X711 Brown,TV and Video,Litware,2.92,1.0,0.008,3.0,3.0,8.45,45.93,54.38,High
237,Litware Home Theater System 5.1 Channel M514 Brown,TV and Video,Litware,3.5,1.0,0.0096,8.0,8.0,10.13,34.43,44.56,Medium
238,Litware Home Theater System 5.1 Channel M515 Brown,TV and Video,Litware,2.14,1.0,0.0059,3.0,3.0,6.19,32.71,38.9,Medium
239,Litware Home Theater System 5.1 Channel M516 Brown,TV and Video,Litware,2.14,1.0,0.0059,5.0,5.0,6.19,33.28,39.47,Medium
240,Contoso Home Theater System 2.1 Channel E1200 Black,TV and Video,Contoso,0.58,1.0,0.0016,2.0,2.0,1.68,19.06,20.74,Medium
241,Contoso Home Theater System 2.1 Channel M1210 Black,TV and Video,Contoso,2.92,1.0,0.008,4.0,4.0,8.45,20.97,29.42,Medium
242,Contoso Home Theater System 7.1 Channel M1700 Black,TV and Video,Contoso,3.89,1.0,0.0107,7.0,7.0,11.25,36.82,48.07,Medium
243,Contoso Home Theater System 4.1 Channel M1400 Black,TV and Video,Contoso,2.53,1.0,0.0069,8.0,8.0,7.32,26.06,33.38,Medium
244,Contoso Home Theater System 5.1 Channel M1500 Black,TV and Video,Contoso,1.75,1.0,0.0048,3.0,3.0,5.06,24.66,29.72,Medium
245,Contoso Home Theater System 5.1 Channel M1510 Black,TV and Video,Contoso,1.75,1.0,0.0048,2.0,2.0,5.06,28.11,33.17,Medium
246,Contoso Home Theater System 4.1 Channel M1410 Black,TV and Video,Contoso,3.5,1.0,0.0096,8.0,8.0,10.13,20.97,31.1,Medium
247,Contoso Home Theater System 5.1 Channel M1520 Black,TV and Video,Contoso,0.58,1.0,0.0016,2.0,2.0,1.68,19.49,21.17,Medium
248,Contoso Home Theater System 5.1 Channel M1530 Black,TV and Video,Contoso,0.39,1.0,0.0011,0.0,0.0,1.13,22.94,24.07,Medium
249,Contoso Home Theater System 2.1 Channel E1220 Black,TV and Video,Contoso,1.56,1.0,0.0043,3.0,3.0,4.51,12.68,17.19,Low
250,Contoso Home Theater System 5.1 Channel M1540 Black,TV and Video,Contoso,2.72,1.0,0.0075,8.0,8.0,7.87,30.41,38.28,Medium
251,Contoso Home Theater System 4.1 Channel M1420 Black,TV and Video,Contoso,4.86,1.0,0.0133,5.0,5.0,14.06,30.59,44.65,Medium
252,Contoso Home Theater System 2.1 Channel M1230 Black,TV and Video,Contoso,3.5,1.0,0.0096,7.0,7.0,10.13,22.94,33.07,Medium
253,Contoso Home Theater System 2.1 Channel E1200 Silver,TV and Video,Contoso,3.5,1.0,0.0096,4.0,4.0,10.13,19.06,29.19,Medium
254,Contoso Home Theater System 2.1 Channel M1210 Silver,TV and Video,Contoso,1.95,1.0,0.0053,6.0,6.0,5.64,20.97,26.61,Medium
255,Contoso Home Theater System 7.1 Channel M1700 Silver,TV and Video,Contoso,6.62,1.0,0.0181,6.0,6.0,19.15,36.82,55.97,High
256,Contoso Home Theater System 4.1 Channel M1400 Silver,TV and Video,Contoso,0.97,1.0,0.0027,0.0,0.0,2.81,26.06,28.87,Medium
257,Contoso Home Theater System 5.1 Channel M1500 Silver,TV and Video,Contoso,4.09,1.0,0.0112,5.0,5.0,11.83,24.66,36.49,Medium
258,Contoso Home Theater System 5.1 Channel M1510 Silver,TV and Video,Contoso,3.11,1.0,0.0085,0.0,0.0,9.0,28.11,37.11,Medium
259,Contoso Home Theater System 4.1 Channel M1410 Silver,TV and Video,Contoso,4.09,1.0,0.0112,6.0,6.0,11.83,20.97,32.8,Medium
260,Contoso Home Theater System 5.1 Channel M1520 Silver,TV and Video,Contoso,2.14,1.0,0.0059,2.0,2.0,6.19,19.49,25.68,Medium
261,Contoso Home Theater System 5.1 Channel M1530 Silver,TV and Video,Contoso,1.75,1.0,0.0048,6.0,6.0,5.06,22.94,28.0,Medium
262,Contoso Home Theater System 2.1 Channel E1220 Silver,TV and Video,Contoso,1.36,1.0,0.0037,1.0,1.0,3.93,12.68,16.61,Low
263,Contoso Home Theater System 5.1 Channel M1540 Silver,TV and Video,Contoso,2.72,1.0,0.0075,3.0,3.0,7.87,30.41,38.28,Medium
264,Contoso Home Theater System 4.1 Channel M1420 Silver,TV and Video,Contoso,3.7,1.0,0.0101,5.0,5.0,10.7,30.59,41.29,Medium
265,Contoso Home Theater System 2.1 Channel M1230 Silver,TV and Video,Contoso,4.09,1.0,0.0112,3.0,3.0,11.83,22.94,34.77,Medium
266,Contoso Home Theater System 2.1 Channel E1200 White,TV and Video,Contoso,1.75,1.0,0.0048,2.0,2.0,5.06,19.06,24.12,Medium
267,Contoso Home Theater System 2.1 Channel M1210 White,TV and Video,Contoso,2.34,1.0,0.0064,4.0,4.0,6.77,20.97,27.74,Medium
268,Contoso Home Theater System 7.1 Channel M1700 White,TV and Video,Contoso,2.72,1.0,0.0075,3.0,3.0,7.87,36.82,44.69,Medium
269,Contoso Home Theater System 4.1 Channel M1400 White,TV and Video,Contoso,0.39,1.0,0.0011,0.0,0.0,1.13,26.06,27.19,Medium
270,Contoso Home Theater System 5.1 Channel M1500 White,TV and Video,Contoso,2.14,1.0,0.0059,2.0,2.0,6.19,24.66,30.85,Medium
271,Contoso Home Theater System 5.1 Channel M1510 White,TV and Video,Contoso,3.7,1.0,0.0101,5.0,5.0,10.7,28.11,38.81,Medium
272,Contoso Home Theater System 4.1 Channel M1410 White,TV and Video,Contoso,3.89,1.0,0.0107,7.0,7.0,11.25,20.97,32.22,Medium
273,Contoso Home Theater System 5.1 Channel M1520 White,TV and Video,Contoso,5.06,1.0,0.0139,7.0,7.0,14.64,19.49,34.13,Medium
275,Contoso Home Theater System 2.1 Channel E1220 White,TV and Video,Contoso,0.58,1.0,0.0016,2.0,2.0,1.68,12.68,14.36,Low
276,Contoso Home Theater System 5.1 Channel M1540 White,TV and Video,Contoso,3.11,1.0,0.0085,9.0,9.0,9.0,30.41,39.41,Medium
277,Contoso Home Theater System 4.1 Channel M1420 White,TV and Video,Contoso,3.7,1.0,0.0101,4.0,4.0,10.7,30.59,41.29,Medium
278,Contoso Home Theater System 2.1 Channel M1230 White,TV and Video,Contoso,5.84,1.0,0.016,5.0,5.0,16.9,22.94,39.84,Medium
279,Contoso Home Theater System 2.1 Channel E1200 Brown,TV and Video,Contoso,1.17,1.0,0.0032,2.0,2.0,3.38,19.06,22.44,Medium
280,Contoso Home Theater System 2.1 Channel M1210 Brown,TV and Video,Contoso,3.31,1.0,0.0091,9.0,9.0,9.58,20.97,30.55,Medium
281,Contoso Home Theater System 7.1 Channel M1700 Brown,TV and Video,Contoso,0.97,1.0,0.0027,2.0,2.0,2.81,36.82,39.63,Medium
282,Contoso Home Theater System 4.1 Channel M1400 Brown,TV and Video,Contoso,1.36,1.0,0.0037,2.0,2.0,3.93,26.06,29.99,Medium
283,Contoso Home Theater System 5.1 Channel M1500 Brown,TV and Video,Contoso,3.31,1.0,0.0091,2.0,2.0,9.58,24.66,34.24,Medium
284,Contoso Home Theater System 5.1 Channel M1510 Brown,TV and Video,Contoso,2.72,1.0,0.0075,4.0,4.0,7.87,28.11,35.98,Medium
285,Contoso Home Theater System 4.1 Channel M1410 Brown,TV and Video,Contoso,4.48,1.0,0.0123,3.0,3.0,12.96,20.97,33.93,Medium
286,Contoso Home Theater System 5.1 Channel M1520 Brown,TV and Video,Contoso,2.14,1.0,0.0059,2.0,2.0,6.19,19.49,25.68,Medium
287,Contoso Home Theater System 5.1 Channel M1530 Brown,TV and Video,Contoso,4.67,1.0,0.0128,4.0,4.0,13.51,22.94,36.45,Medium
288,Contoso Home Theater System 2.1 Channel E1220 Brown,TV and Video,Contoso,1.36,1.0,0.0037,5.0,5.0,3.93,12.68,16.61,Low
289,Contoso Home Theater System 5.1 Channel M1540 Brown,TV and Video,Contoso,1.56,1.0,0.0043,6.0,6.0,4.51,30.41,34.92,Medium
290,Contoso Home Theater System 4.1 Channel M1420 Brown,TV and Video,Contoso,3.7,1.0,0.0101,5.0,5.0,10.7,30.59,41.29,Medium
291,Contoso Home Theater System 2.1 Channel M1230 Brown,TV and Video,Contoso,7.78,1.0,0.0213,7.0,7.0,22.51,22.94,45.45,Medium
292,SV Car Video LCD7W M7080 Black,TV and Video,Southridge Video,5.25,1.0,0.0144,3.0,3.0,15.19,28.74,43.93,Medium
293,SV Car Video LCD7W M7081 Black,TV and Video,Southridge Video,7.78,1.0,0.0213,5.0,5.0,22.51,28.68,51.19,High
294,SV Car Video TFT7 M7000 Black,TV and Video,Southridge Video,5.84,1.0,0.016,5.0,5.0,16.9,19.06,35.96,Medium
295,SV Car Video TFT6.2W E6280 Black,TV and Video,Southridge Video,2.92,1.0,0.008,6.0,6.0,8.45,17.78,26.23,Medium
296,SV Car Video TFT6.2W E6281 Black,TV and Video,Southridge Video,6.23,1.0,0.0171,4.0,4.0,18.02,16.51,34.53,Medium
297,SV Car Video TFT6.2W E6282 Black,TV and Video,Southridge Video,4.28,1.0,0.0117,2.0,2.0,12.38,17.14,29.52,Medium
298,SV Car Video TFT7 M7001 Black,TV and Video,Southridge Video,2.92,1.0,0.008,3.0,3.0,8.45,19.69,28.14,Medium
299,SV Car Video AM/FM E1000 Black,TV and Video,Southridge Video,8.17,1.0,0.0224,5.0,5.0,23.64,12.68,36.32,Medium
300,SV Car Video AM/FM E1001 Black,TV and Video,Southridge Video,7.2,1.0,0.0197,4.0,4.0,20.83,13.96,34.79,Medium
301,SV Car Video TFT7 M7002 Black,TV and Video,Southridge Video,5.06,1.0,0.0139,4.0,4.0,14.64,20.33,34.97,Medium
302,SV Car Video LCD9.2W X9280 Black,TV and Video,Southridge Video,8.56,1.0,0.0235,8.0,8.0,24.76,41.37,66.13,High
303,SV Car Video LCD9.2W X9281 Black,TV and Video,Southridge Video,3.89,1.0,0.0107,4.0,4.0,11.25,35.99,47.24,Medium
304,SV Car Video LCD7W M7082 Black,TV and Video,Southridge Video,4.09,1.0,0.0112,5.0,5.0,11.83,40.18,52.01,High
305,SV Car Video LCD7 M7001 Black,TV and Video,Southridge Video,7.39,1.0,0.0202,3.0,3.0,21.38,18.91,40.29,Medium
306,SV Car Video LCD7 M7002 Black,TV and Video,Southridge Video,1.95,1.0,0.0053,0.0,0.0,5.64,21.21,26.85,Medium
307,SV Car Video LCD7 M7003 Black,TV and Video,Southridge Video,6.81,1.0,0.0187,4.0,4.0,19.7,21.21,40.91,Medium
308,SV Car Video LCD7W M7080 Silver,TV and Video,Southridge Video,3.11,1.0,0.0085,4.0,4.0,9.0,28.74,37.74,Medium
309,SV Car Video LCD7W M7081 Silver,TV and Video,Southridge Video,8.76,1.0,0.024,6.0,6.0,25.34,28.68,54.02,High
310,SV Car Video TFT7 M7000 Silver,TV and Video,Southridge Video,2.72,1.0,0.0075,6.0,6.0,7.87,19.06,26.93,Medium
311,SV Car Video TFT6.2W E6280 Silver,TV and Video,Southridge Video,3.11,1.0,0.0085,1.0,1.0,9.0,17.78,26.78,Medium
312,SV Car Video TFT6.2W E6281 Silver,TV and Video,Southridge Video,2.72,1.0,0.0075,4.0,4.0,7.87,16.51,24.38,Medium
313,SV Car Video TFT6.2W E6282 Silver,TV and Video,Southridge Video,9.34,1.0,0.0256,5.0,5.0,27.02,17.14,44.16,Medium
314,SV Car Video TFT7 M7001 Silver,TV and Video,Southridge Video,3.89,1.0,0.0107,6.0,6.0,11.25,19.69,30.94,Medium
315,SV Car Video AM/FM E1000 Silver,TV and Video,Southridge Video,3.31,1.0,0.0091,2.0,2.0,9.58,12.68,22.26,Medium
316,SV Car Video AM/FM E1001 Silver,TV and Video,Southridge Video,3.31,1.0,0.0091,4.0,4.0,9.58,13.96,23.54,Medium
317,SV Car Video TFT7 M7002 Silver,TV and Video,Southridge Video,7.2,1.0,0.0197,7.0,7.0,20.83,20.33,41.16,Medium
318,SV Car Video LCD9.2W X9280 Silver,TV and Video,Southridge Video,6.03,1.0,0.0165,6.0,6.0,17.44,41.37,58.81,High
319,SV Car Video LCD9.2W X9281 Silver,TV and Video,Southridge Video,5.06,1.0,0.0139,2.0,2.0,14.64,35.99,50.63,High
320,SV Car Video LCD7W M7082 Silver,TV and Video,Southridge Video,3.89,1.0,0.0107,5.0,5.0,11.25,40.18,51.43,High
321,SV Car Video LCD7 M7001 Silver,TV and Video,Southridge Video,1.56,1.0,0.0043,1.0,1.0,4.51,18.91,23.42,Medium
322,SV Car Video LCD7 M7002 Silver,TV and Video,Southridge Video,7.59,1.0,0.0208,5.0,5.0,21.96,21.21,43.17,Medium
323,SV Car Video LCD7 M7003 Silver,TV and Video,Southridge Video,4.28,1.0,0.0117,6.0,6.0,12.38,21.21,33.59,Medium
324,SV Car Video LCD7W M7080 Brown,TV and Video,Southridge Video,3.5,1.0,0.0096,5.0,5.0,10.13,28.74,38.87,Medium
325,SV Car Video LCD7W M7081 Brown,TV and Video,Southridge Video,6.03,1.0,0.0165,5.0,5.0,17.44,28.68,46.12,Medium
326,SV Car Video TFT7 M7000 Brown,TV and Video,Southridge Video,8.37,1.0,0.0229,6.0,6.0,24.21,19.06,43.27,Medium
327,SV Car Video TFT6.2W E6280 Brown,TV and Video,Southridge Video,8.17,1.0,0.0224,4.0,4.0,23.64,17.78,41.42,Medium
328,SV Car Video TFT6.2W E6281 Brown,TV and Video,Southridge Video,3.31,1.0,0.0091,4.0,4.0,9.58,16.51,26.09,Medium
329,SV Car Video TFT6.2W E6282 Brown,TV and Video,Southridge Video,9.73,1.0,0.0267,7.0,7.0,28.15,17.14,45.29,Medium
330,SV Car Video TFT7 M7001 Brown,TV and Video,Southridge Video,9.92,1.0,0.0272,6.0,6.0,28.7,19.69,48.39,Medium
331,SV Car Video AM/FM E1000 Brown,TV and Video,Southridge Video,10.12,2.0,0.0277,5.0,5.0,14.64,25.36,40.0,Medium
332,SV Car Video AM/FM E1001 Brown,TV and Video,Southridge Video,6.81,1.0,0.0187,4.0,4.0,19.7,13.96,33.66,Medium
333,SV Car Video TFT7 M7002 Brown,TV and Video,Southridge Video,4.86,1.0,0.0133,5.0,5.0,14.06,20.33,34.39,Medium
334,SV Car Video LCD9.2W X9280 Brown,TV and Video,Southridge Video,8.76,1.0,0.024,5.0,5.0,25.34,41.37,66.71,High
335,SV Car Video LCD9.2W X9281 Brown,TV and Video,Southridge Video,5.64,1.0,0.0155,4.0,4.0,16.32,35.99,52.31,High
336,SV Car Video LCD7W M7082 Brown,TV and Video,Southridge Video,7.2,1.0,0.0197,3.0,3.0,20.83,40.18,61.01,High
337,SV Car Video LCD7 M7001 Brown,TV and Video,Southridge Video,8.56,1.0,0.0235,5.0,5.0,24.76,18.91,43.67,Medium
338,Fabrikam Laptop19W M9800 Black,Computers,Fabrikam,11.48,1.0,0.0315,3.0,3.0,33.21,49.66,82.87,High
339,Fabrikam Laptop17W M7080 Black,Computers,Fabrikam,6.42,1.0,0.0176,4.0,4.0,18.57,50.58,69.15,High
340,Fabrikam Laptop17 M7000 Black,Computers,Fabrikam,13.82,1.0,0.0379,4.0,4.0,39.98,47.08,87.06,High
341,Fabrikam Laptop16W M6080 Black,Computers,Fabrikam,8.76,1.0,0.024,3.0,3.0,25.34,55.59,80.93,High
342,Fabrikam Laptop16 M6000 Black,Computers,Fabrikam,16.35,1.0,0.0448,5.0,5.0,47.3,34.43,81.73,High
343,Fabrikam Laptop19 M9000 Black,Computers,Fabrikam,9.73,1.0,0.0267,5.0,5.0,28.15,45.52,73.67,High
344,Fabrikam Laptop12 M2000 White,Computers,Fabrikam,7.98,1.0,0.0219,3.0,3.0,23.09,23.32,46.41,Medium
345,Fabrikam Laptop15 M5000 White,Computers,Fabrikam,12.06,1.0,0.033,6.0,6.0,34.89,40.18,75.07,High
346,Fabrikam Laptop15.4 M5400 White,Computers,Fabrikam,14.4,1.0,0.0395,5.0,5.0,41.66,37.88,79.54,High
347,Fabrikam Laptop14.1 M4100 White,Computers,Fabrikam,18.49,1.0,0.0507,4.0,4.0,53.49,33.68,87.17,High
348,Fabrikam Laptop15.4W M5480 White,Computers,Fabrikam,11.29,1.0,0.0309,6.0,6.0,32.66,43.57,76.23,High
349,Fabrikam Laptop10.1 M0100 White,Computers,Fabrikam,11.68,1.0,0.032,5.0,5.0,33.79,24.41,58.2,High
350,Fabrikam Laptop12W M2080 Silver,Computers,Fabrikam,10.9,1.0,0.0299,6.0,6.0,31.53,25.43,56.96,High
351,Fabrikam Laptop8.9W E0880 Silver,Computers,Fabrikam,8.76,1.0,0.024,5.0,5.0,25.34,21.41,46.75,Medium
352,Fabrikam Laptop8.9 E0800 Silver,Computers,Fabrikam,13.04,1.0,0.0357,4.0,4.0,37.72,20.39,58.11,High
353,Fabrikam Laptop10.1 M0101 Silver,Computers,Fabrikam,19.65,2.0,0.0538,5.0,5.0,28.42,49.06,77.48,High
354,Fabrikam Laptop12 M2001 Silver,Computers,Fabrikam,11.09,1.0,0.0304,4.0,4.0,32.08,24.4,56.48,High
355,Fabrikam Laptop8.9 M0801 Silver,Computers,Fabrikam,12.06,1.0,0.033,2.0,2.0,34.89,23.16,58.05,High
356,Fabrikam Laptop14.1W M4180 Red,Computers,Fabrikam,11.48,1.0,0.0315,4.0,4.0,33.21,26.26,59.47,High
357,Fabrikam Laptop14.1 E4101 Red,Computers,Fabrikam,9.92,1.0,0.0272,5.0,5.0,28.7,21.03,49.73,Medium
358,Fabrikam Laptop8.9 E8002 Red,Computers,Fabrikam,17.32,2.0,0.0475,5.0,5.0,25.05,41.55,66.6,High
359,Fabrikam Laptop12 M2002 Red,Computers,Fabrikam,21.41,2.0,0.0587,5.0,5.0,30.97,46.9,77.87,High
360,Fabrikam Laptop13.3 M3000 Red,Computers,Fabrikam,14.59,1.0,0.04,5.0,5.0,42.21,24.22,66.43,High
361,Fabrikam Laptop13.3W M3080 Red,Computers,Fabrikam,13.62,1.0,0.0373,5.0,5.0,39.4,24.79,64.19,High
362,Adventure Works Laptop19 X1900 Black,Computers,Adventure Works,12.45,1.0,0.0341,4.0,4.0,36.02,53.8,89.82,High
363,Adventure Works Laptop15 M1500 Black,Computers,Adventure Works,10.7,1.0,0.0293,4.0,4.0,30.96,40.18,71.14,High
364,Adventure Works Laptop12 M1200 Black,Computers,Adventure Works,10.12,1.0,0.0277,6.0,6.0,29.28,24.4,53.68,High
365,Adventure Works Laptop16 M1600 Black,Computers,Adventure Works,14.01,1.0,0.0384,6.0,6.0,40.53,34.43,74.96,High
366,Adventure Works Laptop15.4W M1548 Black,Computers,Adventure Works,16.15,1.0,0.0442,5.0,5.0,46.72,43.57,90.29,High
367,Adventure Works Laptop8.9 E0890 Black,Computers,Adventure Works,16.54,2.0,0.0453,4.0,4.0,23.93,41.55,65.48,High
368,Adventure Works Laptop19W X1980 White,Computers,Adventure Works,14.98,1.0,0.041,5.0,5.0,43.34,53.8,97.14,High
369,Adventure Works Laptop15 M1501 White,Computers,Adventure Works,12.65,1.0,0.0347,6.0,6.0,36.6,40.18,76.78,High
370,Adventure Works Laptop12 M1201 White,Computers,Adventure Works,12.45,1.0,0.0341,5.0,5.0,36.02,24.4,60.42,High
371,Adventure Works Laptop16 M1601 White,Computers,Adventure Works,17.9,1.0,0.049,5.0,5.0,51.78,34.43,86.21,High
372,Adventure Works Laptop15.4W M1548 White,Computers,Adventure Works,5.64,1.0,0.0155,4.0,4.0,16.32,43.57,59.89,High
373,Adventure Works Laptop8.9 E0890 White,Computers,Adventure Works,15.96,1.0,0.0437,4.0,4.0,46.17,20.78,66.95,High
374,Adventure Works Laptop19W X1980 Silver,Computers,Adventure Works,12.45,1.0,0.0341,5.0,5.0,36.02,53.8,89.82,High
375,Adventure Works Laptop15 M1501 Silver,Computers,Adventure Works,13.62,1.0,0.0373,5.0,5.0,39.4,40.18,79.58,High
376,Adventure Works Laptop12 M1201 Silver,Computers,Adventure Works,11.48,1.0,0.0315,5.0,5.0,33.21,24.4,57.61,High
377,Adventure Works Laptop16 M1601 Silver,Computers,Adventure Works,12.65,1.0,0.0347,4.0,4.0,36.6,34.43,71.03,High
378,Adventure Works Laptop15.4W M1548 Silver,Computers,Adventure Works,6.03,1.0,0.0165,3.0,3.0,17.44,43.57,61.01,High
379,Adventure Works Laptop8.9 E0890 Silver,Computers,Adventure Works,13.82,1.0,0.0379,6.0,6.0,39.98,20.78,60.76,High
380,Adventure Works Laptop19W X1980 Red,Computers,Adventure Works,12.26,1.0,0.0336,6.0,6.0,35.47,53.8,89.27,High
381,Adventure Works Laptop15 M1501 Red,Computers,Adventure Works,11.68,1.0,0.032,3.0,3.0,33.79,40.18,73.97,High
382,Adventure Works Laptop12 M1201 Red,Computers,Adventure Works,8.95,1.0,0.0245,5.0,5.0,25.89,24.4,50.29,High
383,Adventure Works Laptop16 M1601 Red,Computers,Adventure Works,14.59,1.0,0.04,5.0,5.0,42.21,34.43,76.64,High
384,Adventure Works Laptop15.4W M1548 Red,Computers,Adventure Works,10.12,1.0,0.0277,4.0,4.0,29.28,43.57,72.85,High
385,Adventure Works Laptop8.9 E0890 Red,Computers,Adventure Works,11.09,1.0,0.0304,4.0,4.0,32.08,20.78,52.86,High
386,Adventure Works Laptop19W X1980 Blue,Computers,Adventure Works,10.9,1.0,0.0299,5.0,5.0,31.53,53.8,85.33,High
387,Adventure Works Laptop15 M1501 Blue,Computers,Adventure Works,7.98,1.0,0.0219,4.0,4.0,23.09,40.18,63.27,High
388,Adventure Works Laptop12 M1201 Blue,Computers,Adventure Works,12.26,1.0,0.0336,5.0,5.0,35.47,24.4,59.87,High
389,Adventure Works Laptop16 M1601 Blue,Computers,Adventure Works,14.01,1.0,0.0384,6.0,6.0,40.53,34.43,74.96,High
390,WWI Laptop19W X0196 Black,Computers,Wide World Importers,8.95,1.0,0.0245,2.0,2.0,25.89,53.8,79.69,High
391,WWI Laptop15 M0150 Black,Computers,Wide World Importers,8.17,1.0,0.0224,5.0,5.0,23.64,40.18,63.82,High
392,WWI Laptop12 M0120 Black,Computers,Wide World Importers,8.17,1.0,0.0224,5.0,5.0,23.64,24.4,48.04,Medium
393,WWI Laptop16 M0160 Black,Computers,Wide World Importers,18.1,1.0,0.0496,6.0,6.0,52.36,34.43,86.79,High
394,WWI Laptop15.4W M0156 Black,Computers,Wide World Importers,17.12,1.0,0.0469,4.0,4.0,49.53,43.57,93.1,High
395,WWI Laptop8.9 E0089 Black,Computers,Wide World Importers,16.54,2.0,0.0453,6.0,6.0,23.93,41.55,65.48,High
396,WWI Laptop19W X0196 White,Computers,Wide World Importers,7.78,1.0,0.0213,3.0,3.0,22.51,53.8,76.31,High
397,WWI Laptop15 M0150 White,Computers,Wide World Importers,10.7,1.0,0.0293,6.0,6.0,30.96,40.18,71.14,High
398,WWI Laptop12 M0120 White,Computers,Wide World Importers,12.06,1.0,0.033,5.0,5.0,34.89,24.4,59.29,High
399,WWI Laptop16 M0160 White,Computers,Wide World Importers,15.96,1.0,0.0437,4.0,4.0,46.17,34.43,80.6,High
400,WWI Laptop15.4W M0156 White,Computers,Wide World Importers,8.95,1.0,0.0245,4.0,4.0,25.89,43.57,69.46,High
401,WWI Laptop8.9 E0089 White,Computers,Wide World Importers,7.78,1.0,0.0213,4.0,4.0,22.51,20.78,43.29,Medium
402,WWI Laptop19W X0196 Blue,Computers,Wide World Importers,15.37,1.0,0.0421,4.0,4.0,44.47,53.8,98.27,High
403,WWI Laptop15 M0150 Blue,Computers,Wide World Importers,8.76,1.0,0.024,4.0,4.0,25.34,40.18,65.52,High
404,Proseware Laptop19 X910 Black,Computers,Proseware,11.29,1.0,0.0309,4.0,4.0,32.66,53.8,86.46,High
405,Proseware Laptop15 M510 Black,Computers,Proseware,12.26,1.0,0.0336,5.0,5.0,35.47,40.18,75.65,High
406,Proseware Laptop12 M210 Black,Computers,Proseware,14.98,1.0,0.041,6.0,6.0,43.34,24.4,67.74,High
407,Proseware Laptop16 M610 Black,Computers,Proseware,8.95,1.0,0.0245,5.0,5.0,25.89,34.43,60.32,High
408,Proseware Laptop15.4W M518 Black,Computers,Proseware,11.09,1.0,0.0304,6.0,6.0,32.08,43.57,75.65,High
409,Proseware Laptop8.9 E089 Black,Computers,Proseware,15.96,1.0,0.0437,4.0,4.0,46.17,20.78,66.95,High
410,Proseware Laptop19W X910 White,Computers,Proseware,14.01,1.0,0.0384,6.0,6.0,40.53,53.8,94.33,High
411,Proseware Laptop15 M510 White,Computers,Proseware,14.21,1.0,0.0389,5.0,5.0,41.11,40.18,81.29,High
412,Proseware Laptop12 M210 White,Computers,Proseware,13.23,1.0,0.0362,5.0,5.0,38.27,24.4,62.67,High
413,Proseware Laptop16 M610 White,Computers,Proseware,10.31,1.0,0.0282,4.0,4.0,29.83,34.43,64.26,High
414,Proseware Laptop15.4W M518 White,Computers,Proseware,12.84,1.0,0.0352,5.0,5.0,37.15,43.57,80.72,High
415,Proseware Laptop8.9 E089 White,Computers,Proseware,9.34,1.0,0.0256,3.0,3.0,27.02,20.78,47.8,Medium
416,Adventure Works Desktop PC2.33 XD233 Silver,Computers,Adventure Works,93.6,3.0,0.2564,5.0,5.0,90.26,120.39,210.65,Critical
417,Adventure Works Desktop PC2.30 MD230 Silver,Computers,Adventure Works,93.4,3.0,0.2559,5.0,5.0,90.07,103.3,193.37,Critical
418,Adventure Works Desktop PC1.60 ED160 Silver,Computers,Adventure Works,83.67,4.0,0.2292,5.0,5.0,60.51,68.82,129.33,Critical
419,Adventure Works Desktop PC1.80 ED180 Silver,Computers,Adventure Works,95.93,3.0,0.2628,5.0,5.0,92.51,70.55,163.06,Critical
420,Adventure Works Desktop PC1.80 ED182 Silver,Computers,Adventure Works,92.82,3.0,0.2543,5.0,5.0,89.51,95.57,185.08,Critical
421,Adventure Works Desktop PC3.0 MS300 Silver,Computers,Adventure Works,90.29,3.0,0.2474,6.0,6.0,87.07,80.88,167.95,Critical
422,Adventure Works Desktop PC2.33 XD233 Black,Computers,Adventure Works,89.9,3.0,0.2463,5.0,5.0,86.69,120.39,207.08,Critical
423,Adventure Works Desktop PC2.30 MD230 Black,Computers,Adventure Works,100.02,3.0,0.274,5.0,5.0,96.45,103.3,199.75,Critical
424,Adventure Works Desktop PC1.60 ED160 Black,Computers,Adventure Works,101.38,4.0,0.2778,5.0,5.0,73.32,68.82,142.14,Critical
425,Adventure Works Desktop PC1.80 ED180 Black,Computers,Adventure Works,101.19,4.0,0.2772,5.0,5.0,73.19,94.06,167.25,Critical
426,Adventure Works Desktop PC1.80 ED182 Black,Computers,Adventure Works,76.28,3.0,0.209,4.0,4.0,73.56,95.57,169.13,Critical
427,Adventure Works Desktop PC3.0 MS300 Black,Computers,Adventure Works,92.63,3.0,0.2538,5.0,5.0,89.33,80.88,170.21,Critical
428,Adventure Works Desktop PC2.33 XD233 Brown,Computers,Adventure Works,93.21,3.0,0.2554,5.0,5.0,89.89,120.39,210.28,Critical
429,Adventure Works Desktop PC2.30 MD230 Brown,Computers,Adventure Works,78.81,3.0,0.2159,5.0,5.0,76.0,103.45,179.45,Critical
430,Adventure Works Desktop PC1.60 ED160 Brown,Computers,Adventure Works,88.54,4.0,0.2426,5.0,5.0,64.04,68.82,132.86,Critical
431,Adventure Works Desktop PC1.80 ED180 Brown,Computers,Adventure Works,73.17,3.0,0.2005,5.0,5.0,70.56,70.55,141.11,Critical
432,Adventure Works Desktop PC1.80 ED182 Brown,Computers,Adventure Works,85.43,3.0,0.2341,5.0,5.0,82.38,95.57,177.95,Critical
433,Adventure Works Desktop PC2.33 XD233 White,Computers,Adventure Works,87.76,3.0,0.2404,5.0,5.0,84.63,120.39,205.02,Critical
434,Adventure Works Desktop PC2.30 MD230 White,Computers,Adventure Works,101.38,3.0,0.2778,5.0,5.0,97.76,103.3,201.06,Critical
435,Adventure Works Desktop PC1.60 ED160 White,Computers,Adventure Works,98.27,4.0,0.2692,6.0,6.0,71.07,68.82,139.89,Critical
436,Adventure Works Desktop PC1.80 ED180 White,Computers,Adventure Works,95.35,3.0,0.2612,5.0,5.0,91.95,70.55,162.5,Critical
437,Adventure Works Desktop PC1.80 ED182 White,Computers,Adventure Works,77.84,3.0,0.2133,5.0,5.0,75.06,95.57,170.63,Critical
438,WWI Desktop PC2.33 X2330 Silver,Computers,Wide World Importers,76.28,2.0,0.209,4.0,4.0,110.34,76.12,186.46,Critical
439,WWI Desktop PC2.30 M2300 Brown,Computers,Wide World Importers,89.12,3.0,0.2442,5.0,5.0,85.94,96.4,182.34,Critical
440,WWI Desktop PC1.60 E1600 Silver,Computers,Wide World Importers,98.66,5.0,0.2703,5.0,5.0,57.08,70.09,127.17,Critical
441,WWI Desktop PC1.80 E1800 Brown,Computers,Wide World Importers,67.72,4.0,0.1855,5.0,5.0,48.98,58.6,107.58,Critical
442,WWI Desktop PC1.80 E1801 Silver,Computers,Wide World Importers,80.76,4.0,0.2213,5.0,5.0,58.41,68.8,127.21,Critical
443,WWI Desktop PC3.0 M0300 Silver,Computers,Wide World Importers,81.92,3.0,0.2244,5.0,5.0,79.0,60.18,139.18,Critical
444,WWI Desktop PC2.33 X2330 Black,Computers,Wide World Importers,107.03,3.0,0.2932,5.0,6.0,103.21,114.18,217.39,Critical
445,WWI Desktop PC2.30 M2300 Black,Computers,Wide World Importers,75.11,3.0,0.2058,4.0,4.0,72.43,96.4,168.83,Critical
446,WWI Desktop PC1.60 E1600 Black,Computers,Wide World Importers,99.05,5.0,0.2714,5.0,5.0,57.31,70.09,127.4,Critical
447,WWI Desktop PC1.80 E1800 Black,Computers,Wide World Importers,73.36,4.0,0.201,5.0,5.0,53.06,58.6,111.66,Critical
448,WWI Desktop PC1.80 E1801 Black,Computers,Wide World Importers,98.27,4.0,0.2692,5.0,5.0,71.07,68.8,139.87,Critical
449,WWI Desktop PC3.0 M0300 Black,Computers,Wide World Importers,88.15,4.0,0.2415,5.0,5.0,63.75,80.24,143.99,Critical
450,WWI Desktop PC2.33 X2330 Brown,Computers,Wide World Importers,89.51,3.0,0.2452,5.0,5.0,86.32,114.18,200.5,Critical
451,WWI Desktop PC2.30 M2300 Silver,Computers,Wide World Importers,88.73,3.0,0.2431,5.0,5.0,85.57,96.4,181.97,Critical
452,WWI Desktop PC1.60 E1600 Red,Computers,Wide World Importers,98.27,5.0,0.2692,5.0,5.0,56.86,70.09,126.95,Critical
453,WWI Desktop PC1.80 E1800 Silver,Computers,Wide World Importers,93.4,4.0,0.2559,5.0,5.0,67.55,58.6,126.15,Critical
454,WWI Desktop PC1.80 E1801 Brown,Computers,Wide World Importers,83.29,4.0,0.2282,5.0,5.0,60.24,68.8,129.04,Critical
455,WWI Desktop PC2.33 X2330 White,Computers,Wide World Importers,89.9,3.0,0.2463,6.0,6.0,86.69,114.18,200.87,Critical
456,WWI Desktop PC2.30 M2300 White,Computers,Wide World Importers,87.18,3.0,0.2388,5.0,5.0,84.07,96.4,180.47,Critical
457,WWI Desktop PC1.60 E1600 White,Computers,Wide World Importers,82.51,4.0,0.2261,5.0,5.0,59.68,56.07,115.75,Critical
458,WWI Desktop PC1.80 E1800 White,Computers,Wide World Importers,104.69,5.0,0.2868,5.0,5.0,60.57,73.26,133.83,Critical
459,WWI Desktop PC1.80 E1801 White,Computers,Wide World Importers,79.59,4.0,0.2181,5.0,5.0,57.56,68.8,126.36,Critical
460,WWI Desktop PC1.80 E1802 White,Computers,Wide World Importers,90.29,4.0,0.2474,5.0,5.0,65.3,76.45,141.75,Critical
461,Proseware LCD24 X300 Black,Computers,Proseware,15.37,1.0,0.0421,5.0,5.0,44.47,33.92,78.39,High
462,Proseware LCD24W X300 Black,Computers,Proseware,14.59,1.0,0.04,5.0,5.0,42.21,35.99,78.2,High
463,Proseware LCD22 M2000 Black,Computers,Proseware,5.45,1.0,0.0149,5.0,5.0,15.77,25.64,41.41,Medium
464,Proseware LCD22W M2001 Black,Computers,Proseware,14.98,1.0,0.041,5.0,5.0,43.34,28.12,71.46,High
465,Proseware LCD20 M200 Black,Computers,Proseware,13.62,2.0,0.0373,6.0,6.0,19.7,29.78,49.48,Medium
466,Proseware LCD20W M230 Black,Computers,Proseware,5.64,1.0,0.0155,3.0,3.0,16.32,16.04,32.36,Medium
467,Proseware LCD19 E1000 Black,Computers,Proseware,11.29,2.0,0.0309,5.0,5.0,16.33,15.98,32.31,Medium
468,Proseware LCD19W M100 Black,Computers,Proseware,15.57,2.0,0.0427,5.0,5.0,22.52,20.58,43.1,Medium
469,Proseware LCD17 E200 Black,Computers,Proseware,13.43,2.0,0.0368,5.0,5.0,19.43,12.62,32.05,Medium
470,Proseware LCD17W E202 Black,Computers,Proseware,17.12,2.0,0.0469,5.0,5.0,24.76,16.44,41.2,Medium
471,Proseware LCD15 E103 Black,Computers,Proseware,15.18,3.0,0.0416,5.0,5.0,14.64,18.93,33.57,Medium
472,Proseware CRT19 E201 Black,Computers,Proseware,10.7,3.0,0.0293,4.0,4.0,10.32,13.19,23.51,Medium
473,Proseware CRT17 E104 Black,Computers,Proseware,12.65,3.0,0.0347,5.0,5.0,12.2,11.28,23.48,Medium
474,Proseware CRT15 E10 Black,Computers,Proseware,20.63,4.0,0.0565,6.0,6.0,14.92,12.49,27.41,Medium
475,Proseware LCD24 X300 White,Computers,Proseware,10.31,1.0,0.0282,5.0,5.0,29.83,33.92,63.75,High
476,Proseware LCD24W X300 White,Computers,Proseware,5.84,1.0,0.016,4.0,4.0,16.9,35.99,52.89,High
477,Proseware LCD22 M2000 White,Computers,Proseware,10.9,1.0,0.0299,5.0,5.0,31.53,25.64,57.17,High
478,Proseware LCD22W M2001 White,Computers,Proseware,5.06,1.0,0.0139,4.0,4.0,14.64,28.12,42.76,Medium
479,Proseware LCD20 M200 White,Computers,Proseware,7.2,1.0,0.0197,5.0,5.0,20.83,14.89,35.72,Medium
480,Proseware LCD20W M230 White,Computers,Proseware,11.48,1.0,0.0315,4.0,4.0,33.21,16.04,49.25,Medium
481,Proseware LCD19 E1000 White,Computers,Proseware,14.79,2.0,0.0405,5.0,5.0,21.39,15.98,37.37,Medium
482,Proseware LCD19W M100 White,Computers,Proseware,14.21,2.0,0.0389,5.0,5.0,20.55,20.58,41.13,Medium
483,Proseware LCD17 E200 White,Computers,Proseware,12.84,2.0,0.0352,6.0,6.0,18.57,12.62,31.19,Medium
484,Proseware LCD17W E202 White,Computers,Proseware,8.76,2.0,0.024,5.0,5.0,12.67,16.44,29.11,Medium
485,Proseware LCD15 E103 White,Computers,Proseware,11.68,2.0,0.032,6.0,6.0,16.9,12.62,29.52,Medium
486,Proseware CRT19 E201 White,Computers,Proseware,11.48,3.0,0.0315,5.0,5.0,11.07,13.19,24.26,Medium
487,Proseware CRT17 E104 White,Computers,Proseware,12.45,3.0,0.0341,4.0,4.0,12.01,11.28,23.29,Medium
488,Proseware CRT15 E10 White,Computers,Proseware,9.34,3.0,0.0256,6.0,6.0,9.01,9.37,18.38,Low
489,Adventure Works LCD24 X300 Black,Computers,Adventure Works,8.95,1.0,0.0245,3.0,3.0,25.89,33.92,59.81,High
490,Adventure Works LCD24W X300 Black,Computers,Adventure Works,8.56,1.0,0.0235,2.0,2.0,24.76,35.99,60.75,High
491,Adventure Works LCD22 M200 Black,Computers,Adventure Works,13.62,1.0,0.0373,3.0,3.0,39.4,25.64,65.04,High
492,Adventure Works LCD22W M200 Black,Computers,Adventure Works,9.34,1.0,0.0256,5.0,5.0,27.02,28.12,55.14,High
493,Adventure Works LCD20 M210 Black,Computers,Adventure Works,12.26,2.0,0.0336,5.0,5.0,17.73,29.78,47.51,Medium
494,Adventure Works LCD20W M240 Black,Computers,Adventure Works,10.12,1.0,0.0277,4.0,4.0,29.28,16.04,45.32,Medium
495,Adventure Works LCD19 E108 Black,Computers,Adventure Works,13.62,2.0,0.0373,5.0,5.0,19.7,17.72,37.42,Medium
496,Adventure Works LCD19W M100 Black,Computers,Adventure Works,9.15,2.0,0.0251,3.0,3.0,13.24,20.58,33.82,Medium
497,Adventure Works LCD17 E200 Black,Computers,Adventure Works,8.17,2.0,0.0224,4.0,4.0,11.82,12.62,24.44,Medium
498,Adventure Works LCD17W E203 Black,Computers,Adventure Works,8.95,2.0,0.0245,3.0,3.0,12.95,16.44,29.39,Medium
499,Adventure Works LCD15 E100 Black,Computers,Adventure Works,9.54,2.0,0.0261,4.0,4.0,13.8,12.62,26.42,Medium
500,Adventure Works CRT19 E10 Black,Computers,Adventure Works,13.23,4.0,0.0362,6.0,6.0,9.57,11.43,21.0,Medium
501,Adventure Works CRT17 E105 Black,Computers,Adventure Works,6.42,2.0,0.0176,4.0,4.0,9.29,7.52,16.81,Low
502,Adventure Works CRT15 E101 Black,Computers,Adventure Works,8.76,3.0,0.024,4.0,4.0,8.45,11.18,19.63,Low
503,Adventure Works LCD24 X300 White,Computers,Adventure Works,9.92,1.0,0.0272,5.0,5.0,28.7,33.92,62.62,High
504,Adventure Works LCD24W X300 White,Computers,Adventure Works,8.76,1.0,0.024,4.0,4.0,25.34,35.99,61.33,High
505,Adventure Works LCD22 M200 White,Computers,Adventure Works,13.23,1.0,0.0362,4.0,4.0,38.27,25.64,63.91,High
506,Adventure Works LCD22W M200 White,Computers,Adventure Works,13.04,1.0,0.0357,5.0,5.0,37.72,28.12,65.84,High
507,Adventure Works LCD20 M210 White,Computers,Adventure Works,9.92,1.0,0.0272,4.0,4.0,28.7,14.89,43.59,Medium
508,Adventure Works LCD20W M240 White,Computers,Adventure Works,11.68,1.0,0.032,4.0,4.0,33.79,16.04,49.83,Medium
509,Adventure Works LCD19 E108 White,Computers,Adventure Works,8.95,2.0,0.0245,4.0,4.0,12.95,17.72,30.67,Medium
510,Adventure Works LCD19W M100 White,Computers,Adventure Works,10.7,2.0,0.0293,4.0,4.0,15.48,20.58,36.06,Medium
511,Adventure Works LCD17 E200 White,Computers,Adventure Works,9.73,2.0,0.0267,5.0,5.0,14.07,12.62,26.69,Medium
512,Adventure Works LCD17W E203 White,Computers,Adventure Works,7.78,2.0,0.0213,4.0,4.0,11.25,16.44,27.69,Medium
513,Adventure Works LCD15 E100 White,Computers,Adventure Works,11.87,2.0,0.0325,4.0,4.0,17.17,12.62,29.79,Medium
514,Adventure Works CRT19 E10 White,Computers,Adventure Works,7.98,3.0,0.0219,4.0,4.0,7.7,8.57,16.27,Low
515,Adventure Works CRT17 E105 White,Computers,Adventure Works,14.59,3.0,0.04,7.0,7.0,14.07,11.28,25.35,Medium
516,Adventure Works CRT15 E101 White,Computers,Adventure Works,10.51,3.0,0.0288,5.0,5.0,10.14,11.18,21.32,Medium
517,WWI LCD24 X300 Black,Computers,Wide World Importers,10.12,1.0,0.0277,6.0,6.0,29.28,33.92,63.2,High
518,WWI LCD24W X300 Black,Computers,Wide World Importers,21.02,1.0,0.0576,6.0,6.0,60.81,35.99,96.8,High
519,WWI LCD22 M2002 Black,Computers,Wide World Importers,16.15,1.0,0.0442,6.0,6.0,46.72,25.64,72.36,High
520,WWI LCD22W M2003 Black,Computers,Wide World Importers,11.48,1.0,0.0315,5.0,5.0,33.21,28.12,61.33,High
521,WWI LCD20 M220 Black,Computers,Wide World Importers,17.71,2.0,0.0485,4.0,4.0,25.62,29.78,55.4,High
522,WWI LCD20W M250 Black,Computers,Wide World Importers,14.01,2.0,0.0384,5.0,5.0,20.27,32.08,52.35,High
523,WWI LCD19 E107 Black,Computers,Wide World Importers,11.87,2.0,0.0325,6.0,6.0,17.17,17.72,34.89,Medium
524,WWI LCD19W M100 Black,Computers,Wide World Importers,10.7,2.0,0.0293,4.0,4.0,15.48,20.58,36.06,Medium
525,WWI LCD17 E200 Black,Computers,Wide World Importers,9.15,2.0,0.0251,4.0,4.0,13.24,12.62,25.86,Medium
526,WWI LCD17W E200 Black,Computers,Wide World Importers,12.65,2.0,0.0347,5.0,5.0,18.3,16.44,34.74,Medium
527,WWI CRT17 E106 Black,Computers,Wide World Importers,6.42,2.0,0.0176,3.0,3.0,9.29,12.62,21.91,Medium
528,WWI LCD24 X300 White,Computers,Wide World Importers,14.98,1.0,0.041,6.0,6.0,43.34,33.92,77.26,High
529,WWI LCD24W X300 White,Computers,Wide World Importers,9.34,1.0,0.0256,5.0,5.0,27.02,35.99,63.01,High
530,WWI LCD22 M2002 White,Computers,Wide World Importers,13.62,1.0,0.0373,6.0,6.0,39.4,25.64,65.04,High
531,WWI LCD22W M2003 White,Computers,Wide World Importers,12.65,1.0,0.0347,6.0,6.0,36.6,28.12,64.72,High
532,WWI LCD20 M220 White,Computers,Wide World Importers,7.78,1.0,0.0213,4.0,4.0,22.51,14.89,37.4,Medium
533,WWI LCD20W M250 White,Computers,Wide World Importers,11.09,1.0,0.0304,4.0,4.0,32.08,16.04,48.12,Medium
534,WWI LCD19 E107 White,Computers,Wide World Importers,10.7,2.0,0.0293,5.0,5.0,15.48,17.72,33.2,Medium
535,WWI LCD19W M100 White,Computers,Wide World Importers,12.84,2.0,0.0352,6.0,6.0,18.57,20.58,39.15,Medium
536,WWI LCD17 E205 White,Computers,Wide World Importers,11.87,2.0,0.0325,4.0,4.0,17.17,12.62,29.79,Medium
537,WWI LCD17W E200 White,Computers,Wide World Importers,11.29,2.0,0.0309,3.0,3.0,16.33,16.44,32.77,Medium
538,WWI CRT17 E106 White,Computers,Wide World Importers,8.56,2.0,0.0235,4.0,4.0,12.38,12.62,25.0,Medium
539,Proseware Projector 1080p LCD86 Black,Computers,Proseware,13.82,1.0,0.0379,5.0,5.0,39.98,95.05,135.03,Critical
540,Proseware Projector 1080p DLP86 Black,Computers,Proseware,14.79,1.0,0.0405,4.0,4.0,42.79,103.5,146.29,Critical
541,Proseware Projector 720p LCD56 Black,Computers,Proseware,5.45,1.0,0.0149,5.0,5.0,15.77,40.18,55.95,High
542,Proseware Projector 720p DLP56 Black,Computers,Proseware,6.42,1.0,0.0176,6.0,6.0,18.57,57.42,75.99,High
543,Proseware Projector 480p LCD12 Black,Computers,Proseware,9.73,1.0,0.0267,4.0,4.0,28.15,14.59,42.74,Medium
544,Proseware Projector 480p DLP12 Black,Computers,Proseware,7.2,1.0,0.0197,3.0,3.0,20.83,31.8,52.63,High
545,Proseware Screen 125in X1609 Black,Computers,Proseware,11.68,1.0,0.032,4.0,4.0,33.79,19.01,52.8,High
546,Proseware Screen 113in X1609 Black,Computers,Proseware,6.03,1.0,0.0165,3.0,3.0,17.44,12.38,29.82,Medium
547,Proseware Screen 106in M1609 Black,Computers,Proseware,15.57,2.0,0.0427,6.0,6.0,22.52,28.86,51.38,High
548,Proseware Screen 100in M1609 Black,Computers,Proseware,13.82,2.0,0.0379,5.0,5.0,19.99,21.84,41.83,Medium
549,Proseware Screen 85in E1010 Black,Computers,Proseware,7.59,2.0,0.0208,4.0,4.0,10.98,17.72,28.7,Medium
550,Proseware Screen 80in E1010 Black,Computers,Proseware,7.01,2.0,0.0192,4.0,4.0,10.14,13.89,24.03,Medium
551,Proseware Projector 1080p LCD86 White,Computers,Proseware,12.45,1.0,0.0341,6.0,6.0,36.02,95.05,131.07,Critical
552,Proseware Projector 1080p DLP86 White,Computers,Proseware,8.37,2.0,0.0229,5.0,5.0,12.11,206.99,219.1,Critical
553,Proseware Projector 720p LCD56 White,Computers,Proseware,8.37,1.0,0.0229,6.0,6.0,24.21,40.18,64.39,High
554,Proseware Projector 720p DLP56 White,Computers,Proseware,6.62,1.0,0.0181,3.0,3.0,19.15,57.42,76.57,High
555,Proseware Projector 480p LCD12 White,Computers,Proseware,8.95,1.0,0.0245,5.0,5.0,25.89,14.59,40.48,Medium
556,Proseware Projector 480p DLP12 White,Computers,Proseware,9.15,1.0,0.0251,5.0,5.0,26.47,31.8,58.27,High
557,Proseware Screen 125in X1609 White,Computers,Proseware,7.98,1.0,0.0219,5.0,5.0,23.09,19.01,42.1,Medium
558,Proseware Screen 113in X1609 White,Computers,Proseware,7.39,1.0,0.0202,4.0,4.0,21.38,12.38,33.76,Medium
559,Proseware Screen 106in M1609 White,Computers,Proseware,4.86,1.0,0.0133,4.0,4.0,14.06,14.43,28.49,Medium
560,Proseware Screen 100in M1609 White,Computers,Proseware,10.51,2.0,0.0288,5.0,5.0,15.2,21.84,37.04,Medium
561,Proseware Screen 85in E1010 White,Computers,Proseware,10.51,2.0,0.0288,4.0,4.0,15.2,17.72,32.92,Medium
562,Proseware Screen 80in E1010 White,Computers,Proseware,9.73,2.0,0.0267,5.0,5.0,14.07,13.89,27.96,Medium
563,Proseware Projector 1080p LCD86 Silver,Computers,Proseware,8.37,1.0,0.0229,5.0,5.0,24.21,95.05,119.26,Critical
564,Proseware Projector 1080p DLP86 Silver,Computers,Proseware,5.25,2.0,0.0144,6.0,6.0,7.59,206.99,214.58,Critical
565,Proseware Projector 720p LCD56 Silver,Computers,Proseware,9.34,1.0,0.0256,5.0,5.0,27.02,40.18,67.2,High
566,Proseware Projector 720p DLP56 Silver,Computers,Proseware,6.03,1.0,0.0165,5.0,5.0,17.44,57.42,74.86,High
567,Proseware Projector 480p LCD12 Silver,Computers,Proseware,3.7,1.0,0.0101,8.0,8.0,10.7,14.59,25.29,Medium
568,Proseware Projector 480p DLP12 Silver,Computers,Proseware,9.34,1.0,0.0256,6.0,6.0,27.02,31.8,58.82,High
569,Proseware Screen 125in X1609 Silver,Computers,Proseware,6.23,1.0,0.0171,2.0,2.0,18.02,19.01,37.03,Medium
570,Proseware Screen 113in X1609 Silver,Computers,Proseware,7.59,1.0,0.0208,9.0,9.0,21.96,12.38,34.34,Medium
571,Proseware Screen 106in M1609 Silver,Computers,Proseware,7.98,1.0,0.0219,6.0,6.0,23.09,14.43,37.52,Medium
572,Proseware Screen 100in M1609 Silver,Computers,Proseware,12.84,2.0,0.0352,7.0,7.0,18.57,21.84,40.41,Medium
573,Proseware Screen 85in E1010 Silver,Computers,Proseware,11.09,2.0,0.0304,6.0,6.0,16.04,17.72,33.76,Medium
574,Proseware Screen 80in E1010 Silver,Computers,Proseware,5.64,2.0,0.0155,4.0,4.0,8.16,13.89,22.05,Medium
575,Contoso Projector 1080p X980 Black,Computers,Contoso,5.45,2.0,0.0149,5.0,5.0,7.88,190.1,197.98,Critical
576,Contoso Projector 1080p X981 Black,Computers,Contoso,11.09,1.0,0.0304,6.0,6.0,32.08,103.5,135.58,Critical
577,Contoso Projector 720p M620 Black,Computers,Contoso,7.01,1.0,0.0192,5.0,5.0,20.28,40.18,60.46,High
578,Contoso Projector 720p M621 Black,Computers,Contoso,10.51,1.0,0.0288,6.0,6.0,30.41,57.42,87.83,High
579,Contoso Projector 480p M480 Black,Computers,Contoso,7.59,1.0,0.0208,5.0,5.0,21.96,14.59,36.55,Medium
580,Contoso Projector 480p M481 Black,Computers,Contoso,8.56,1.0,0.0235,4.0,4.0,24.76,31.8,56.56,High
581,Contoso Screen 125in M250 Black,Computers,Contoso,8.17,1.0,0.0224,4.0,4.0,23.64,19.01,42.65,Medium
582,Contoso Screen 113in M251 Black,Computers,Contoso,4.86,1.0,0.0133,5.0,5.0,14.06,17.19,31.25,Medium
583,Contoso Screen 106in M060 Black,Computers,Contoso,9.34,2.0,0.0256,5.0,5.0,13.51,20.79,34.3,Medium
584,Contoso Screen 100in E010 Black,Computers,Contoso,9.15,2.0,0.0251,4.0,4.0,13.24,15.74,28.98,Medium
585,Contoso Screen 85in E085 Black,Computers,Contoso,9.15,2.0,0.0251,4.0,4.0,13.24,17.72,30.96,Medium
586,Contoso Screen 80in E080 Black,Computers,Contoso,7.59,2.0,0.0208,5.0,5.0,10.98,13.89,24.87,Medium
587,Contoso Projector 1080p X980 White,Computers,Contoso,11.68,1.0,0.032,5.0,5.0,33.79,95.05,128.84,Critical
588,Contoso Projector 1080p X981 White,Computers,Contoso,6.23,2.0,0.0171,4.0,4.0,9.01,206.99,216.0,Critical
589,Contoso Projector 720p M620 White,Computers,Contoso,8.17,1.0,0.0224,4.0,4.0,23.64,40.18,63.82,High
590,Contoso Projector 720p M621 White,Computers,Contoso,6.81,1.0,0.0187,4.0,4.0,19.7,57.42,77.12,High
591,Contoso Projector 480p M480 White,Computers,Contoso,10.31,1.0,0.0282,4.0,4.0,29.83,14.59,44.42,Medium
592,Contoso Projector 480p M481 White,Computers,Contoso,8.95,1.0,0.0245,6.0,6.0,25.89,31.8,57.69,High
593,Contoso Screen 125in M250 White,Computers,Contoso,12.26,1.0,0.0336,5.0,5.0,35.47,19.01,54.48,High
594,Contoso Screen 113in M251 White,Computers,Contoso,9.73,1.0,0.0267,6.0,6.0,28.15,17.19,45.34,Medium
595,Contoso Screen 106in M060 White,Computers,Contoso,6.42,1.0,0.0176,4.0,4.0,18.57,10.4,28.97,Medium
596,Contoso Screen 100in E010 White,Computers,Contoso,8.76,2.0,0.024,6.0,6.0,12.67,15.74,28.41,Medium
597,Contoso Screen 85in E085 White,Computers,Contoso,8.56,2.0,0.0235,5.0,5.0,12.38,17.72,30.1,Medium
598,Contoso Screen 80in E080 White,Computers,Contoso,8.17,2.0,0.0224,6.0,6.0,11.82,13.89,25.71,Medium
599,Contoso Projector 1080p X980 Silver,Computers,Contoso,11.68,1.0,0.032,7.0,7.0,33.79,95.05,128.84,Critical
600,Contoso Projector 1080p X981 Silver,Computers,Contoso,10.9,1.0,0.0299,5.0,5.0,31.53,103.5,135.03,Critical
601,Contoso Projector 720p M620 Silver,Computers,Contoso,3.7,1.0,0.0101,2.0,2.0,10.7,40.18,50.88,High
602,Contoso Projector 720p M621 Silver,Computers,Contoso,10.12,1.0,0.0277,5.0,5.0,29.28,57.42,86.7,High
603,Contoso Projector 480p M480 Silver,Computers,Contoso,12.65,2.0,0.0347,5.0,5.0,18.3,29.19,47.49,Medium
604,Contoso Projector 480p M481 Silver,Computers,Contoso,4.09,1.0,0.0112,2.0,2.0,11.83,31.8,43.63,Medium
605,Contoso Screen 125in M250 Silver,Computers,Contoso,8.95,1.0,0.0245,5.0,5.0,25.89,19.01,44.9,Medium
606,Contoso Screen 113in M251 Silver,Computers,Contoso,6.23,1.0,0.0171,5.0,5.0,18.02,17.19,35.21,Medium
607,Contoso Screen 106in M060 Silver,Computers,Contoso,7.39,1.0,0.0202,5.0,5.0,21.38,10.4,31.78,Medium
608,Contoso Screen 100in E010 Silver,Computers,Contoso,21.21,3.0,0.0581,5.0,5.0,20.45,23.61,44.06,Medium
609,Contoso Screen 85in E085 Silver,Computers,Contoso,7.78,2.0,0.0213,6.0,6.0,11.25,17.72,28.97,Medium
610,Contoso Screen 80in E080 Silver,Computers,Contoso,7.98,2.0,0.0219,5.0,5.0,11.54,13.89,25.43,Medium
611,WWI Projector 1080p LCD86 Black,Computers,Wide World Importers,11.48,1.0,0.0315,6.0,6.0,33.21,95.05,128.26,Critical
612,WWI Projector 1080p DLP86 Black,Computers,Wide World Importers,11.09,1.0,0.0304,4.0,4.0,32.08,103.5,135.58,Critical
613,WWI Projector 720p LCD56 Black,Computers,Wide World Importers,8.95,1.0,0.0245,5.0,5.0,25.89,40.18,66.07,High
614,WWI Projector 720p DLP56 Black,Computers,Wide World Importers,7.2,1.0,0.0197,4.0,4.0,20.83,57.42,78.25,High
615,WWI Projector 480p LCD12 Black,Computers,Wide World Importers,7.2,1.0,0.0197,6.0,6.0,20.83,14.59,35.42,Medium
616,WWI Projector 480p DLP12 Black,Computers,Wide World Importers,11.87,1.0,0.0325,4.0,4.0,34.34,31.8,66.14,High
617,WWI Screen 125in M1611 Black,Computers,Wide World Importers,12.45,1.0,0.0341,6.0,6.0,36.02,19.01,55.03,High
618,WWI Screen 113in M1610 Black,Computers,Wide World Importers,13.43,2.0,0.0368,6.0,6.0,19.43,24.76,44.19,Medium
619,WWI Screen 106in M1609 Black,Computers,Wide World Importers,9.92,1.0,0.0272,6.0,6.0,28.7,14.43,43.13,Medium
620,WWI Screen 100in M1609 Black,Computers,Wide World Importers,10.51,2.0,0.0288,7.0,7.0,15.2,21.84,37.04,Medium
621,WWI Screen 85in E1010 Black,Computers,Wide World Importers,10.12,2.0,0.0277,4.0,4.0,14.64,17.72,32.36,Medium
622,WWI Projector 1080p LCD86 White,Computers,Wide World Importers,10.9,1.0,0.0299,5.0,5.0,31.53,95.05,126.58,Critical
623,WWI Projector 1080p DLP86 White,Computers,Wide World Importers,11.48,1.0,0.0315,6.0,6.0,33.21,103.5,136.71,Critical
624,WWI Projector 720p LCD56 White,Computers,Wide World Importers,6.62,1.0,0.0181,4.0,4.0,19.15,40.18,59.33,High
625,WWI Projector 720p DLP56 White,Computers,Wide World Importers,7.2,1.0,0.0197,4.0,4.0,20.83,57.42,78.25,High
626,WWI Projector 480p LCD12 White,Computers,Wide World Importers,6.42,1.0,0.0176,6.0,6.0,18.57,14.59,33.16,Medium
627,WWI Projector 480p DLP12 White,Computers,Wide World Importers,5.06,1.0,0.0139,3.0,3.0,14.64,31.8,46.44,Medium
628,WWI Screen 125in M1611 White,Computers,Wide World Importers,8.17,1.0,0.0224,3.0,3.0,23.64,19.01,42.65,Medium
629,WWI Screen 113in M1610 White,Computers,Wide World Importers,5.84,1.0,0.016,6.0,6.0,16.9,12.38,29.28,Medium
630,WWI Screen 106in M1609 White,Computers,Wide World Importers,10.12,1.0,0.0277,4.0,4.0,29.28,14.43,43.71,Medium
631,WWI Screen 100in M1609 White,Computers,Wide World Importers,9.15,2.0,0.0251,5.0,5.0,13.24,21.84,35.08,Medium
632,WWI Screen 85in E1010 White,Computers,Wide World Importers,11.09,2.0,0.0304,4.0,4.0,16.04,17.72,33.76,Medium
633,WWI Projector 1080p LCD86 Silver,Computers,Wide World Importers,11.29,1.0,0.0309,6.0,6.0,32.66,95.05,127.71,Critical
634,WWI Projector 1080p DLP86 Silver,Computers,Wide World Importers,10.51,1.0,0.0288,5.0,5.0,30.41,103.5,133.91,Critical
635,WWI Projector 720p LCD56 Silver,Computers,Wide World Importers,10.51,1.0,0.0288,5.0,5.0,30.41,40.18,70.59,High
636,WWI Projector 720p DLP56 Silver,Computers,Wide World Importers,10.12,1.0,0.0277,5.0,5.0,29.28,57.42,86.7,High
637,WWI Projector 480p LCD12 Silver,Computers,Wide World Importers,6.81,1.0,0.0187,3.0,3.0,19.7,14.59,34.29,Medium
638,WWI Projector 480p DLP12 Silver,Computers,Wide World Importers,8.76,1.0,0.024,5.0,5.0,25.34,31.8,57.14,High
639,WWI Screen 125in M1611 Silver,Computers,Wide World Importers,11.09,1.0,0.0304,5.0,5.0,32.08,19.01,51.09,High
640,WWI Screen 113in M1610 Silver,Computers,Wide World Importers,8.37,1.0,0.0229,7.0,7.0,24.21,12.38,36.59,Medium
641,WWI Screen 106in M1609 Silver,Computers,Wide World Importers,7.39,1.0,0.0202,6.0,6.0,21.38,14.43,35.81,Medium
642,Proseware Photo Ink Jet Printer M100 Black,Computers,Proseware,6.81,1.0,0.0187,6.0,6.0,19.7,9.14,28.84,Medium
643,Proseware Ink Jet All in one M300 Black,Computers,Proseware,8.37,2.0,0.0229,6.0,6.0,12.11,19.43,31.54,Medium
644,Proseware Laser Jet Printer E100 Black,Computers,Proseware,12.65,3.0,0.0347,5.0,5.0,12.2,15.1,27.3,Medium
645,Proseware Laser Jet Color Printer X300 Black,Computers,Proseware,11.09,2.0,0.0304,7.0,7.0,16.04,17.31,33.35,Medium
646,Proseware Laser Jet All in one X300 Black,Computers,Proseware,6.03,1.0,0.0165,4.0,4.0,17.44,9.07,26.51,Medium
647,Proseware Fax phone E100 Black,Computers,Proseware,8.95,2.0,0.0245,4.0,4.0,12.95,11.09,24.04,Medium
648,Proseware Fax Machine E100 Black,Computers,Proseware,9.73,2.0,0.0267,4.0,4.0,14.07,10.07,24.14,Medium
649,Proseware Laser Fax Printer E100 Black,Computers,Proseware,8.17,2.0,0.0224,5.0,5.0,11.82,11.6,23.42,Medium
650,Proseware Ink Jet Fax Machine E100 Black,Computers,Proseware,8.17,2.0,0.0224,4.0,4.0,11.82,9.94,21.76,Medium
651,Proseware Mobile Receipt and Document Scanner M200 Black,Computers,Proseware,9.34,2.0,0.0256,6.0,6.0,13.51,13.34,26.85,Medium
652,Proseware Scan Jet Digital Flat Bed Scanner M300 Black,Computers,Proseware,6.23,2.0,0.0171,4.0,4.0,9.01,13.91,22.92,Medium
653,Proseware All-In-One Photo Printer M200 Black,Computers,Proseware,6.42,2.0,0.0176,5.0,5.0,9.29,15.64,24.93,Medium
654,Proseware Ink Jet Wireless All-In-One Printer M400 Black,Computers,Proseware,11.09,2.0,0.0304,5.0,5.0,16.04,14.83,30.87,Medium
655,Proseware Ink Jet Instant PDF Sheet-Fed Scanner M300 Black,Computers,Proseware,11.09,2.0,0.0304,6.0,6.0,16.04,18.4,34.44,Medium
656,"Proseware Desk Jet All-in-One Printer, Scanner, Copier M350 Black",Computers,Proseware,12.26,2.0,0.0336,5.0,5.0,17.73,18.16,35.89,Medium
657,Proseware Duplex Scanner M200 Black,Computers,Proseware,9.54,2.0,0.0261,5.0,5.0,13.8,17.13,30.93,Medium
658,Proseware High Speed Laser M2000 Black,Computers,Proseware,6.42,1.0,0.0176,5.0,5.0,18.57,8.66,27.23,Medium
659,Proseware Laser Fax Printer M250 Black,Computers,Proseware,9.92,2.0,0.0272,4.0,4.0,14.35,13.56,27.91,Medium
660,"Proseware Color Ink Jet Fax, Copier, Phone M250 Black",Computers,Proseware,7.2,2.0,0.0197,4.0,4.0,10.41,18.28,28.69,Medium
661,Proseware Color Inkjet Fax with 5.8 GHz Cordless Handset X250 Black,Computers,Proseware,14.4,2.0,0.0395,5.0,5.0,20.83,18.89,39.72,Medium
662,Proseware Slim-Design Fax Machine with Answering System X180 Black,Computers,Proseware,14.4,2.0,0.0395,6.0,6.0,20.83,19.55,40.38,Medium
663,Proseware High-Performance Business-Class Laser Fax X200 Black,Computers,Proseware,6.42,1.0,0.0176,5.0,5.0,18.57,10.27,28.84,Medium
664,Proseware Professional Quality Plain-Paper Fax and Copier X100 Black,Computers,Proseware,9.73,2.0,0.0267,5.0,5.0,14.07,18.97,33.04,Medium
665,Proseware Photo Inkjet Printer E290 Black,Computers,Proseware,8.17,2.0,0.0224,5.0,5.0,11.82,13.0,24.82,Medium
666,Proseware Office Jet All-in-One Printer M500 Black,Computers,Proseware,8.56,2.0,0.0235,4.0,4.0,12.38,18.74,31.12,Medium
667,Proseware Office Jet Wireless All-in-One Inkjet Printer M600 Black,Computers,Proseware,13.04,2.0,0.0357,5.0,5.0,18.86,21.84,40.7,Medium
668,Proseware Photo smart All-in-One Printer M380 Black,Computers,Proseware,10.9,2.0,0.0299,6.0,6.0,15.77,16.9,32.67,Medium
669,Proseware Wireless Photo All-in-One Printer M390 Black,Computers,Proseware,6.81,1.0,0.0187,2.0,2.0,19.7,10.81,30.51,Medium
670,Proseware 23ppm Laser Printer with Wireless and Wired Network Interfaces M680 Black,Computers,Proseware,6.62,1.0,0.0181,6.0,6.0,19.15,11.27,30.42,Medium
671,Proseware Photo Inkjet Printer M100 Grey,Computers,Proseware,8.17,2.0,0.0224,6.0,6.0,11.82,18.28,30.1,Medium
672,Proseware Ink Jet All in one M300 Grey,Computers,Proseware,6.42,1.0,0.0176,5.0,5.0,18.57,9.72,28.29,Medium
673,Proseware Laser Jet Printer E100 Grey,Computers,Proseware,5.06,2.0,0.0139,4.0,4.0,7.32,10.07,17.39,Low
674,Proseware Laser Jet Color Printer X300 Grey,Computers,Proseware,6.81,2.0,0.0187,7.0,7.0,9.85,17.31,27.16,Medium
675,Proseware Laser Jet All in one X300 Grey,Computers,Proseware,10.9,2.0,0.0299,5.0,5.0,15.77,18.14,33.91,Medium
676,Proseware Fax phone E100 Grey,Computers,Proseware,3.31,1.0,0.0091,2.0,2.0,9.58,5.54,15.12,Low
677,Proseware Fax Machine E100 Grey,Computers,Proseware,12.65,3.0,0.0347,5.0,5.0,12.2,15.1,27.3,Medium
678,Proseware Laser Fax Printer E100 Grey,Computers,Proseware,9.73,2.0,0.0267,6.0,6.0,14.07,11.6,25.67,Medium
679,Proseware Ink Jet Fax Machine E100 Grey,Computers,Proseware,5.06,2.0,0.0139,7.0,7.0,7.32,9.94,17.26,Low
680,Proseware Mobile Receipt and Document Scanner M200 Grey,Computers,Proseware,13.04,2.0,0.0357,6.0,6.0,18.86,13.34,32.2,Medium
681,Proseware Scan Jet Digital Flat Bed Scanner M300 Grey,Computers,Proseware,11.48,2.0,0.0315,4.0,4.0,16.61,13.91,30.52,Medium
682,Proseware All-In-One Photo Printer M200 Grey,Computers,Proseware,5.45,1.0,0.0149,6.0,6.0,15.77,7.82,23.59,Medium
683,Proseware Ink Jet Wireless All-In-One Printer M400 Grey,Computers,Proseware,15.57,2.0,0.0427,7.0,7.0,22.52,14.83,37.35,Medium
684,Proseware Ink Jet Instant PDF Sheet-Fed Scanner M300 Grey,Computers,Proseware,3.11,1.0,0.0085,4.0,4.0,9.0,9.2,18.2,Low
685,"Proseware Desk Jet All-in-One Printer, Scanner, Copier M350 Grey",Computers,Proseware,4.48,1.0,0.0123,3.0,3.0,12.96,9.08,22.04,Medium
686,Proseware Duplex Scanner M200 Grey,Computers,Proseware,7.2,2.0,0.0197,3.0,3.0,10.41,17.13,27.54,Medium
687,Proseware High Speed Laser Fax M2000 Grey,Computers,Proseware,9.15,2.0,0.0251,6.0,6.0,13.24,17.31,30.55,Medium
688,Proseware Laser Fax Printer M250 Grey,Computers,Proseware,9.15,2.0,0.0251,5.0,5.0,13.24,13.56,26.8,Medium
689,"Proseware Color Ink Jet Fax, Copier, Phone M250 Grey",Computers,Proseware,5.06,1.0,0.0139,5.0,5.0,14.64,9.14,23.78,Medium
690,Proseware Color Ink Jet Fax with 5.8 GHz Cordless Handset X250 Grey,Computers,Proseware,5.84,1.0,0.016,4.0,4.0,16.9,9.44,26.34,Medium
691,Proseware Slim-Design Fax Machine with Answering System X180 Grey,Computers,Proseware,12.45,2.0,0.0341,4.0,4.0,18.01,19.55,37.56,Medium
692,Proseware High-Performance Business-Class Laser Fax X200 Grey,Computers,Proseware,9.34,2.0,0.0256,5.0,5.0,13.51,20.54,34.05,Medium
693,Proseware Professional Quality Plain-Paper Fax and Copier X100 Grey,Computers,Proseware,7.98,2.0,0.0219,2.0,2.0,11.54,18.97,30.51,Medium
694,Proseware Photo Ink Jet Printer E290 Grey,Computers,Proseware,10.12,2.0,0.0277,7.0,7.0,14.64,13.0,27.64,Medium
695,Proseware Office Jet All-in-One Printer M500 Grey,Computers,Proseware,7.59,2.0,0.0208,6.0,6.0,10.98,18.74,29.72,Medium
696,Proseware Office Jet Wireless All-in-One Inkjet Printer M600 Grey,Computers,Proseware,9.15,2.0,0.0251,4.0,4.0,13.24,21.84,35.08,Medium
697,Proseware Photo Smart All-in-One Printer M380 Grey,Computers,Proseware,7.2,2.0,0.0197,3.0,3.0,10.41,16.9,27.31,Medium
698,Proseware Wireless Photo All-in-One Printer M390 Grey,Computers,Proseware,11.48,2.0,0.0315,5.0,5.0,16.61,21.61,38.22,Medium
699,Proseware 23ppm Laser Printer with Wireless and Wired Network Interfaces M680 Grey,Computers,Proseware,6.03,1.0,0.0165,4.0,4.0,17.44,11.27,28.71,Medium
700,Proseware Photo Ink Jet Printer M100 White,Computers,Proseware,3.5,1.0,0.0096,4.0,4.0,10.13,9.14,19.27,Low
701,Proseware Ink Jet All in one M300 White,Computers,Proseware,8.56,2.0,0.0235,4.0,4.0,12.38,19.43,31.81,Medium
702,Proseware Laser Jet Printer E100 White,Computers,Proseware,8.17,2.0,0.0224,4.0,4.0,11.82,10.07,21.89,Medium
703,Proseware Laser Jet Color Printer X300 White,Computers,Proseware,15.76,2.0,0.0432,6.0,6.0,22.8,17.31,40.11,Medium
704,Proseware Laser Jet All in one X300 White,Computers,Proseware,2.14,1.0,0.0059,2.0,2.0,6.19,9.07,15.26,Low
705,Proseware Fax Phone E100 White,Computers,Proseware,9.73,2.0,0.0267,6.0,6.0,14.07,11.09,25.16,Medium
706,Proseware Fax Machine E100 White,Computers,Proseware,11.48,3.0,0.0315,5.0,5.0,11.07,15.1,26.17,Medium
707,Proseware Laser Fax Printer E100 White,Computers,Proseware,8.56,2.0,0.0235,5.0,5.0,12.38,11.6,23.98,Medium
708,Proseware Ink Jet Fax Machine E100 White,Computers,Proseware,10.9,3.0,0.0299,6.0,6.0,10.51,14.91,25.42,Medium
709,Proseware Mobile Receipt and Document Scanner M200 White,Computers,Proseware,9.15,2.0,0.0251,5.0,5.0,13.24,13.34,26.58,Medium
710,Proseware Scan Jet Digital Flat Bed Scanner M300 White,Computers,Proseware,10.12,2.0,0.0277,4.0,4.0,14.64,13.91,28.55,Medium
711,Proseware All-In-One Photo Printer M200 White,Computers,Proseware,6.81,2.0,0.0187,6.0,6.0,9.85,15.64,25.49,Medium
712,Proseware Ink Jet Wireless All-In-One Printer M400 White,Computers,Proseware,8.37,2.0,0.0229,5.0,5.0,12.11,14.83,26.94,Medium
713,Proseware Ink Jet Instant PDF Sheet-Fed Scanner M300 White,Computers,Proseware,7.78,2.0,0.0213,4.0,4.0,11.25,18.4,29.65,Medium
714,"Proseware Desk Jet All-in-One Printer, Scanner, Copier M350 White",Computers,Proseware,11.09,2.0,0.0304,5.0,5.0,16.04,18.16,34.2,Medium
715,Proseware Duplex Scanner M200 White,Computers,Proseware,11.29,2.0,0.0309,6.0,6.0,16.33,17.13,33.46,Medium
716,Proseware High Speed Laser M2000 White,Computers,Proseware,7.2,2.0,0.0197,3.0,3.0,10.41,17.31,27.72,Medium
717,Proseware Laser Fax Printer M250 White,Computers,Proseware,3.89,1.0,0.0107,4.0,4.0,11.25,6.78,18.03,Low
718,"Proseware Color Ink jet Fax, Copier, Phone M250 White",Computers,Proseware,11.68,2.0,0.032,5.0,5.0,16.9,18.28,35.18,Medium
719,Proseware Color Ink Jet Fax with 5.8 GHz Cordless Handset X250 White,Computers,Proseware,9.54,2.0,0.0261,5.0,5.0,13.8,18.89,32.69,Medium
720,Proseware Slim-Design Fax Machine with Answering System X180 White,Computers,Proseware,6.62,1.0,0.0181,6.0,6.0,19.15,9.77,28.92,Medium
721,Proseware High-Performance Business-Class Laser Fax X200 White,Computers,Proseware,17.71,2.0,0.0485,6.0,6.0,25.62,20.54,46.16,Medium
722,Proseware Professional Quality Plain-Paper Fax and Copier X100 White,Computers,Proseware,6.03,1.0,0.0165,4.0,4.0,17.44,9.48,26.92,Medium
723,Proseware Photo Ink jet Printer E290 White,Computers,Proseware,9.92,2.0,0.0272,5.0,5.0,14.35,13.0,27.35,Medium
724,Proseware Office Jet All-in-One Printer M500 White,Computers,Proseware,10.31,2.0,0.0282,6.0,6.0,14.91,18.74,33.65,Medium
725,Proseware Office Jet Wireless All-in-One Inkjet Printer M600 White,Computers,Proseware,6.42,1.0,0.0176,6.0,6.0,18.57,10.92,29.49,Medium
726,Proseware Photo Smart All-in-One Printer M380 White,Computers,Proseware,11.48,2.0,0.0315,5.0,5.0,16.61,16.9,33.51,Medium
727,Proseware Wireless Photo All-in-One Printer M390 White,Computers,Proseware,8.76,2.0,0.024,6.0,6.0,12.67,21.61,34.28,Medium
728,Proseware 23ppm Laser Printer with Wireless and Wired Network Interfaces M680 White,Computers,Proseware,5.25,1.0,0.0144,3.0,3.0,15.19,11.27,26.46,Medium
729,Proseware Scan Jet Digital Flat Bed Scanner M300 Green,Computers,Proseware,10.12,2.0,0.0277,4.0,4.0,14.64,13.91,28.55,Medium
730,Proseware All-In-One Photo Printer M200 Green,Computers,Proseware,8.76,2.0,0.024,6.0,6.0,12.67,15.64,28.31,Medium
731,Proseware Ink Jet Wireless All-In-One Printer M400 Green,Computers,Proseware,10.31,2.0,0.0282,4.0,4.0,14.91,14.83,29.74,Medium
732,Proseware Ink Jet Instant PDF Sheet-Fed Scanner M300 Green,Computers,Proseware,7.39,2.0,0.0202,3.0,3.0,10.69,18.4,29.09,Medium
733,"Proseware Desk Jet All-in-One Printer, Scanner, Copier M350 Green",Computers,Proseware,5.84,1.0,0.016,3.0,3.0,16.9,9.08,25.98,Medium
734,Proseware Duplex Scanner M200 Green,Computers,Proseware,8.76,2.0,0.024,5.0,5.0,12.67,17.13,29.8,Medium
735,Proseware High Speed Laser M2000 Green,Computers,Proseware,13.43,2.0,0.0368,5.0,5.0,19.43,17.31,36.74,Medium
736,Proseware Laser Fax Printer M250 Green,Computers,Proseware,4.09,1.0,0.0112,6.0,6.0,11.83,6.78,18.61,Low
737,"Proseware Color Ink Jet Fax, Copier, Phone M250 Green",Computers,Proseware,15.18,2.0,0.0416,5.0,5.0,21.96,18.28,40.24,Medium
738,Proseware Color Ink Jet Fax with 5.8 GHz Cordless Handset X250 Green,Computers,Proseware,10.51,2.0,0.0288,5.0,5.0,15.2,18.89,34.09,Medium
739,Proseware Slim-Design Fax Machine with Answering System X180 Green,Computers,Proseware,8.95,2.0,0.0245,5.0,5.0,12.95,19.55,32.5,Medium
740,Proseware High-Performance Business-Class Laser Fax X200 Green,Computers,Proseware,9.54,2.0,0.0261,5.0,5.0,13.8,20.54,34.34,Medium
741,Proseware Professional Quality Plain-Paper Fax and Copier X100 Green,Computers,Proseware,3.89,1.0,0.0107,6.0,6.0,11.25,9.48,20.73,Medium
742,Proseware Photo Inkjet Printer E290 Green,Computers,Proseware,16.15,3.0,0.0442,6.0,6.0,15.57,19.5,35.07,Medium
743,Contoso Rechargeable Battery E100 Black,Computers,Contoso,5.06,4.0,0.0139,5.0,5.0,3.66,3.3,6.96,Low
744,Contoso Dual USB Power Adapter - power adapter E300 Black,Computers,Contoso,4.86,2.0,0.0133,6.0,6.0,7.03,5.08,12.11,Low
745,Contoso Car power adapter M90 Black,Computers,Contoso,3.89,3.0,0.0107,6.0,6.0,3.75,3.44,7.19,Low
746,Contoso Notebook Peripheral Kit M69 Black,Computers,Contoso,4.67,4.0,0.0128,4.0,4.0,3.38,3.8,7.18,Low
747,Contoso Mouse Lock Bundle E200 Black,Computers,Contoso,4.28,4.0,0.0117,2.0,2.0,3.1,3.3,6.4,Low
748,Contoso Education Supplies Bundle E200 Black,Computers,Contoso,8.95,5.0,0.0245,5.0,5.0,5.18,4.3,9.48,Low
749,Contoso Laptop Starter Bundle M200 Black,Computers,Contoso,4.09,4.0,0.0112,4.0,4.0,2.96,3.8,6.76,Low
750,Contoso Education Essentials Bundle M300 Black,Computers,Contoso,5.84,6.0,0.016,7.0,7.0,2.82,3.28,6.1,Low
751,Contoso Desktop Alternative Bundle E200 Black,Computers,Contoso,1.36,2.0,0.0037,2.0,2.0,1.97,1.46,3.43,Low
752,Contoso Power Inverter - DC to AC power inverter E900 Black,Computers,Contoso,3.31,4.0,0.0091,4.0,4.0,2.39,2.42,4.81,Low
753,Contoso Smart Battery M901 Black,Computers,Contoso,2.34,3.0,0.0064,1.0,1.0,2.26,1.98,4.24,Low
754,Contoso Laptop Cooling Hub notebook fan with 4 ports USB hub E80 Black,Computers,Contoso,5.84,3.0,0.016,5.0,5.0,5.63,5.72,11.35,Low
755,Contoso Home/Office Laptop Power Adapter E300 Black,Computers,Contoso,6.03,3.0,0.0165,6.0,6.0,5.81,4.88,10.69,Low
756,Contoso USB 2.0 Dock Station docking station M800 Black,Computers,Contoso,4.67,3.0,0.0128,5.0,5.0,4.5,5.16,9.66,Low
757,Contoso Enhanced Capacity Battery M800 Black,Computers,Contoso,5.84,3.0,0.016,4.0,4.0,5.63,4.81,10.44,Low
758,Contoso Connectivity Starter Kit Smart Buy M680 Black,Computers,Contoso,2.72,2.0,0.0075,4.0,4.0,3.93,3.21,7.14,Low
759,Contoso 90W AC/DC Power Adapter E300 Black,Computers,Contoso,5.06,4.0,0.0139,4.0,4.0,3.66,3.04,6.7,Low
760,Contoso Reserve Pen - Tablet Pen E200 Black,Computers,Contoso,6.62,5.0,0.0181,6.0,6.0,3.83,4.43,8.26,Low
761,Contoso USB Data Link-direct connect adapter E600 Black,Computers,Contoso,2.72,3.0,0.0075,5.0,5.0,2.62,3.23,5.85,Low
762,Contoso Primary Extended Capacity Battery Pack - notebook battery X100 Black,Computers,Contoso,6.81,4.0,0.0187,6.0,6.0,4.93,5.62,10.55,Low
763,Contoso Digital camera accessory kit M200 Black,Computers,Contoso,6.62,4.0,0.0181,4.0,4.0,4.79,5.5,10.29,Low
764,Contoso Leather Case - case for digital photo camera X20 Black,Computers,Contoso,1.36,2.0,0.0037,2.0,2.0,1.97,3.3,5.27,Low
765,Contoso Lens cap E80 Black,Computers,Contoso,2.53,2.0,0.0069,6.0,6.0,3.66,3.82,7.48,Low
766,Contoso Battery charger - bike E200 Black,Computers,Contoso,4.48,3.0,0.0123,4.0,4.0,4.32,3.81,8.13,Low
767,Contoso USB Optical Mouse E200 Black,Computers,Contoso,5.84,4.0,0.016,5.0,5.0,4.22,3.95,8.17,Low
768,Contoso ADSL Modem Splitter/Filter X 1 E100 Black,Computers,Contoso,2.34,2.0,0.0064,3.0,3.0,3.38,2.28,5.66,Low
769,Contoso ADSL Modem Splitter/Filter X 2 E200 Black,Computers,Contoso,3.7,3.0,0.0101,2.0,2.0,3.57,4.38,7.95,Low
770,Contoso ADSL Modem Splitter/Filter X 3 E300 Black,Computers,Contoso,0.97,1.0,0.0027,5.0,5.0,2.81,3.37,6.18,Low
771,Contoso USB Wave Multi-media Keyboard E280 Black,Computers,Contoso,3.7,3.0,0.0101,4.0,4.0,3.57,3.04,6.61,Low
772,Contoso Cables To Go USB 2.0 Hard Drive Enclosure E920 Black,Computers,Contoso,6.42,5.0,0.0176,5.0,5.0,3.71,3.79,7.5,Low
773,Contoso USB Wave Multi-media Keyboard E280 Blue,Computers,Contoso,4.86,4.0,0.0133,5.0,5.0,3.51,4.06,7.57,Low
774,Contoso USB Optical Mouse E200 Blue,Computers,Contoso,5.25,4.0,0.0144,4.0,4.0,3.8,3.95,7.75,Low
775,Contoso Smart Battery M901 Blue,Computers,Contoso,0.97,2.0,0.0027,2.0,2.0,1.4,1.32,2.72,Low
776,Contoso Digital Camera Accessory kit M200 Blue,Computers,Contoso,5.45,3.0,0.0149,5.0,5.0,5.26,4.12,9.38,Low
777,Contoso Reserve Pen -Tablet Pen E200 Blue,Computers,Contoso,5.84,4.0,0.016,6.0,6.0,4.22,3.54,7.76,Low
778,Contoso Rechargeable Battery E100 White,Computers,Contoso,8.37,5.0,0.0229,6.0,6.0,4.84,4.12,8.96,Low
779,Contoso Dual USB Power Adapter - power adapter E300 White,Computers,Contoso,3.11,2.0,0.0085,2.0,2.0,4.5,5.08,9.58,Low
780,Contoso Car power adapter M90 White,Computers,Contoso,4.67,3.0,0.0128,4.0,4.0,4.5,3.44,7.94,Low
781,Contoso Notebook Peripheral Kit M69 White,Computers,Contoso,3.7,3.0,0.0101,3.0,3.0,3.57,2.85,6.42,Low
782,Contoso Mouse Lock Bundle E200 White,Computers,Contoso,2.92,3.0,0.008,2.0,2.0,2.82,2.47,5.29,Low
783,Contoso Education Supplies Bundle E200 White,Computers,Contoso,5.64,4.0,0.0155,5.0,5.0,4.08,3.44,7.52,Low
784,Contoso Laptop Starter Bundle M200 White,Computers,Contoso,7.01,5.0,0.0192,7.0,7.0,4.06,4.74,8.8,Low
785,Contoso Education Essentials Bundle M300 White,Computers,Contoso,3.5,4.0,0.0096,4.0,4.0,2.53,2.18,4.71,Low
786,Contoso Desktop Alternative Bundle E200 White,Computers,Contoso,3.7,4.0,0.0101,4.0,4.0,2.68,2.93,5.61,Low
787,Contoso Power Inverter - DC to AC power inverter E900 White,Computers,Contoso,5.06,5.0,0.0139,7.0,7.0,2.93,3.02,5.95,Low
788,Contoso Smart Battery M901 White,Computers,Contoso,1.36,2.0,0.0037,1.0,1.0,1.97,1.32,3.29,Low
789,Contoso Laptop Cooling Hub notebook fan with 4 ports USB hub E80 White,Computers,Contoso,4.48,3.0,0.0123,5.0,5.0,4.32,5.72,10.04,Low
790,Contoso Home/Office Laptop Power Adapter E300 White,Computers,Contoso,5.06,3.0,0.0139,3.0,3.0,4.88,4.88,9.76,Low
791,Contoso USB 2.0 Dock Station docking station M800 White,Computers,Contoso,7.98,4.0,0.0219,4.0,4.0,5.77,6.88,12.65,Low
792,Contoso Enhanced Capacity Battery M800 White,Computers,Contoso,5.84,3.0,0.016,6.0,6.0,5.63,4.81,10.44,Low
793,Contoso Connectivity Starter Kit Smart Buy M680 White,Computers,Contoso,4.67,3.0,0.0128,3.0,3.0,4.5,4.81,9.31,Low
794,Contoso 90W AC/DC Power Adapter E300 White,Computers,Contoso,6.03,5.0,0.0165,4.0,4.0,3.49,3.79,7.28,Low
795,Contoso Reserve Pen - Tablet Pen E200 White,Computers,Contoso,5.25,4.0,0.0144,5.0,5.0,3.8,3.54,7.34,Low
796,Contoso USB Data Link - direct connect adapter E600 White,Computers,Contoso,5.45,4.0,0.0149,5.0,5.0,3.94,4.31,8.25,Low
797,Contoso Primary Extended Capacity Battery Pack - notebook battery X100 White,Computers,Contoso,6.42,4.0,0.0176,5.0,5.0,4.64,5.62,10.26,Low
798,Contoso Digital camera accessory kit M200 White,Computers,Contoso,2.72,2.0,0.0075,5.0,5.0,3.93,2.75,6.68,Low
799,Contoso Leather Case - case for digital photo camera X20 White,Computers,Contoso,4.67,3.0,0.0128,5.0,5.0,4.5,4.96,9.46,Low
800,Contoso Lens cap E80 White,Computers,Contoso,5.64,3.0,0.0155,4.0,4.0,5.44,5.73,11.17,Low
801,Contoso Battery charger - bike E200 White,Computers,Contoso,3.5,3.0,0.0096,5.0,5.0,3.38,3.81,7.19,Low
802,Contoso USB Optical Mouse E200 White,Computers,Contoso,7.2,5.0,0.0197,5.0,5.0,4.17,4.94,9.11,Low
803,Contoso ADSL Modem Splitter/Filter X 1 E100 White,Computers,Contoso,4.28,3.0,0.0117,4.0,4.0,4.13,3.42,7.55,Low
804,Contoso ADSL Modem Splitter/Filter X 2 E200 White,Computers,Contoso,3.11,2.0,0.0085,4.0,4.0,4.5,2.92,7.42,Low
805,Contoso ADSL Modem Splitter/Filter X 3 E300 White,Computers,Contoso,4.67,2.0,0.0128,3.0,3.0,6.76,6.74,13.5,Low
806,Contoso USB Wave Multi-media Keyboard E280 White,Computers,Contoso,4.86,4.0,0.0133,4.0,4.0,3.51,4.06,7.57,Low
807,Contoso Cables To Go USB 2.0 Hard Drive Enclosure E920 White,Computers,Contoso,9.73,6.0,0.0267,5.0,5.0,4.69,4.55,9.24,Low
808,Contoso Rechargeable Battery E100 Grey,Computers,Contoso,4.86,4.0,0.0133,6.0,6.0,3.51,3.3,6.81,Low
809,Contoso Dual USB Power Adapter - power adapter E300 Grey,Computers,Contoso,2.72,2.0,0.0075,4.0,4.0,3.93,5.08,9.01,Low
810,Contoso Car power adapter M90 Grey,Computers,Contoso,5.84,4.0,0.016,4.0,4.0,4.22,4.58,8.8,Low
811,Contoso Notebook Peripheral Kit M69 Grey,Computers,Contoso,2.34,3.0,0.0064,6.0,6.0,2.26,2.85,5.11,Low
812,Contoso Mouse Lock Bundle E200 Grey,Computers,Contoso,8.17,5.0,0.0224,6.0,6.0,4.73,4.12,8.85,Low
813,Contoso Education Supplies Bundle E200 Grey,Computers,Contoso,2.92,3.0,0.008,4.0,4.0,2.82,2.58,5.4,Low
814,Contoso Laptop Starter Bundle M200 Grey,Computers,Contoso,4.86,4.0,0.0133,2.0,2.0,3.51,3.8,7.31,Low
815,Contoso Education Essentials Bundle M300 Grey,Computers,Contoso,6.03,6.0,0.0165,4.0,4.0,2.91,3.28,6.19,Low
816,Contoso Desktop Alternative Bundle E200 Grey,Computers,Contoso,1.36,2.0,0.0037,3.0,3.0,1.97,1.46,3.43,Low
817,Contoso Power Inverter - DC to AC power inverter E900 Grey,Computers,Contoso,4.86,5.0,0.0133,4.0,4.0,2.81,3.02,5.83,Low
818,Contoso Smart Battery M901 Grey,Computers,Contoso,3.5,4.0,0.0096,5.0,5.0,2.53,2.64,5.17,Low
819,Contoso Laptop Cooling Hub notebook fan with 4 ports USB hub E80 Grey,Computers,Contoso,7.78,3.0,0.0213,6.0,6.0,7.5,5.72,13.22,Low
820,Contoso Home/Office Laptop Power Adapter E300 Grey,Computers,Contoso,0.97,1.0,0.0027,1.0,1.0,2.81,1.62,4.43,Low
821,Contoso USB 2.0 Dock Station docking station M800 Grey,Computers,Contoso,4.67,3.0,0.0128,6.0,6.0,4.5,5.16,9.66,Low
822,Contoso Enhanced Capacity Battery M800 Grey,Computers,Contoso,6.03,3.0,0.0165,6.0,6.0,5.81,4.81,10.62,Low
823,Contoso Connectivity Starter Kit Smart Buy M680 Grey,Computers,Contoso,3.89,3.0,0.0107,3.0,3.0,3.75,4.81,8.56,Low
824,Contoso 90W AC/DC Power Adapter E300 Grey,Computers,Contoso,3.7,4.0,0.0101,6.0,6.0,2.68,3.04,5.72,Low
825,Contoso Reserve Pen - Tablet Pen E200 Grey,Computers,Contoso,2.92,3.0,0.008,1.0,1.0,2.82,2.66,5.48,Low
826,Contoso USB Data Link - direct connect adapter E600 Grey,Computers,Contoso,6.42,4.0,0.0176,6.0,6.0,4.64,4.31,8.95,Low
827,Contoso Primary Extended Capacity Battery Pack - notebook battery X100 Grey,Computers,Contoso,7.78,4.0,0.0213,6.0,6.0,5.63,5.62,11.25,Low
828,Contoso Digital camera accessory kit M200 Grey,Computers,Contoso,3.89,3.0,0.0107,7.0,7.0,3.75,4.12,7.87,Low
829,Contoso Leather Case - case for digital photo camera X20 Grey,Computers,Contoso,6.03,3.0,0.0165,7.0,7.0,5.81,4.96,10.77,Low
830,Contoso Lens cap E80 Grey,Computers,Contoso,1.17,1.0,0.0032,2.0,2.0,3.38,1.91,5.29,Low
831,Contoso Battery charger - bike E200 Grey,Computers,Contoso,4.09,3.0,0.0112,3.0,3.0,3.94,3.81,7.75,Low
832,Contoso USB Optical Mouse E200 Grey,Computers,Contoso,5.06,4.0,0.0139,6.0,6.0,3.66,3.95,7.61,Low
833,Contoso ADSL Modem Splitter/Filter X 1 E100 Grey,Computers,Contoso,5.25,4.0,0.0144,4.0,4.0,3.8,4.57,8.37,Low
834,Contoso ADSL Modem Splitter/Filter X 2 E200 Grey,Computers,Contoso,2.92,2.0,0.008,2.0,2.0,4.22,2.92,7.14,Low
835,Contoso ADSL Modem Splitter/Filter X 3 E300 Grey,Computers,Contoso,5.45,2.0,0.0149,6.0,6.0,7.88,6.74,14.62,Low
836,Contoso USB Wave Multi-Media Keyboard E280 Grey,Computers,Contoso,7.78,5.0,0.0213,5.0,5.0,4.5,5.07,9.57,Low
837,Contoso Cables To Go USB 2.0 Hard Drive Enclosure E920 Grey,Computers,Contoso,5.06,4.0,0.0139,6.0,6.0,3.66,3.04,6.7,Low
838,Contoso USB Optical Mouse E200 Gold,Computers,Contoso,2.72,3.0,0.0075,5.0,5.0,2.62,2.96,5.58,Low
839,Contoso USB Wave Multi-Media Keyboard M901 Gold,Computers,Contoso,1.75,2.0,0.0048,8.0,8.0,2.53,2.98,5.51,Low
840,Contoso Laptop Cooling Hub notebook fan with 4 ports USB hub M200 Gold,Computers,Contoso,5.06,3.0,0.0139,5.0,5.0,4.88,6.88,11.76,Low
841,Contoso Reserve Pen - Tablet Pen E200 Gold,Computers,Contoso,2.53,3.0,0.0069,6.0,6.0,2.44,2.66,5.1,Low
842,Contoso Bright Light battery E20 Black,Computers,Contoso,1.56,2.0,0.0043,2.0,2.0,2.26,3.43,5.69,Low
843,Contoso Bright Light battery E20 blue,Computers,Contoso,4.86,3.0,0.0133,7.0,7.0,4.69,5.14,9.83,Low
844,Contoso Bright Light battery E20 Pink,Computers,Contoso,4.67,3.0,0.0128,6.0,6.0,4.5,5.14,9.64,Low
845,Contoso Bright Light battery E20 White,Computers,Contoso,4.28,3.0,0.0117,3.0,3.0,4.13,5.14,9.27,Low
846,Contoso Ultraportable Neoprene Sleeve E30 Black,Computers,Contoso,6.03,4.0,0.0165,4.0,4.0,4.36,3.98,8.34,Low
847,Contoso Ultraportable Neoprene Sleeve E30 Pink,Computers,Contoso,3.89,3.0,0.0107,3.0,3.0,3.75,2.98,6.73,Low
848,Contoso Ultraportable Neoprene Sleeve E30 Yellow,Computers,Contoso,1.56,2.0,0.0043,1.0,1.0,2.26,1.99,4.25,Low
849,Contoso Ultraportable Neoprene Sleeve E30 Green,Computers,Contoso,4.48,4.0,0.0123,5.0,5.0,3.24,3.98,7.22,Low
850,Contoso Laptop Keyboard X105 Black,Computers,Contoso,4.48,1.0,0.0123,3.0,3.0,12.96,9.56,22.52,Medium
851,Contoso Laptop Keyboard X105 White,Computers,Contoso,9.54,2.0,0.0261,6.0,6.0,13.8,19.12,32.92,Medium
852,Contoso Laptop Keyboard X105 Brown,Computers,Contoso,3.7,1.0,0.0101,8.0,8.0,10.7,9.56,20.26,Medium
853,Contoso Laptop Keyboard X105 Silver,Computers,Contoso,2.53,1.0,0.0069,3.0,3.0,7.32,9.56,16.88,Low
854,Contoso Multimedia Speakers M25 Brown,Computers,Contoso,5.84,2.0,0.016,3.0,3.0,8.45,14.83,23.28,Medium
855,Contoso Multimedia Speakers M25 Blue,Computers,Contoso,3.5,1.0,0.0096,5.0,5.0,10.13,7.42,17.55,Low
856,Contoso Multimedia Speakers M25 Black,Computers,Contoso,3.11,1.0,0.0085,4.0,4.0,9.0,7.42,16.42,Low
857,Contoso Multimedia Speakers M25 White,Computers,Contoso,5.84,2.0,0.016,5.0,5.0,8.45,14.83,23.28,Medium
858,Contoso Wireless Notebook Optical Mouse M35 Black,Computers,Contoso,6.03,3.0,0.0165,3.0,3.0,5.81,5.16,10.97,Low
859,Contoso Wireless Notebook Optical Mouse M35 White,Computers,Contoso,7.78,4.0,0.0213,6.0,6.0,5.63,6.88,12.51,Low
860,Contoso Wireless Notebook Optical Mouse M35 Blue,Computers,Contoso,1.56,2.0,0.0043,2.0,2.0,2.26,3.44,5.7,Low
861,Contoso Wireless Notebook Optical Mouse M35 Silver,Computers,Contoso,4.86,3.0,0.0133,4.0,4.0,4.69,5.16,9.85,Low
862,Contoso Wireless Notebook Optical Mouse M35 Orange,Computers,Contoso,0.78,1.0,0.0021,1.0,1.0,2.26,1.72,3.98,Low
863,Contoso Optical USB Mouse M45 Black,Computers,Contoso,3.31,2.0,0.0091,4.0,4.0,4.79,5.86,10.65,Low
864,Contoso Optical USB Mouse M45 White,Computers,Contoso,5.06,2.0,0.0139,4.0,4.0,7.32,5.86,13.18,Low
865,Contoso Optical USB Mouse M45 Grey,Computers,Contoso,7.2,3.0,0.0197,6.0,6.0,6.94,8.79,15.73,Low
866,Contoso Wireless Laser Mouse M55 Black,Computers,Contoso,4.28,2.0,0.0117,4.0,4.0,6.19,8.05,14.24,Low
867,Contoso Wireless Laser Mouse M55 White,Computers,Contoso,5.25,2.0,0.0144,7.0,7.0,7.59,8.05,15.64,Low
868,Contoso Wireless Laser Mouse M55 Grey,Computers,Contoso,6.42,2.0,0.0176,4.0,4.0,9.29,8.05,17.34,Low
869,Contoso Wireless Laser Mouse M55 Silver,Computers,Contoso,3.7,2.0,0.0101,4.0,4.0,5.35,8.05,13.4,Low
870,Contoso Wireless Laser Mouse E50 Black,Computers,Contoso,4.09,3.0,0.0112,7.0,7.0,3.94,4.01,7.95,Low
871,Contoso Wireless Laser Mouse E50 White,Computers,Contoso,4.86,3.0,0.0133,5.0,5.0,4.69,4.01,8.7,Low
872,Contoso Wireless Laser Mouse E50 Silver,Computers,Contoso,5.84,4.0,0.016,6.0,6.0,4.22,5.34,9.56,Low
873,Contoso Wireless Laser Mouse E50 Grey,Computers,Contoso,7.39,4.0,0.0202,6.0,6.0,5.34,5.34,10.68,Low
874,Contoso Wireless Notebook Optical Mouse X205 Black,Computers,Contoso,3.31,1.0,0.0091,7.0,7.0,9.58,5.38,14.96,Low
875,Contoso Wireless Notebook Optical Mouse X205 White,Computers,Contoso,4.09,1.0,0.0112,3.0,3.0,11.83,5.38,17.21,Low
876,Contoso Wireless Notebook Optical Mouse X205 Blue,Computers,Contoso,2.14,1.0,0.0059,2.0,2.0,6.19,5.38,11.57,Low
877,Contoso Wireless Notebook Optical Mouse X205 Silver,Computers,Contoso,2.92,1.0,0.008,7.0,7.0,8.45,5.38,13.83,Low
878,Contoso Wireless Notebook Optical Mouse X205 Orange,Computers,Contoso,1.95,1.0,0.0053,3.0,3.0,5.64,5.38,11.02,Low
879,Contoso Optical Wheel OEM PS/2 Mouse E60 Grey,Computers,Contoso,4.67,4.0,0.0128,5.0,5.0,3.38,3.32,6.7,Low
880,Contoso Optical Wheel OEM PS/2 Mouse E60 Black,Computers,Contoso,1.56,2.0,0.0043,2.0,2.0,2.26,1.66,3.92,Low
881,Contoso Optical Wheel OEM PS/2 Mouse E60 White,Computers,Contoso,3.7,4.0,0.0101,4.0,4.0,2.68,3.32,6.0,Low
882,Contoso Optical Wheel OEM PS/2 Mouse E60 Silver,Computers,Contoso,9.15,6.0,0.0251,6.0,6.0,4.41,4.97,9.38,Low
883,Contoso Bluetooth Notebook Mouse X305 Black,Computers,Contoso,1.95,1.0,0.0053,7.0,7.0,5.64,6.21,11.85,Low
884,Contoso Bluetooth Notebook Mouse X305 White,Computers,Contoso,5.45,2.0,0.0149,5.0,5.0,7.88,12.42,20.3,Medium
885,Contoso Bluetooth Notebook Mouse X305 Silver,Computers,Contoso,3.5,1.0,0.0096,5.0,5.0,10.13,6.21,16.34,Low
886,Contoso Bluetooth Notebook Mouse X305 Grey,Computers,Contoso,7.78,2.0,0.0213,4.0,4.0,11.25,12.42,23.67,Medium
887,Contoso Bluetooth Notebook Mouse E70 Black,Computers,Contoso,3.89,2.0,0.0107,6.0,6.0,5.63,6.37,12.0,Low
888,Contoso Bluetooth Notebook Mouse E70 White,Computers,Contoso,2.72,2.0,0.0075,2.0,2.0,3.93,6.37,10.3,Low
889,Contoso Bluetooth Notebook Mouse E70 Silver,Computers,Contoso,3.31,2.0,0.0091,4.0,4.0,4.79,6.37,11.16,Low
890,Contoso Bluetooth Notebook Mouse E70 Grey,Computers,Contoso,5.64,2.0,0.0155,7.0,7.0,8.16,6.37,14.53,Low
891,SV Rechargeable Bluetooth Notebook Mouse E80 Silver,Computers,Southridge Video,1.95,1.0,0.0053,4.0,4.0,5.64,3.82,9.46,Low
892,SV Rechargeable Bluetooth Notebook Mouse E80 Black,Computers,Southridge Video,7.2,2.0,0.0197,7.0,7.0,10.41,7.64,18.05,Low
893,SV Rechargeable Bluetooth Notebook Mouse E80 White,Computers,Southridge Video,6.03,2.0,0.0165,5.0,5.0,8.72,7.64,16.36,Low
894,SV Rechargeable Bluetooth Notebook Mouse E80 Grey,Computers,Southridge Video,3.31,2.0,0.0091,5.0,5.0,4.79,7.64,12.43,Low
895,SV Keyboard E90 Silver,Computers,Southridge Video,3.31,2.0,0.0091,8.0,8.0,4.79,5.32,10.11,Low
896,SV Keyboard E90 White,Computers,Southridge Video,1.95,1.0,0.0053,2.0,2.0,5.64,2.66,8.3,Low
897,SV Keyboard E90 Black,Computers,Southridge Video,6.23,3.0,0.0171,7.0,7.0,6.01,7.98,13.99,Low
898,SV Keyboard E90 Grey,Computers,Southridge Video,1.36,1.0,0.0037,1.0,1.0,3.93,2.66,6.59,Low
899,SV Keyboard E10 Silver,Computers,Southridge Video,6.81,3.0,0.0187,5.0,5.0,6.57,8.41,14.98,Low
900,SV Keyboard E10 White,Computers,Southridge Video,6.62,3.0,0.0181,3.0,3.0,6.38,8.41,14.79,Low
901,SV Keyboard E10 Black,Computers,Southridge Video,4.86,2.0,0.0133,2.0,2.0,7.03,5.61,12.64,Low
902,SV Keyboard E10 Grey,Computers,Southridge Video,3.11,2.0,0.0085,5.0,5.0,4.5,5.61,10.11,Low
903,SV 40GB USB2.0 Portable Hard Disk E400 Red,Computers,Southridge Video,6.42,2.0,0.0176,5.0,5.0,9.29,9.68,18.97,Low
904,SV 40GB USB2.0 Portable Hard Disk E400 Silver,Computers,Southridge Video,4.86,2.0,0.0133,3.0,3.0,7.03,9.68,16.71,Low
905,SV 40GB USB2.0 Portable Hard Disk E400 Blue,Computers,Southridge Video,7.01,2.0,0.0192,5.0,5.0,10.14,9.68,19.82,Low
906,SV 40GB USB2.0 Portable Hard Disk E400 Yellow,Computers,Southridge Video,4.67,2.0,0.0128,5.0,5.0,6.76,9.68,16.44,Low
907,SV 80GB USB2.0 Portable Hard Disk E500 Red,Computers,Southridge Video,4.09,1.0,0.0112,4.0,4.0,11.83,6.5,18.33,Low
908,SV 80GB USB2.0 Portable Hard Disk E500 Silver,Computers,Southridge Video,4.48,1.0,0.0123,6.0,6.0,12.96,6.5,19.46,Low
909,SV 80GB USB2.0 Portable Hard Disk E500 Blue,Computers,Southridge Video,4.09,1.0,0.0112,3.0,3.0,11.83,6.5,18.33,Low
910,SV 80GB USB2.0 Portable Hard Disk E500 Yellow,Computers,Southridge Video,5.25,2.0,0.0144,7.0,7.0,7.59,13.0,20.59,Medium
911,SV 160GB USB2.0 Portable Hard Disk M65 Silver,Computers,Southridge Video,6.62,2.0,0.0181,7.0,7.0,9.58,11.02,20.6,Medium
912,SV 160GB USB2.0 Portable Hard Disk M65 Black,Computers,Southridge Video,2.72,1.0,0.0075,10.0,10.0,7.87,5.51,13.38,Low
913,SV 160GB USB2.0 Portable Hard Disk M65 White,Computers,Southridge Video,2.92,1.0,0.008,6.0,6.0,8.45,5.51,13.96,Low
914,SV 160GB USB2.0 Portable Hard Disk M65 Grey,Computers,Southridge Video,2.72,1.0,0.0075,3.0,3.0,7.87,5.51,13.38,Low
915,SV 500GB USB 2.0 Portable External Hard Drive X405 Pink,Computers,Southridge Video,3.5,1.0,0.0096,6.0,6.0,10.13,7.41,17.54,Low
916,SV 500GB USB 2.0 Portable External Hard Drive X405 Blue,Computers,Southridge Video,4.09,1.0,0.0112,4.0,4.0,11.83,7.41,19.24,Low
917,SV 500GB USB 2.0 Portable External Hard Drive X405 White,Computers,Southridge Video,5.25,1.0,0.0144,4.0,4.0,15.19,7.41,22.6,Medium
918,SV 500GB USB 2.0 Portable External Hard Drive X405 Black,Computers,Southridge Video,4.09,1.0,0.0112,5.0,5.0,11.83,7.41,19.24,Low
919,SV USB Data Cable E600 Pink,Computers,Southridge Video,5.25,16.0,0.0144,2.0,2.0,0.95,0.96,1.91,Low
920,SV USB Data Cable E600 Black,Computers,Southridge Video,6.23,17.0,0.0171,5.0,5.0,1.06,1.02,2.08,Low
921,SV USB Data Cable E600 Silver,Computers,Southridge Video,3.11,12.0,0.0085,4.0,4.0,0.75,0.72,1.47,Low
922,SV USB Data Cable E600 Grey,Computers,Southridge Video,4.48,15.0,0.0123,9.0,9.0,0.86,0.9,1.76,Low
923,SV USB Sync Charge Cable E700 Blue,Computers,Southridge Video,3.5,9.0,0.0096,4.0,4.0,1.13,1.14,2.27,Low
924,SV USB Sync Charge Cable E700 Black,Computers,Southridge Video,3.7,9.0,0.0101,3.0,3.0,1.19,1.14,2.33,Low
925,SV USB Sync Charge Cable E700 White,Computers,Southridge Video,4.67,10.0,0.0128,4.0,4.0,1.35,1.26,2.61,Low
926,SV USB Sync Charge Cable E700 Silver,Computers,Southridge Video,1.56,6.0,0.0043,3.0,3.0,0.75,0.76,1.51,Low
927,SV 512MB Laptop memory E800 White,Computers,Southridge Video,7.98,3.0,0.0219,4.0,4.0,7.7,6.5,14.2,Low
928,SV 512MB Laptop memory E800 Silver,Computers,Southridge Video,4.48,2.0,0.0123,5.0,5.0,6.48,4.33,10.81,Low
929,SV 512MB Laptop memory E800 Black,Computers,Southridge Video,4.86,3.0,0.0133,4.0,4.0,4.69,6.5,11.19,Low
930,SV 512MB Laptop memory E800 Yellow,Computers,Southridge Video,5.64,3.0,0.0155,5.0,5.0,5.44,6.5,11.94,Low
931,SV 2GB Laptop memory E800 Silver,Computers,Southridge Video,6.03,2.0,0.0165,4.0,4.0,8.72,7.01,15.73,Low
932,SV 2GB Laptop memory E800 Black,Computers,Southridge Video,4.86,2.0,0.0133,6.0,6.0,7.03,7.01,14.04,Low
933,SV 2GB Laptop memory E800 White,Computers,Southridge Video,5.64,2.0,0.0155,6.0,6.0,8.16,7.01,15.17,Low
934,SV 4GB Laptop Memory M65 Blue,Computers,Southridge Video,1.17,1.0,0.0032,2.0,2.0,3.38,4.54,7.92,Low
935,SV 4GB Laptop Memory M65 Yellow,Computers,Southridge Video,3.11,1.0,0.0085,3.0,3.0,9.0,4.54,13.54,Low
936,SV 4GB Laptop Memory M65 Black,Computers,Southridge Video,1.17,1.0,0.0032,4.0,4.0,3.38,4.54,7.92,Low
937,SV 4GB Laptop Memory M65 White,Computers,Southridge Video,5.64,2.0,0.0155,8.0,8.0,8.16,9.08,17.24,Low
938,SV Wireless LAN PCI Network Card Adapter E900 Black,Computers,Southridge Video,2.34,1.0,0.0064,3.0,3.0,6.77,6.31,13.08,Low
939,SV Wireless LAN PCI Network Card Adapter E901 Black,Computers,Southridge Video,5.25,2.0,0.0144,4.0,4.0,7.59,12.62,20.21,Medium
940,SV Wireless LAN PCI Network Card Adapter E902 Black,Computers,Southridge Video,4.67,1.0,0.0128,3.0,3.0,13.51,6.31,19.82,Low
941,SV PCI Network Adapter E903 Silver,Computers,Southridge Video,3.31,2.0,0.0091,3.0,3.0,4.79,5.35,10.14,Low
942,SV PCI Network Adapter E904 Silver,Computers,Southridge Video,2.92,2.0,0.008,5.0,5.0,4.22,5.35,9.57,Low
943,SV PCI Network Adapter E905 Silver,Computers,Southridge Video,3.5,2.0,0.0096,4.0,4.0,5.06,5.35,10.41,Low
944,A. Datum Compact Digital Camera M200 Black,Cameras and camcorders,A. Datum,4.67,1.0,0.0128,7.0,7.0,13.51,7.42,20.93,Medium
945,A. Datum Rangefinder Digital Camera X200 Black,Cameras and camcorders,A. Datum,5.06,1.0,0.0139,3.0,3.0,14.64,8.28,22.92,Medium
946,A. Datum Slim Digital Camera M180 Black,Cameras and camcorders,A. Datum,10.31,2.0,0.0282,6.0,6.0,14.91,17.02,31.93,Medium
947,A. Datum Ultra Compact Digital Camera M190 Black,Cameras and camcorders,A. Datum,5.84,1.0,0.016,4.0,4.0,16.9,9.48,26.38,Medium
948,A. Datum All in One Digital Camera M200 Black,Cameras and camcorders,A. Datum,5.64,1.0,0.0155,5.0,5.0,16.32,10.81,27.13,Medium
949,A. Datum Interchangeable lens Non-SLR Digital Camera X250 Black,Cameras and camcorders,A. Datum,8.17,1.0,0.0224,7.0,7.0,23.64,11.1,34.74,Medium
950,A. Datum Super-zoom Digital Camera X300 Black,Cameras and camcorders,A. Datum,4.28,1.0,0.0117,5.0,5.0,12.38,12.01,24.39,Medium
951,A. Datum Consumer Digital Camera E100 Black,Cameras and camcorders,A. Datum,15.37,2.0,0.0421,7.0,7.0,22.23,35.82,58.05,High
952,A. Datum Consumer Digital Camera M300 Black,Cameras and camcorders,A. Datum,8.37,2.0,0.0229,5.0,5.0,12.11,21.21,33.32,Medium
953,A. Datum Advanced Digital Camera M300 Black,Cameras and camcorders,A. Datum,6.62,1.0,0.0181,5.0,5.0,19.15,10.84,29.99,Medium
954,A. Datum Bridge Digital Camera M300 Black,Cameras and camcorders,A. Datum,6.62,1.0,0.0181,5.0,5.0,19.15,10.74,29.89,Medium
955,A. Datum SLR-like Digital Camera M400 Black,Cameras and camcorders,A. Datum,7.2,1.0,0.0197,7.0,7.0,20.83,11.32,32.15,Medium
956,A. Datum Point Shoot Digital Camera M500 Black,Cameras and camcorders,A. Datum,7.78,1.0,0.0213,6.0,6.0,22.51,11.38,33.89,Medium
957,A. Datum Full Frame Digital Camera X300 Black,Cameras and camcorders,A. Datum,15.96,2.0,0.0437,7.0,7.0,23.09,19.13,42.22,Medium
958,A. Datum Compact Digital Camera M200 Grey,Cameras and camcorders,A. Datum,3.7,1.0,0.0101,4.0,4.0,10.7,7.42,18.12,Low
959,A. Datum Rangefinder Digital Camera X200 Grey,Cameras and camcorders,A. Datum,5.25,1.0,0.0144,3.0,3.0,15.19,8.28,23.47,Medium
960,A. Datum Slim Digital Camera M180 Grey,Cameras and camcorders,A. Datum,9.34,2.0,0.0256,4.0,4.0,13.51,17.02,30.53,Medium
961,A. Datum Ultra Compact Digital Camera M190 Grey,Cameras and camcorders,A. Datum,10.7,2.0,0.0293,4.0,4.0,15.48,18.97,34.45,Medium
962,A. Datum All in One Digital Camera M200 Grey,Cameras and camcorders,A. Datum,9.92,2.0,0.0272,5.0,5.0,14.35,21.61,35.96,Medium
963,A. Datum Interchangeable lens Non-SLR Digital Camera X250 Grey,Cameras and camcorders,A. Datum,7.2,1.0,0.0197,6.0,6.0,20.83,11.1,31.93,Medium
964,A. Datum Super-zoom Digital Camera X300 Grey,Cameras and camcorders,A. Datum,7.98,1.0,0.0219,5.0,5.0,23.09,12.01,35.1,Medium
965,A. Datum Consumer Digital Camera E100 Grey,Cameras and camcorders,A. Datum,13.62,1.0,0.0373,4.0,4.0,39.4,17.91,57.31,High
966,A. Datum Consumer Digital Camera M300 Grey,Cameras and camcorders,A. Datum,7.59,1.0,0.0208,4.0,4.0,21.96,10.6,32.56,Medium
967,A. Datum Advanced Digital Camera M300 Grey,Cameras and camcorders,A. Datum,9.54,2.0,0.0261,6.0,6.0,13.8,21.67,35.47,Medium
968,A. Datum Bridge Digital Camera M300 Grey,Cameras and camcorders,A. Datum,11.09,2.0,0.0304,5.0,5.0,16.04,21.49,37.53,Medium
969,A. Datum SLR-like Digital Camera M400 Grey,Cameras and camcorders,A. Datum,9.15,2.0,0.0251,4.0,4.0,13.24,22.64,35.88,Medium
970,A. Datum Point n' Shoot Digital Camera M500 Grey,Cameras and camcorders,A. Datum,4.86,1.0,0.0133,4.0,4.0,14.06,11.38,25.44,Medium
971,A. Datum Full Frame Digital Camera X300 Grey,Cameras and camcorders,A. Datum,8.37,2.0,0.0229,5.0,5.0,12.11,19.13,31.24,Medium
972,A. Datum Compact Digital Camera M200 Pink,Cameras and camcorders,A. Datum,5.84,2.0,0.016,3.0,3.0,8.45,14.83,23.28,Medium
973,A. Datum Rangefinder Digital Camera X200 Pink,Cameras and camcorders,A. Datum,14.59,2.0,0.04,6.0,6.0,21.1,16.57,37.67,Medium
974,A. Datum Slim Digital Camera M180 Pink,Cameras and camcorders,A. Datum,10.31,2.0,0.0282,4.0,4.0,14.91,17.02,31.93,Medium
975,A. Datum Ultra Compact Digital Camera M190 Pink,Cameras and camcorders,A. Datum,6.23,1.0,0.0171,5.0,5.0,18.02,9.48,27.5,Medium
976,A. Datum All in One Digital Camera M200 Pink,Cameras and camcorders,A. Datum,9.54,2.0,0.0261,5.0,5.0,13.8,21.61,35.41,Medium
977,A. Datum Interchangeable lens Non-SLR Digital Camera X250 Pink,Cameras and camcorders,A. Datum,8.95,2.0,0.0245,4.0,4.0,12.95,22.2,35.15,Medium
978,A. Datum Super-zoom Digital Camera X300 Pink,Cameras and camcorders,A. Datum,7.98,1.0,0.0219,6.0,6.0,23.09,12.01,35.1,Medium
979,A. Datum Consumer Digital Camera E100 Pink,Cameras and camcorders,A. Datum,8.37,1.0,0.0229,5.0,5.0,24.21,17.91,42.12,Medium
980,A. Datum Consumer Digital Camera M300 Pink,Cameras and camcorders,A. Datum,5.06,1.0,0.0139,7.0,7.0,14.64,10.6,25.24,Medium
981,A. Datum Advanced Digital Camera M300 Pink,Cameras and camcorders,A. Datum,6.42,1.0,0.0176,4.0,4.0,18.57,10.84,29.41,Medium
982,A. Datum Bridge Digital Camera M300 Pink,Cameras and camcorders,A. Datum,7.01,1.0,0.0192,3.0,3.0,20.28,10.74,31.02,Medium
983,A. Datum SLR-like Digital Camera M400 Pink,Cameras and camcorders,A. Datum,6.81,1.0,0.0187,3.0,3.0,19.7,11.32,31.02,Medium
984,A. Datum Point Shoot Digital Camera M500 Pink,Cameras and camcorders,A. Datum,12.45,2.0,0.0341,7.0,7.0,18.01,22.76,40.77,Medium
985,A. Datum Full Frame Digital Camera X300 Pink,Cameras and camcorders,A. Datum,11.09,2.0,0.0304,6.0,6.0,16.04,19.13,35.17,Medium
986,A. Datum Compact Digital Camera M200 Silver,Cameras and camcorders,A. Datum,13.43,2.0,0.0368,5.0,5.0,19.43,14.83,34.26,Medium
987,A. Datum Rangefinder Digital Camera X200 Silver,Cameras and camcorders,A. Datum,6.62,2.0,0.0181,5.0,5.0,9.58,16.57,26.15,Medium
988,A. Datum Slim Digital Camera M180 Silver,Cameras and camcorders,A. Datum,5.25,1.0,0.0144,5.0,5.0,15.19,8.51,23.7,Medium
989,A. Datum Ultra Compact Digital Camera M190 Silver,Cameras and camcorders,A. Datum,11.29,2.0,0.0309,6.0,6.0,16.33,18.97,35.3,Medium
990,A. Datum All in One Digital Camera M200 Silver,Cameras and camcorders,A. Datum,12.45,2.0,0.0341,5.0,5.0,18.01,21.61,39.62,Medium
991,A. Datum Interchangeable lens Non-SLR Digital Camera X250 Silver,Cameras and camcorders,A. Datum,8.17,1.0,0.0224,4.0,4.0,23.64,11.1,34.74,Medium
992,A. Datum Super-zoom Digital Camera X300 Silver,Cameras and camcorders,A. Datum,8.37,1.0,0.0229,4.0,4.0,24.21,12.01,36.22,Medium
993,A. Datum Consumer Digital Camera E100 Silver,Cameras and camcorders,A. Datum,7.98,1.0,0.0219,3.0,3.0,23.09,17.91,41.0,Medium
994,A. Datum Consumer Digital Camera M300 Silver,Cameras and camcorders,A. Datum,9.34,2.0,0.0256,6.0,6.0,13.51,21.21,34.72,Medium
995,A. Datum Advanced Digital Camera M300 Silver,Cameras and camcorders,A. Datum,6.81,1.0,0.0187,5.0,5.0,19.7,10.84,30.54,Medium
996,A. Datum Bridge Digital Camera M300 Silver,Cameras and camcorders,A. Datum,6.03,1.0,0.0165,4.0,4.0,17.44,10.74,28.18,Medium
997,A. Datum SLR-like Digital Camera M400 Silver,Cameras and camcorders,A. Datum,6.62,1.0,0.0181,4.0,4.0,19.15,11.32,30.47,Medium
998,A. Datum Point Shoot Digital Camera M500 Silver,Cameras and camcorders,A. Datum,4.28,1.0,0.0117,5.0,5.0,12.38,11.38,23.76,Medium
999,A. Datum Full Frame Digital Camera X300 Silver,Cameras and camcorders,A. Datum,5.64,1.0,0.0155,4.0,4.0,16.32,9.57,25.89,Medium
1000,A. Datum Compact Digital Camera M200 Orange,Cameras and camcorders,A. Datum,6.81,2.0,0.0187,5.0,5.0,9.85,14.83,24.68,Medium
1001,A. Datum Rangefinder Digital Camera X200 Orange,Cameras and camcorders,A. Datum,8.37,2.0,0.0229,5.0,5.0,12.11,16.57,28.68,Medium
1002,A. Datum Slim Digital Camera M180 Orange,Cameras and camcorders,A. Datum,2.92,1.0,0.008,3.0,3.0,8.45,8.51,16.96,Low
1003,A. Datum Ultra Compact Digital Camera M190 Orange,Cameras and camcorders,A. Datum,7.39,2.0,0.0202,6.0,6.0,10.69,18.97,29.66,Medium
1004,A. Datum All in One Digital Camera M200 Orange,Cameras and camcorders,A. Datum,11.29,2.0,0.0309,6.0,6.0,16.33,21.61,37.94,Medium
1005,A. Datum Interchangeable lens Non-SLR Digital Camera X250 Orange,Cameras and camcorders,A. Datum,8.76,2.0,0.024,6.0,6.0,12.67,22.2,34.87,Medium
1006,A. Datum Super-zoom Digital Camera X300 Orange,Cameras and camcorders,A. Datum,5.64,1.0,0.0155,3.0,3.0,16.32,12.01,28.33,Medium
1007,A. Datum Consumer Digital Camera E100 Orange,Cameras and camcorders,A. Datum,10.7,1.0,0.0293,5.0,5.0,30.96,17.91,48.87,Medium
1008,A. Datum Consumer Digital Camera M300 Orange,Cameras and camcorders,A. Datum,6.23,1.0,0.0171,4.0,4.0,18.02,10.6,28.62,Medium
1009,A. Datum Advanced Digital Camera M300 Orange,Cameras and camcorders,A. Datum,8.95,2.0,0.0245,5.0,5.0,12.95,21.67,34.62,Medium
1010,A. Datum Bridge Digital Camera M300 Orange,Cameras and camcorders,A. Datum,15.76,2.0,0.0432,6.0,6.0,22.8,21.49,44.29,Medium
1011,A. Datum SLR-like Digital Camera M400 Orange,Cameras and camcorders,A. Datum,5.45,1.0,0.0149,3.0,3.0,15.77,11.32,27.09,Medium
1012,A. Datum Point Shoot Digital Camera M500 Orange,Cameras and camcorders,A. Datum,13.43,2.0,0.0368,4.0,4.0,19.43,22.76,42.19,Medium
1013,A. Datum Full Frame Digital Camera X300 Orange,Cameras and camcorders,A. Datum,7.59,2.0,0.0208,5.0,5.0,10.98,19.13,30.11,Medium
1014,A. Datum Compact Digital Camera M200 Green,Cameras and camcorders,A. Datum,6.81,2.0,0.0187,5.0,5.0,9.85,14.83,24.68,Medium
1015,A. Datum Rangefinder Digital Camera X200 Green,Cameras and camcorders,A. Datum,7.59,2.0,0.0208,4.0,4.0,10.98,16.57,27.55,Medium
1016,A. Datum Slim Digital Camera M180 Green,Cameras and camcorders,A. Datum,7.78,2.0,0.0213,3.0,3.0,11.25,17.02,28.27,Medium
1017,A. Datum Ultra Compact Digital Camera M190 Green,Cameras and camcorders,A. Datum,5.84,1.0,0.016,5.0,5.0,16.9,9.48,26.38,Medium
1018,A. Datum All in One Digital Camera M200 Green,Cameras and camcorders,A. Datum,12.26,2.0,0.0336,6.0,6.0,17.73,21.61,39.34,Medium
1019,A. Datum Interchangeable lens Non-SLR Digital Camera X250 Green,Cameras and camcorders,A. Datum,8.17,1.0,0.0224,5.0,5.0,23.64,11.1,34.74,Medium
1020,A. Datum Super-zoom Digital Camera X300 Green,Cameras and camcorders,A. Datum,4.48,1.0,0.0123,4.0,4.0,12.96,12.01,24.97,Medium
1021,A. Datum Consumer Digital Camera E100 Green,Cameras and camcorders,A. Datum,10.51,1.0,0.0288,6.0,6.0,30.41,17.91,48.32,Medium
1022,A. Datum Consumer Digital Camera M300 Green,Cameras and camcorders,A. Datum,7.78,1.0,0.0213,5.0,5.0,22.51,10.6,33.11,Medium
1023,A. Datum Advanced Digital Camera M300 Green,Cameras and camcorders,A. Datum,7.98,1.0,0.0219,6.0,6.0,23.09,10.84,33.93,Medium
1024,A. Datum Bridge Digital Camera M300 Green,Cameras and camcorders,A. Datum,14.01,2.0,0.0384,6.0,6.0,20.27,21.49,41.76,Medium
1025,A. Datum SLR-like Digital Camera M400 Green,Cameras and camcorders,A. Datum,4.86,1.0,0.0133,4.0,4.0,14.06,11.32,25.38,Medium
1026,A. Datum Point Shoot Digital Camera M500 Green,Cameras and camcorders,A. Datum,9.15,2.0,0.0251,6.0,6.0,13.24,22.76,36.0,Medium
1027,A. Datum Full Frame Digital Camera X300 Green,Cameras and camcorders,A. Datum,6.23,1.0,0.0171,7.0,7.0,18.02,9.57,27.59,Medium
1028,A. Datum Compact Digital Camera M200 Azure,Cameras and camcorders,A. Datum,4.48,1.0,0.0123,3.0,3.0,12.96,7.42,20.38,Medium
1029,A. Datum Rangefinder Digital Camera X200 Azure,Cameras and camcorders,A. Datum,11.87,2.0,0.0325,5.0,5.0,17.17,16.57,33.74,Medium
1030,A. Datum Slim Digital Camera M180 Azure,Cameras and camcorders,A. Datum,7.78,2.0,0.0213,4.0,4.0,11.25,17.02,28.27,Medium
1031,A. Datum Ultra Compact Digital Camera M190 Azure,Cameras and camcorders,A. Datum,9.54,2.0,0.0261,5.0,5.0,13.8,18.97,32.77,Medium
1032,A. Datum All in One Digital Camera M200 Azure,Cameras and camcorders,A. Datum,14.01,2.0,0.0384,5.0,5.0,20.27,21.61,41.88,Medium
1033,A. Datum Interchangeable lens Non-SLR Digital Camera X250 Azure,Cameras and camcorders,A. Datum,11.68,2.0,0.032,5.0,5.0,16.9,22.2,39.1,Medium
1034,A. Datum Super-zoom Digital Camera X300 Azure,Cameras and camcorders,A. Datum,7.59,1.0,0.0208,5.0,5.0,21.96,12.01,33.97,Medium
1035,A. Datum Consumer Digital Camera E100 Azure,Cameras and camcorders,A. Datum,7.01,1.0,0.0192,4.0,4.0,20.28,17.91,38.19,Medium
1036,A. Datum Consumer Digital Camera M300 Azure,Cameras and camcorders,A. Datum,11.29,2.0,0.0309,4.0,4.0,16.33,21.21,37.54,Medium
1037,A. Datum Advanced Digital Camera M300 Azure,Cameras and camcorders,A. Datum,6.03,1.0,0.0165,6.0,6.0,17.44,10.84,28.28,Medium
1038,A. Datum Bridge Digital Camera M300 Azure,Cameras and camcorders,A. Datum,7.01,1.0,0.0192,5.0,5.0,20.28,10.74,31.02,Medium
1039,A. Datum SLR-like Digital Camera M400 Azure,Cameras and camcorders,A. Datum,8.56,1.0,0.0235,4.0,4.0,24.76,11.32,36.08,Medium
1040,A. Datum Point n' Shoot Digital Camera M500 Azure,Cameras and camcorders,A. Datum,11.29,2.0,0.0309,4.0,4.0,16.33,22.76,39.09,Medium
1041,A. Datum Full Frame Digital Camera X300 Azure,Cameras and camcorders,A. Datum,6.42,1.0,0.0176,4.0,4.0,18.57,9.57,28.14,Medium
1042,A. Datum Point Shoot Digital Camera M500 Silver Grey,Cameras and camcorders,A. Datum,13.62,2.0,0.0373,6.0,6.0,19.7,22.76,42.46,Medium
1043,A. Datum Full Frame Digital Camera X300 Silver Grey,Cameras and camcorders,A. Datum,4.09,1.0,0.0112,3.0,3.0,11.83,9.57,21.4,Medium
1044,A. Datum SLR Camera X135 Black,Cameras and camcorders,A. Datum,7.39,1.0,0.0202,4.0,4.0,21.38,25.97,47.35,Medium
1045,"A. Datum SLR Camera 35"" X358 Black",Cameras and camcorders,A. Datum,11.09,1.0,0.0304,6.0,6.0,32.08,24.35,56.43,High
1046,A. Datum SLR Camera M135 Black,Cameras and camcorders,A. Datum,8.95,1.0,0.0245,4.0,4.0,25.89,17.93,43.82,Medium
1047,"A. Datum SLR Camera 35"" M358 Black",Cameras and camcorders,A. Datum,4.67,1.0,0.0128,3.0,3.0,13.51,19.43,32.94,Medium
1048,A. Datum SLR Camera X136 Silver,Cameras and camcorders,A. Datum,9.54,1.0,0.0261,5.0,5.0,27.6,17.68,45.28,Medium
1049,"A. Datum SLR Camera 35"" X358 Silver",Cameras and camcorders,A. Datum,6.03,1.0,0.0165,4.0,4.0,17.44,24.35,41.79,Medium
1050,A. Datum SLR Camera M136 Silver,Cameras and camcorders,A. Datum,5.84,1.0,0.016,5.0,5.0,16.9,17.93,34.83,Medium
1051,"A. Datum SLR Camera 35"" M358 Silver",Cameras and camcorders,A. Datum,9.34,1.0,0.0256,6.0,6.0,27.02,19.43,46.45,Medium
1052,A. Datum SLR Camera X137 Grey,Cameras and camcorders,A. Datum,6.23,1.0,0.0171,3.0,3.0,18.02,25.97,43.99,Medium
1053,"A. Datum SLR Camera 35"" X358 Grey",Cameras and camcorders,A. Datum,7.39,1.0,0.0202,3.0,3.0,21.38,24.35,45.73,Medium
1054,A. Datum SLR Camera M137 Grey,Cameras and camcorders,A. Datum,13.82,1.0,0.0379,7.0,7.0,39.98,17.93,57.91,High
1055,"A. Datum SLR Camera 35"" M358 Grey",Cameras and camcorders,A. Datum,10.51,1.0,0.0288,5.0,5.0,30.41,19.43,49.84,Medium
1056,A. Datum SLR Camera X138 Silver Grey,Cameras and camcorders,A. Datum,7.98,1.0,0.0219,4.0,4.0,23.09,25.97,49.06,Medium
1057,"A. Datum SLR Camera 35"" X358 Silver Grey",Cameras and camcorders,A. Datum,10.9,1.0,0.0299,5.0,5.0,31.53,24.35,55.88,High
1058,A. Datum SLR Camera M138 Silver Grey,Cameras and camcorders,A. Datum,7.59,1.0,0.0208,3.0,3.0,21.96,17.93,39.89,Medium
1059,"A. Datum SLR Camera 35"" M358 Silver Grey",Cameras and camcorders,A. Datum,6.42,1.0,0.0176,3.0,3.0,18.57,19.43,38.0,Medium
1060,A. Datum SLR Camera X139 Gold,Cameras and camcorders,A. Datum,8.37,1.0,0.0229,5.0,5.0,24.21,25.97,50.18,High
1061,"A. Datum SLR Camera 35"" X358 Gold",Cameras and camcorders,A. Datum,9.54,1.0,0.0261,6.0,6.0,27.6,24.35,51.95,High
1062,A. Datum SLR Camera M139 Gold,Cameras and camcorders,A. Datum,12.06,1.0,0.033,6.0,6.0,34.89,17.93,52.82,High
1063,"A. Datum SLR Camera 35"" M358 Gold",Cameras and camcorders,A. Datum,9.73,1.0,0.0267,6.0,6.0,28.15,19.43,47.58,Medium
1064,A. Datum SLR Camera X140 Pink,Cameras and camcorders,A. Datum,10.7,1.0,0.0293,6.0,6.0,30.96,25.97,56.93,High
1065,"A. Datum SLR Camera 35"" X358 Pink",Cameras and camcorders,A. Datum,6.03,1.0,0.0165,7.0,7.0,17.44,24.35,41.79,Medium
1066,A. Datum SLR Camera M140 Pink,Cameras and camcorders,A. Datum,3.7,1.0,0.0101,2.0,2.0,10.7,17.93,28.63,Medium
1067,"A. Datum SLR Camera 35"" M358 Pink",Cameras and camcorders,A. Datum,10.7,1.0,0.0293,6.0,6.0,30.96,19.43,50.39,High
1068,A. Datum SLR Camera X141 Blue,Cameras and camcorders,A. Datum,8.17,1.0,0.0224,5.0,5.0,23.64,17.68,41.32,Medium
1069,"A. Datum SLR Camera 35"" X358 Blue",Cameras and camcorders,A. Datum,7.39,1.0,0.0202,5.0,5.0,21.38,24.35,45.73,Medium
1070,A. Datum SLR Camera M141 Blue,Cameras and camcorders,A. Datum,8.17,1.0,0.0224,5.0,5.0,23.64,17.93,41.57,Medium
1071,"A. Datum SLR Camera 35"" M358 Blue",Cameras and camcorders,A. Datum,5.84,1.0,0.016,5.0,5.0,16.9,19.43,36.33,Medium
1072,A. Datum SLR Camera X142 Orange,Cameras and camcorders,A. Datum,6.23,1.0,0.0171,6.0,6.0,18.02,17.68,35.7,Medium
1073,"A. Datum SLR Camera 35"" X358 Orange",Cameras and camcorders,A. Datum,5.84,1.0,0.016,5.0,5.0,16.9,24.35,41.25,Medium
1074,A. Datum SLR Camera M142 Orange,Cameras and camcorders,A. Datum,6.81,1.0,0.0187,4.0,4.0,19.7,17.93,37.63,Medium
1075,"A. Datum SLR Camera 35"" M358 Orange",Cameras and camcorders,A. Datum,9.34,1.0,0.0256,5.0,5.0,27.02,19.43,46.45,Medium
1076,Contoso SLR Camera X142 Black,Cameras and camcorders,Contoso,6.81,1.0,0.0187,6.0,6.0,19.7,26.38,46.08,Medium
1077,"Contoso SLR Camera 35"" X358 Black",Cameras and camcorders,Contoso,7.39,1.0,0.0202,6.0,6.0,21.38,23.52,44.9,Medium
1078,Contoso SLR Camera M142 Black,Cameras and camcorders,Contoso,9.15,1.0,0.0251,7.0,7.0,26.47,18.05,44.52,Medium
1079,"Contoso SLR Camera 35"" M358 Black",Cameras and camcorders,Contoso,8.37,1.0,0.0229,6.0,6.0,24.21,20.58,44.79,Medium
1080,Contoso SLR Camera X143 Silver,Cameras and camcorders,Contoso,9.92,1.0,0.0272,4.0,4.0,28.7,26.75,55.45,High
1081,"Contoso SLR Camera 35"" X358 Silver",Cameras and camcorders,Contoso,6.81,1.0,0.0187,4.0,4.0,19.7,23.52,43.22,Medium
1082,Contoso SLR Camera M143 Silver,Cameras and camcorders,Contoso,8.17,1.0,0.0224,7.0,7.0,23.64,17.48,41.12,Medium
1083,"Contoso SLR Camera 35"" M358 Silver",Cameras and camcorders,Contoso,7.59,1.0,0.0208,4.0,4.0,21.96,20.58,42.54,Medium
1084,Contoso SLR Camera X143 Grey,Cameras and camcorders,Contoso,7.98,1.0,0.0219,6.0,6.0,23.09,26.75,49.84,Medium
1085,"Contoso SLR Camera 35"" X358 Grey",Cameras and camcorders,Contoso,2.72,1.0,0.0075,3.0,3.0,7.87,23.52,31.39,Medium
1086,Contoso SLR Camera M143 Grey,Cameras and camcorders,Contoso,12.26,1.0,0.0336,6.0,6.0,35.47,17.48,52.95,High
1087,"Contoso SLR Camera 35"" M358 Grey",Cameras and camcorders,Contoso,4.86,1.0,0.0133,6.0,6.0,14.06,20.58,34.64,Medium
1088,Contoso SLR Camera X144 Silver Grey,Cameras and camcorders,Contoso,7.78,1.0,0.0213,6.0,6.0,22.51,27.87,50.38,High
1089,"Contoso SLR Camera 35"" X358 Silver Grey",Cameras and camcorders,Contoso,12.65,1.0,0.0347,5.0,5.0,36.6,23.52,60.12,High
1090,Contoso SLR Camera M144 Silver Grey,Cameras and camcorders,Contoso,10.12,1.0,0.0277,4.0,4.0,29.28,19.08,48.36,Medium
1091,"Contoso SLR Camera 35"" M358 Silver Grey",Cameras and camcorders,Contoso,11.68,1.0,0.032,5.0,5.0,33.79,20.58,54.37,High
1092,Contoso SLR Camera X144 Gold,Cameras and camcorders,Contoso,9.15,1.0,0.0251,6.0,6.0,26.47,27.87,54.34,High
1093,"Contoso SLR Camera 35"" X358 Gold",Cameras and camcorders,Contoso,7.01,1.0,0.0192,6.0,6.0,20.28,23.52,43.8,Medium
1094,Contoso SLR Camera M144 Gold,Cameras and camcorders,Contoso,9.92,1.0,0.0272,5.0,5.0,28.7,19.08,47.78,Medium
1095,"Contoso SLR Camera 35"" M358 Gold",Cameras and camcorders,Contoso,10.7,1.0,0.0293,6.0,6.0,30.96,20.58,51.54,High
1096,Contoso SLR Camera X145 Pink,Cameras and camcorders,Contoso,6.81,1.0,0.0187,2.0,2.0,19.7,26.17,45.87,Medium
1097,"Contoso SLR Camera 35"" X358 Pink",Cameras and camcorders,Contoso,5.06,1.0,0.0139,4.0,4.0,14.64,23.52,38.16,Medium
1098,Contoso SLR Camera M145 Pink,Cameras and camcorders,Contoso,10.9,1.0,0.0299,6.0,6.0,31.53,19.72,51.25,High
1099,"Contoso SLR Camera 35"" M358 Pink",Cameras and camcorders,Contoso,5.45,1.0,0.0149,7.0,7.0,15.77,20.58,36.35,Medium
1100,Contoso SLR Camera X145 Blue,Cameras and camcorders,Contoso,9.73,1.0,0.0267,7.0,7.0,28.15,26.17,54.32,High
1101,"Contoso SLR Camera 35"" X358 Blue",Cameras and camcorders,Contoso,9.34,1.0,0.0256,4.0,4.0,27.02,23.52,50.54,High
1102,Contoso SLR Camera M145 Blue,Cameras and camcorders,Contoso,3.89,1.0,0.0107,4.0,4.0,11.25,19.72,30.97,Medium
1103,"Contoso SLR Camera 35"" M358 Blue",Cameras and camcorders,Contoso,0.78,1.0,0.0021,1.0,1.0,2.26,20.58,22.84,Medium
1104,Contoso SLR Camera X146 Orange,Cameras and camcorders,Contoso,10.51,1.0,0.0288,5.0,5.0,30.41,17.68,48.09,Medium
1105,"Contoso SLR Camera 35"" X358 Orange",Cameras and camcorders,Contoso,7.39,1.0,0.0202,4.0,4.0,21.38,23.52,44.9,Medium
1106,Contoso SLR Camera M146 Orange,Cameras and camcorders,Contoso,13.43,1.0,0.0368,5.0,5.0,38.85,18.51,57.36,High
1107,"Contoso SLR Camera 35"" M358 Orange",Cameras and camcorders,Contoso,10.51,1.0,0.0288,5.0,5.0,30.41,20.58,50.99,High
1108,Fabrikam SLR Camera X146 Black,Cameras and camcorders,Fabrikam,10.12,1.0,0.0277,5.0,5.0,29.28,26.05,55.33,High
1109,"Fabrikam SLR Camera 35"" X358 Black",Cameras and camcorders,Fabrikam,13.62,1.0,0.0373,7.0,7.0,39.4,18.07,57.47,High
1110,Fabrikam SLR Camera M146 Black,Cameras and camcorders,Fabrikam,7.78,1.0,0.0213,5.0,5.0,22.51,17.36,39.87,Medium
1111,"Fabrikam SLR Camera 35"" M358 Black",Cameras and camcorders,Fabrikam,5.64,1.0,0.0155,3.0,3.0,16.32,18.86,35.18,Medium
1112,Fabrikam SLR Camera X147 Silver,Cameras and camcorders,Fabrikam,4.67,1.0,0.0128,5.0,5.0,13.51,26.71,40.22,Medium
1113,"Fabrikam SLR Camera 35"" X358 Silver",Cameras and camcorders,Fabrikam,12.84,1.0,0.0352,6.0,6.0,37.15,18.07,55.22,High
1114,Fabrikam SLR Camera M147 Silver,Cameras and camcorders,Fabrikam,7.78,1.0,0.0213,6.0,6.0,22.51,19.2,41.71,Medium
1115,"Fabrikam SLR Camera 35"" M358 Silver",Cameras and camcorders,Fabrikam,11.29,1.0,0.0309,5.0,5.0,32.66,18.86,51.52,High
1116,Fabrikam SLR Camera X147 Grey,Cameras and camcorders,Fabrikam,8.76,1.0,0.024,5.0,5.0,25.34,26.71,52.05,High
1117,"Fabrikam SLR Camera 35"" X358 Grey",Cameras and camcorders,Fabrikam,5.25,1.0,0.0144,5.0,5.0,15.19,18.07,33.26,Medium
1118,Fabrikam SLR Camera M147 Grey,Cameras and camcorders,Fabrikam,13.43,1.0,0.0368,6.0,6.0,38.85,19.2,58.05,High
1119,"Fabrikam SLR Camera 35"" M358 Grey",Cameras and camcorders,Fabrikam,10.31,1.0,0.0282,4.0,4.0,29.83,18.86,48.69,Medium
1120,Fabrikam SLR Camera X148 Silver Grey,Cameras and camcorders,Fabrikam,7.39,1.0,0.0202,5.0,5.0,21.38,27.21,48.59,Medium
1121,"Fabrikam SLR Camera 35"" X358 Silver Grey",Cameras and camcorders,Fabrikam,5.64,1.0,0.0155,4.0,4.0,16.32,18.07,34.39,Medium
1122,Fabrikam SLR Camera M148 Silver Grey,Cameras and camcorders,Fabrikam,7.98,1.0,0.0219,5.0,5.0,23.09,19.08,42.17,Medium
1123,"Fabrikam SLR Camera 35"" M358 Silver Grey",Cameras and camcorders,Fabrikam,7.78,1.0,0.0213,4.0,4.0,22.51,18.86,41.37,Medium
1124,Fabrikam SLR Camera X148 Gold,Cameras and camcorders,Fabrikam,5.84,1.0,0.016,4.0,4.0,16.9,27.21,44.11,Medium
1125,"Fabrikam SLR Camera 35"" X358 Gold",Cameras and camcorders,Fabrikam,11.09,1.0,0.0304,4.0,4.0,32.08,18.07,50.15,High
1126,Fabrikam SLR Camera M148 Gold,Cameras and camcorders,Fabrikam,11.48,1.0,0.0315,5.0,5.0,33.21,19.08,52.29,High
1127,"Fabrikam SLR Camera 35"" M358 Gold",Cameras and camcorders,Fabrikam,4.09,1.0,0.0112,3.0,3.0,11.83,18.86,30.69,Medium
1128,Fabrikam SLR Camera X149 Pink,Cameras and camcorders,Fabrikam,6.42,1.0,0.0176,3.0,3.0,18.57,25.97,44.54,Medium
1129,"Fabrikam SLR Camera 35"" X358 Pink",Cameras and camcorders,Fabrikam,5.64,1.0,0.0155,4.0,4.0,16.32,18.07,34.39,Medium
1130,Fabrikam SLR Camera M149 Pink,Cameras and camcorders,Fabrikam,8.56,1.0,0.0235,5.0,5.0,24.76,18.34,43.1,Medium
1131,"Fabrikam SLR Camera 35"" M358 Pink",Cameras and camcorders,Fabrikam,15.37,2.0,0.0421,5.0,5.0,22.23,37.71,59.94,High
1132,Fabrikam SLR Camera X149 Blue,Cameras and camcorders,Fabrikam,7.39,1.0,0.0202,7.0,7.0,21.38,25.97,47.35,Medium
1133,"Fabrikam SLR Camera 35"" X358 Blue",Cameras and camcorders,Fabrikam,7.98,1.0,0.0219,5.0,5.0,23.09,18.07,41.16,Medium
1134,Fabrikam SLR Camera M149 Blue,Cameras and camcorders,Fabrikam,13.82,1.0,0.0379,6.0,6.0,39.98,18.34,58.32,High
1135,"Fabrikam SLR Camera 35"" M358 Blue",Cameras and camcorders,Fabrikam,7.39,1.0,0.0202,6.0,6.0,21.38,18.86,40.24,Medium
1136,Fabrikam SLR Camera X150 Orange,Cameras and camcorders,Fabrikam,4.48,1.0,0.0123,4.0,4.0,12.96,19.9,32.86,Medium
1137,"Fabrikam SLR Camera 35"" X358 Orange",Cameras and camcorders,Fabrikam,3.89,1.0,0.0107,1.0,1.0,11.25,18.07,29.32,Medium
1138,Fabrikam SLR Camera M150 Orange,Cameras and camcorders,Fabrikam,14.21,1.0,0.0389,4.0,4.0,41.11,22.53,63.64,High
1139,"Fabrikam SLR Camera 35"" M358 Orange",Cameras and camcorders,Fabrikam,9.15,1.0,0.0251,6.0,6.0,26.47,18.86,45.33,Medium
1140,Fabrikam SLR Camera X150 Green,Cameras and camcorders,Fabrikam,12.45,1.0,0.0341,6.0,6.0,36.02,19.9,55.92,High
1141,"Fabrikam SLR Camera 35"" X358 Green",Cameras and camcorders,Fabrikam,8.95,1.0,0.0245,4.0,4.0,25.89,18.07,43.96,Medium
1142,Fabrikam SLR Camera M150 Green,Cameras and camcorders,Fabrikam,9.34,1.0,0.0256,4.0,4.0,27.02,22.53,49.55,Medium
1143,"Fabrikam SLR Camera 35"" M358 Green",Cameras and camcorders,Fabrikam,3.31,1.0,0.0091,6.0,6.0,9.58,18.86,28.44,Medium
1144,"Fabrikam Home and Vacation Moviemaker 1"" 25mm M400 Blue",Cameras and camcorders,Fabrikam,5.06,1.0,0.0139,5.0,5.0,14.64,34.49,49.13,Medium
1145,"Fabrikam Home and Vacation Moviemaker 1/2"" 3mm M300 Orange",Cameras and camcorders,Fabrikam,13.82,1.0,0.0379,5.0,5.0,39.98,32.53,72.51,High
1146,"Fabrikam Home and vacation moviemaker 1/3"" 8.5mm M200 Blue",Cameras and camcorders,Fabrikam,6.62,1.0,0.0181,4.0,4.0,19.15,36.39,55.54,High
1147,Fabrikam Home and vacation moviemaker 2/3'' 17mm M103 Black,Cameras and camcorders,Fabrikam,8.76,1.0,0.024,4.0,4.0,25.34,37.65,62.99,High
1148,Fabrikam Budget Movie-Maker 1'' 25mm E400 Black,Cameras and camcorders,Fabrikam,7.39,1.0,0.0202,4.0,4.0,21.38,26.89,48.27,Medium
1149,Fabrikam Budget Movie-Maker 1/2'' 3mm E300 Black,Cameras and camcorders,Fabrikam,6.81,1.0,0.0187,4.0,4.0,19.7,27.53,47.23,Medium
1150,Fabrikam Budget Movie-Maker 1/3'' 8.5mm E200 Black,Cameras and camcorders,Fabrikam,10.12,1.0,0.0277,5.0,5.0,29.28,26.19,55.47,High
1151,Fabrikam Budget Movie-Maker 2/3'' 17mm E100 Black,Cameras and camcorders,Fabrikam,8.56,1.0,0.0235,4.0,4.0,24.76,26.13,50.89,High
1152,"Fabrikam Trendsetter 1"" 25mm X400 Blue",Cameras and camcorders,Fabrikam,7.78,1.0,0.0213,4.0,4.0,22.51,41.42,63.93,High
1153,Fabrikam Trendsetter 1/2'' 3mm X300 Black,Cameras and camcorders,Fabrikam,4.67,1.0,0.0128,2.0,2.0,13.51,41.37,54.88,High
1154,"Fabrikam Trendsetter 1/3"" 8.5mm X200 Blue",Cameras and camcorders,Fabrikam,12.65,1.0,0.0347,7.0,7.0,36.6,41.33,77.93,High
1155,Fabrikam Trendsetter 2/3'' 17mm X100 Black,Cameras and camcorders,Fabrikam,7.39,1.0,0.0202,7.0,7.0,21.38,40.59,61.97,High
1156,Fabrikam Independent Filmmaker 1'' 25mm X400 Black,Cameras and camcorders,Fabrikam,7.98,1.0,0.0219,4.0,4.0,23.09,66.26,89.35,High
1157,"Fabrikam Independent Filmmaker 1/2"" 3mm X300 Orange",Cameras and camcorders,Fabrikam,8.56,1.0,0.0235,4.0,4.0,24.76,65.44,90.2,High
1158,Fabrikam Independent Filmmaker 1/3'' 8.5mm X200 Black,Cameras and camcorders,Fabrikam,8.17,1.0,0.0224,3.0,3.0,23.64,64.61,88.25,High
1159,"Fabrikam Independent Filmmaker 2/3"" 17mm X100 Blue",Cameras and camcorders,Fabrikam,3.89,1.0,0.0107,8.0,8.0,11.25,62.95,74.2,High
1160,"Fabrikam Business Videographer 1"" 25mm M600 Blue",Cameras and camcorders,Fabrikam,6.42,1.0,0.0176,4.0,4.0,18.57,51.16,69.73,High
1161,Fabrikam Business Videographer 1/2'' 3mm M500 Black,Cameras and camcorders,Fabrikam,6.62,1.0,0.0181,4.0,4.0,19.15,50.58,69.73,High
1162,Fabrikam Business Videographer 1/3'' 8.5mm M380 Black,Cameras and camcorders,Fabrikam,9.34,1.0,0.0256,5.0,5.0,27.02,49.44,76.46,High
1163,Fabrikam Business Videographer 2/3'' 17mm M280 Black,Cameras and camcorders,Fabrikam,8.95,1.0,0.0245,5.0,5.0,25.89,48.86,74.75,High
1164,Fabrikam Social videographer 1'' 25mm E400 Black,Cameras and camcorders,Fabrikam,11.87,2.0,0.0325,5.0,5.0,17.17,22.94,40.11,Medium
1165,Fabrikam Social Videographer 1/2'' 3mm E300 Black,Cameras and camcorders,Fabrikam,8.37,1.0,0.0229,8.0,8.0,24.21,10.83,35.04,Medium
1166,Fabrikam Social Videographer 1/3'' 8.5mm E200 Black,Cameras and camcorders,Fabrikam,8.95,2.0,0.0245,5.0,5.0,12.95,21.03,33.98,Medium
1167,Fabrikam Social Videographer 2/3'' 17mm E100 Black,Cameras and camcorders,Fabrikam,4.09,1.0,0.0112,4.0,4.0,11.83,10.2,22.03,Medium
1168,Fabrikam Home and Vacation Moviemaker 1'' 25mm M400 White,Cameras and camcorders,Fabrikam,4.86,1.0,0.0133,4.0,4.0,14.06,34.49,48.55,Medium
1169,Fabrikam Home and Vacation Moviemaker 1/2'' 3mm M300 White,Cameras and camcorders,Fabrikam,6.23,1.0,0.0171,5.0,5.0,18.02,32.53,50.55,High
1170,Fabrikam Home and Vacation Moviemaker 1/3'' 8.5mm M200 White,Cameras and camcorders,Fabrikam,9.92,1.0,0.0272,6.0,6.0,28.7,36.39,65.09,High
1171,Fabrikam Home and Vacation Moviemaker 2/3'' 17mm M103 White,Cameras and camcorders,Fabrikam,6.03,1.0,0.0165,3.0,3.0,17.44,37.65,55.09,High
1172,Fabrikam Budget Moviemaker 1'' 25mm E400 White,Cameras and camcorders,Fabrikam,11.09,1.0,0.0304,5.0,5.0,32.08,26.89,58.97,High
1173,Fabrikam Budget Moviemaker 1/2'' 3mm E300 White,Cameras and camcorders,Fabrikam,7.59,1.0,0.0208,7.0,7.0,21.96,27.53,49.49,Medium
1174,Fabrikam Budget Moviemaker 1/3'' 8.5mm E200 White,Cameras and camcorders,Fabrikam,6.23,1.0,0.0171,6.0,6.0,18.02,26.19,44.21,Medium
1175,Fabrikam Budget Moviemaker 2/3'' 17mm E100 White,Cameras and camcorders,Fabrikam,6.62,1.0,0.0181,4.0,4.0,19.15,26.13,45.28,Medium
1176,Fabrikam Trendsetter 1'' 25mm X400 White,Cameras and camcorders,Fabrikam,11.48,1.0,0.0315,4.0,4.0,33.21,41.42,74.63,High
1177,Fabrikam Trendsetter 1/2'' 3mm X300 White,Cameras and camcorders,Fabrikam,10.7,1.0,0.0293,3.0,3.0,30.96,41.37,72.33,High
1178,Fabrikam Trendsetter 1/3'' 8.5mm X200 White,Cameras and camcorders,Fabrikam,4.48,1.0,0.0123,5.0,5.0,12.96,41.33,54.29,High
1179,Fabrikam Trendsetter 2/3'' 17mm X100 White,Cameras and camcorders,Fabrikam,15.96,1.0,0.0437,6.0,6.0,46.17,40.59,86.76,High
1180,Fabrikam Independent filmmaker 1'' 25mm X400 White,Cameras and camcorders,Fabrikam,7.59,1.0,0.0208,4.0,4.0,21.96,66.26,88.22,High
1181,Fabrikam Independent filmmaker 1/2'' 3mm X300 White,Cameras and camcorders,Fabrikam,9.34,1.0,0.0256,3.0,3.0,27.02,65.44,92.46,High
1182,Fabrikam Independent filmmaker 1/3'' 8.5mm X200 White,Cameras and camcorders,Fabrikam,7.78,1.0,0.0213,5.0,5.0,22.51,64.61,87.12,High
1183,Fabrikam Independent filmmaker 2/3'' 17mm X100 White,Cameras and camcorders,Fabrikam,6.03,1.0,0.0165,5.0,5.0,17.44,62.95,80.39,High
1184,Fabrikam Business Videographer 1'' 25mm M600 White,Cameras and camcorders,Fabrikam,14.01,1.0,0.0384,5.0,5.0,40.53,51.16,91.69,High
1185,"Fabrikam Business Videographer 1/2"" 3mm M500 Orange",Cameras and camcorders,Fabrikam,5.84,1.0,0.016,5.0,5.0,16.9,50.58,67.48,High
1186,"Fabrikam Business Videographer 1/3"" 8.5mm M380 Orange",Cameras and camcorders,Fabrikam,7.98,1.0,0.0219,3.0,3.0,23.09,49.44,72.53,High
1187,"Fabrikam Business Videographer 2/3"" 17mm M280 Orange",Cameras and camcorders,Fabrikam,8.37,1.0,0.0229,6.0,6.0,24.21,48.86,73.07,High
1188,"Fabrikam Social Videographer 1"" 25mm E400 Orange",Cameras and camcorders,Fabrikam,9.73,2.0,0.0267,5.0,5.0,14.07,22.94,37.01,Medium
1189,"Fabrikam Social Videographer 1/2"" 3mm E300 Orange",Cameras and camcorders,Fabrikam,4.67,1.0,0.0128,5.0,5.0,13.51,10.83,24.34,Medium
1190,"Fabrikam Social Videographer 1/3"" 8.5mm E200 Orange",Cameras and camcorders,Fabrikam,6.62,1.0,0.0181,3.0,3.0,19.15,10.52,29.67,Medium
1191,"Fabrikam Social Videographer 2/3"" 17mm E100 Orange",Cameras and camcorders,Fabrikam,10.9,2.0,0.0299,5.0,5.0,15.77,20.39,36.16,Medium
1192,Fabrikam Home and Vacation Moviemaker 1'' 25mm M400 Grey,Cameras and camcorders,Fabrikam,15.37,1.0,0.0421,6.0,6.0,44.47,34.49,78.96,High
1193,Fabrikam Home and Vacation Moviemaker 1/2'' 3mm M300 Grey,Cameras and camcorders,Fabrikam,8.56,1.0,0.0235,5.0,5.0,24.76,32.53,57.29,High
1194,Fabrikam Home and Vacation Moviemaker 1/3'' 8.5mm M200 Grey,Cameras and camcorders,Fabrikam,9.34,1.0,0.0256,5.0,5.0,27.02,36.39,63.41,High
1195,Fabrikam Home and Vacation Moviemaker 2/3'' 17mm M103 Grey,Cameras and camcorders,Fabrikam,8.17,1.0,0.0224,5.0,5.0,23.64,37.65,61.29,High
1196,Fabrikam Budget Moviemaker 1'' 25mm E400 Grey,Cameras and camcorders,Fabrikam,7.2,1.0,0.0197,6.0,6.0,20.83,26.89,47.72,Medium
1197,Fabrikam Budget Moviemaker 1/2'' 3mm E300 Grey,Cameras and camcorders,Fabrikam,9.15,1.0,0.0251,5.0,5.0,26.47,27.53,54.0,High
1198,Fabrikam Budget Moviemaker 1/3'' 8.5mm E200 Grey,Cameras and camcorders,Fabrikam,3.5,1.0,0.0096,2.0,2.0,10.13,26.19,36.32,Medium
1199,Fabrikam Budget Moviemaker 2/3'' 17mm E100 Grey,Cameras and camcorders,Fabrikam,10.9,1.0,0.0299,5.0,5.0,31.53,26.13,57.66,High
1200,Fabrikam Trendsetter 1'' 25mm X400 Grey,Cameras and camcorders,Fabrikam,5.25,1.0,0.0144,5.0,5.0,15.19,41.42,56.61,High
1201,Fabrikam Trendsetter 1/2'' 3mm X300 Grey,Cameras and camcorders,Fabrikam,6.03,1.0,0.0165,4.0,4.0,17.44,41.37,58.81,High
1202,Fabrikam Trendsetter 1/3'' 8.5mm X200 Grey,Cameras and camcorders,Fabrikam,7.78,1.0,0.0213,6.0,6.0,22.51,41.33,63.84,High
1203,Fabrikam Trendsetter 2/3'' 17mm X100 Grey,Cameras and camcorders,Fabrikam,12.45,1.0,0.0341,6.0,6.0,36.02,40.59,76.61,High
1204,Fabrikam Independent Filmmaker 1'' 25mm X400 Grey,Cameras and camcorders,Fabrikam,6.62,1.0,0.0181,5.0,5.0,19.15,66.26,85.41,High
1205,Fabrikam Independent Filmmaker 1/2'' 3mm X300 Grey,Cameras and camcorders,Fabrikam,4.09,1.0,0.0112,7.0,7.0,11.83,65.44,77.27,High
1206,Fabrikam Independent Filmmaker 1/3'' 8.5mm X200 Grey,Cameras and camcorders,Fabrikam,16.54,1.0,0.0453,7.0,7.0,47.85,64.61,112.46,Critical
1207,Fabrikam Independent Filmmaker 2/3'' 17mm X100 Grey,Cameras and camcorders,Fabrikam,9.34,1.0,0.0256,5.0,5.0,27.02,62.95,89.97,High
1208,Fabrikam Business Videographer 1'' 25mm M600 Grey,Cameras and camcorders,Fabrikam,11.68,1.0,0.032,5.0,5.0,33.79,51.16,84.95,High
1209,Fabrikam Business Videographer 1/2'' 3mm M500 Grey,Cameras and camcorders,Fabrikam,13.04,1.0,0.0357,5.0,5.0,37.72,50.58,88.3,High
1210,Fabrikam Business Videographer 1/3'' 8.5mm M380 Grey,Cameras and camcorders,Fabrikam,8.56,1.0,0.0235,4.0,4.0,24.76,49.44,74.2,High
1211,Fabrikam Business Videographer 2/3'' 17mm M280 Grey,Cameras and camcorders,Fabrikam,7.78,1.0,0.0213,5.0,5.0,22.51,48.86,71.37,High
1212,Fabrikam Social Videographer 1'' 25mm E400 Grey,Cameras and camcorders,Fabrikam,8.17,1.0,0.0224,5.0,5.0,23.64,11.47,35.11,Medium
1213,Fabrikam Social Videographer 1/2'' 3mm E300 Grey,Cameras and camcorders,Fabrikam,13.43,2.0,0.0368,4.0,4.0,19.43,21.67,41.1,Medium
1214,Fabrikam Social Videographer 1/3'' 8.5mm E200 Grey,Cameras and camcorders,Fabrikam,7.2,1.0,0.0197,6.0,6.0,20.83,10.52,31.35,Medium
1215,Fabrikam Social Videographer 2/3'' 17mm E100 Grey,Cameras and camcorders,Fabrikam,10.12,2.0,0.0277,6.0,6.0,14.64,20.39,35.03,Medium
1216,Fabrikam Home and Vacation Moviemaker 1'' 25mm M400 Black,Cameras and camcorders,Fabrikam,8.56,1.0,0.0235,5.0,5.0,24.76,35.64,60.4,High
1217,Fabrikam Home and Vacation Moviemaker 1/2'' 3mm M300 Black,Cameras and camcorders,Fabrikam,2.92,1.0,0.008,3.0,3.0,8.45,31.96,40.41,Medium
1218,Fabrikam Home and Vacation Moviemaker 1/3'' 8.5mm M200 Black,Cameras and camcorders,Fabrikam,6.62,1.0,0.0181,5.0,5.0,19.15,36.67,55.82,High
1219,"Fabrikam Home and Vacation Moviemaker 2/3"" 17mm M103 Blue",Cameras and camcorders,Fabrikam,10.31,1.0,0.0282,6.0,6.0,29.83,38.23,68.06,High
1220,Fabrikam Budget Moviemaker 1'' 25mm E400 Black,Cameras and camcorders,Fabrikam,9.73,1.0,0.0267,7.0,7.0,28.15,28.8,56.95,High
1221,Fabrikam Budget Moviemaker 1/2'' 3mm E300 Black,Cameras and camcorders,Fabrikam,7.78,1.0,0.0213,6.0,6.0,22.51,30.72,53.23,High
1222,Fabrikam Budget Moviemaker 1/3'' 8.5mm E200 Black,Cameras and camcorders,Fabrikam,3.5,1.0,0.0096,4.0,4.0,10.13,27.47,37.6,Medium
1223,Fabrikam Budget Moviemaker 2/3'' 17mm E100 Black,Cameras and camcorders,Fabrikam,16.73,1.0,0.0458,6.0,6.0,48.4,29.32,77.72,High
1224,Fabrikam Trendsetter 1'' 25mm X400 Black,Cameras and camcorders,Fabrikam,7.2,1.0,0.0197,5.0,5.0,20.83,42.66,63.49,High
1225,"Fabrikam Trendsetter 1/2"" 3mm X300 Orange",Cameras and camcorders,Fabrikam,11.29,1.0,0.0309,5.0,5.0,32.66,41.42,74.08,High
1226,Fabrikam Trendsetter 1/3'' 8.5mm X200 Black,Cameras and camcorders,Fabrikam,13.82,1.0,0.0379,5.0,5.0,39.98,41.37,81.35,High
1227,"Fabrikam Trendsetter 2/3"" 17mm X100 Orange",Cameras and camcorders,Fabrikam,7.39,1.0,0.0202,3.0,3.0,21.38,40.92,62.3,High
1228,"Fabrikam Independent Filmmaker 1"" 25mm X400 Blue",Cameras and camcorders,Fabrikam,9.73,1.0,0.0267,4.0,4.0,28.15,67.09,95.24,High
1229,Fabrikam Independent Filmmaker 1/2'' 3mm X300 Black,Cameras and camcorders,Fabrikam,7.39,1.0,0.0202,4.0,4.0,21.38,64.61,85.99,High
1230,"Fabrikam Independent Filmmaker 1/3"" 8.5mm X200 Blue",Cameras and camcorders,Fabrikam,4.86,1.0,0.0133,4.0,4.0,14.06,63.36,77.42,High
1231,Fabrikam Independent Filmmaker 2/3'' 17mm X100 Black,Cameras and camcorders,Fabrikam,8.17,1.0,0.0224,5.0,5.0,23.64,62.12,85.76,High
1232,Fabrikam Business Videographer 1'' 25mm M600 Black,Cameras and camcorders,Fabrikam,9.73,1.0,0.0267,6.0,6.0,28.15,51.04,79.19,High
1233,"Fabrikam Business Videographer 1/2"" 3mm M500 Blue",Cameras and camcorders,Fabrikam,8.95,1.0,0.0245,4.0,4.0,25.89,50.47,76.36,High
1234,"Fabrikam Business Videographer 1/3"" 8.5mm M380 Blue",Cameras and camcorders,Fabrikam,3.31,1.0,0.0091,3.0,3.0,9.58,49.2,58.78,High
1235,"Fabrikam Business Videographer 2/3"" 17mm M280 Blue",Cameras and camcorders,Fabrikam,7.78,1.0,0.0213,6.0,6.0,22.51,48.17,70.68,High
1236,"Fabrikam Social Videographer 1"" 25mm E400 Blue",Cameras and camcorders,Fabrikam,7.01,1.0,0.0192,5.0,5.0,20.28,11.98,32.26,Medium
1237,"Fabrikam Social Videographer 1/2"" 3mm E300 Blue",Cameras and camcorders,Fabrikam,5.06,1.0,0.0139,3.0,3.0,14.64,11.34,25.98,Medium
1238,"Fabrikam Social Videographer 1/3"" 8.5mm E200 Blue",Cameras and camcorders,Fabrikam,9.54,2.0,0.0261,6.0,6.0,13.8,21.41,35.21,Medium
1239,"Fabrikam Social Videographer 2/3"" 17mm E100 Blue",Cameras and camcorders,Fabrikam,8.17,2.0,0.0224,4.0,4.0,11.82,20.14,31.96,Medium
1240,Fabrikam Business Videographer 1/2'' 3mm M500 White,Cameras and camcorders,Fabrikam,10.7,1.0,0.0293,5.0,5.0,30.96,50.47,81.43,High
1241,Fabrikam Business Videographer 1/3'' 8.5mm M380 White,Cameras and camcorders,Fabrikam,6.62,1.0,0.0181,5.0,5.0,19.15,49.2,68.35,High
1242,Fabrikam Business Videographer 2/3'' 17mm M280 White,Cameras and camcorders,Fabrikam,9.54,1.0,0.0261,5.0,5.0,27.6,48.17,75.77,High
1243,Fabrikam Social Videographer 1'' 25mm E400 White,Cameras and camcorders,Fabrikam,7.98,1.0,0.0219,5.0,5.0,23.09,11.98,35.07,Medium
1244,Fabrikam Social Videographer 1/2'' 3mm E300 White,Cameras and camcorders,Fabrikam,8.17,1.0,0.0224,3.0,3.0,23.64,11.34,34.98,Medium
1245,Fabrikam Social Videographer 1/3'' 8.5mm E200 White,Cameras and camcorders,Fabrikam,11.48,2.0,0.0315,5.0,5.0,16.61,21.41,38.02,Medium
1246,Fabrikam Social Videographer 2/3'' 17mm E100 White,Cameras and camcorders,Fabrikam,8.95,2.0,0.0245,5.0,5.0,12.95,20.14,33.09,Medium
1247,Contoso Rechargeable Li-Ion Battery Pack E300 Silver,Cameras and camcorders,Contoso,12.45,3.0,0.0341,5.0,5.0,12.01,9.56,21.57,Medium
1248,Contoso Rechargeable Li-Ion Battery Pack E300 Black,Cameras and camcorders,Contoso,11.68,3.0,0.032,7.0,7.0,11.26,9.56,20.82,Medium
1249,Contoso Rechargeable Li-Ion Battery Pack E300 White,Cameras and camcorders,Contoso,14.98,4.0,0.041,6.0,6.0,10.83,12.74,23.57,Medium
1250,Contoso Travel Charger for S-Series Battery E302 Silver,Cameras and camcorders,Contoso,14.59,3.0,0.04,5.0,5.0,14.07,11.47,25.54,Medium
1251,Contoso Travel Charger for S-Series Battery E302 Black,Cameras and camcorders,Contoso,13.82,3.0,0.0379,4.0,4.0,13.33,11.47,24.8,Medium
1252,Contoso Travel Charger for S-Series Battery E302 White,Cameras and camcorders,Contoso,11.09,3.0,0.0304,5.0,5.0,10.69,11.47,22.16,Medium
1253,Contoso General Carrying Case E304 Silver,Cameras and camcorders,Contoso,10.31,5.0,0.0282,5.0,5.0,5.97,6.37,12.34,Low
1254,Contoso General Carrying Case E304 Black,Cameras and camcorders,Contoso,11.68,5.0,0.032,5.0,5.0,6.76,6.37,13.13,Low
1255,Contoso General Carrying Case E304 White,Cameras and camcorders,Contoso,13.43,6.0,0.0368,4.0,4.0,6.48,7.64,14.12,Low
1256,Contoso General Carrying Case E304 Blue,Cameras and camcorders,Contoso,16.73,6.0,0.0458,6.0,6.0,8.07,7.64,15.71,Low
1257,Contoso Cyber Shot Digital Cameras Adapter E306 Pink,Cameras and camcorders,Contoso,5.45,2.0,0.0149,4.0,4.0,7.88,5.1,12.98,Low
1258,Contoso Cyber Shot Digital Cameras Adapter E306 Blue,Cameras and camcorders,Contoso,13.43,4.0,0.0368,4.0,4.0,9.71,10.2,19.91,Low
1259,Contoso Cyber Shot Digital Cameras Adapter E306 Black,Cameras and camcorders,Contoso,19.65,5.0,0.0538,5.0,5.0,11.37,12.74,24.11,Medium
1260,Contoso Multi-Use Terminal Cable E308 Silver,Cameras and camcorders,Contoso,13.04,4.0,0.0357,5.0,5.0,9.43,9.43,18.86,Low
1261,Contoso Multi-Use Terminal Cable E308 White,Cameras and camcorders,Contoso,14.98,4.0,0.041,6.0,6.0,10.83,9.43,20.26,Medium
1262,Contoso Multi-Use Terminal Cable E308 Black,Cameras and camcorders,Contoso,10.51,4.0,0.0288,4.0,4.0,7.6,9.43,17.03,Low
1263,Contoso Rechargeable Battery Pack E310 Silver,Cameras and camcorders,Contoso,5.45,2.0,0.0149,5.0,5.0,7.88,8.92,16.8,Low
1264,Contoso Rechargeable Battery Pack E310 Black,Cameras and camcorders,Contoso,9.54,2.0,0.0261,5.0,5.0,13.8,8.92,22.72,Medium
1265,Contoso Rechargeable Battery Pack E310 White,Cameras and camcorders,Contoso,7.01,2.0,0.0192,2.0,2.0,10.14,8.92,19.06,Low
1266,Contoso Carrying Case E312 Silver,Cameras and camcorders,Contoso,15.37,4.0,0.0421,6.0,6.0,11.12,12.74,23.86,Medium
1267,Contoso Carrying Case E312 Pink,Cameras and camcorders,Contoso,18.49,4.0,0.0507,6.0,6.0,13.37,12.74,26.11,Medium
1268,Contoso Carrying Case E312 White,Cameras and camcorders,Contoso,12.26,3.0,0.0336,5.0,5.0,11.82,9.55,21.37,Medium
1269,Contoso Carrying Case E312 Blue,Cameras and camcorders,Contoso,10.9,3.0,0.0299,6.0,6.0,10.51,9.55,20.06,Medium
1270,Contoso Lens Cap Keeper E314 Pink,Cameras and camcorders,Contoso,14.01,10.0,0.0384,5.0,5.0,4.05,4.42,8.47,Low
1271,Contoso Lens Cap Keeper E314 Yellow,Cameras and camcorders,Contoso,13.23,9.0,0.0362,4.0,4.0,4.25,3.98,8.23,Low
1272,Contoso Lens Cap Keeper E314 White,Cameras and camcorders,Contoso,15.76,10.0,0.0432,5.0,5.0,4.56,4.42,8.98,Low
1273,Contoso Lens Cap Keeper E314 Silver,Cameras and camcorders,Contoso,10.7,8.0,0.0293,5.0,5.0,3.87,3.54,7.41,Low
1274,Contoso Digital Cameras Lightweight Tripod E316 White,Cameras and camcorders,Contoso,14.01,3.0,0.0384,5.0,5.0,13.51,9.97,23.48,Medium
1275,Contoso Digital Cameras Lightweight Tripod E316 Black,Cameras and camcorders,Contoso,6.03,2.0,0.0165,4.0,4.0,8.72,6.64,15.36,Low
1276,Contoso Digital Cameras Lightweight Tripod E316 Pink,Cameras and camcorders,Contoso,14.4,4.0,0.0395,6.0,6.0,10.41,13.29,23.7,Medium
1277,Contoso Digital Cameras Lightweight Tripod E316 Silver,Cameras and camcorders,Contoso,16.35,4.0,0.0448,6.0,6.0,11.83,13.29,25.12,Medium
1278,Contoso General Soft Carrying Case E318 Blue,Cameras and camcorders,Contoso,11.09,6.0,0.0304,6.0,6.0,5.35,5.73,11.08,Low
1279,Contoso General Soft Carrying Case E318 Black,Cameras and camcorders,Contoso,18.1,7.0,0.0496,6.0,6.0,7.48,6.68,14.16,Low
1280,Contoso General Soft Carrying Case E318 Silver,Cameras and camcorders,Contoso,9.92,5.0,0.0272,5.0,5.0,5.74,4.77,10.51,Low
1281,Contoso General Soft Carrying Case E318 White,Cameras and camcorders,Contoso,18.1,7.0,0.0496,6.0,6.0,7.48,6.68,14.16,Low
1282,Contoso Mini Battery Charger Kit E320 Red,Cameras and camcorders,Contoso,14.59,5.0,0.04,5.0,5.0,8.44,7.96,16.4,Low
1283,Contoso Mini Battery Charger Kit E320 White,Cameras and camcorders,Contoso,10.51,4.0,0.0288,2.0,2.0,7.6,6.37,13.97,Low
1284,Contoso Mini Battery Charger Kit E320 Black,Cameras and camcorders,Contoso,15.18,5.0,0.0416,4.0,4.0,8.78,7.96,16.74,Low
1285,Contoso Mini Battery Charger Kit E320 Silver,Cameras and camcorders,Contoso,6.03,3.0,0.0165,4.0,4.0,5.81,4.78,10.59,Low
1286,Contoso Genuine Leather Grip Belt E322 Black,Cameras and camcorders,Contoso,9.34,2.0,0.0256,5.0,5.0,13.51,9.94,23.45,Medium
1287,Contoso Genuine Leather Grip Belt E322 White,Cameras and camcorders,Contoso,11.09,3.0,0.0304,4.0,4.0,10.69,14.91,25.6,Medium
1288,Contoso Genuine Leather Grip Belt E322 Silver,Cameras and camcorders,Contoso,8.76,2.0,0.024,3.0,3.0,12.67,9.94,22.61,Medium
1289,Contoso Genuine Leather Grip Belt E322 Grey,Cameras and camcorders,Contoso,13.82,3.0,0.0379,5.0,5.0,13.33,14.91,28.24,Medium
1290,Contoso Macro Zoom Lens X300 Silver,Cameras and camcorders,Contoso,7.01,1.0,0.0192,7.0,7.0,20.28,15.18,35.46,Medium
1291,Contoso Macro Zoom Lens X300 White,Cameras and camcorders,Contoso,14.4,2.0,0.0395,6.0,6.0,20.83,30.36,51.19,High
1292,Contoso Macro Zoom Lens X300 Black,Cameras and camcorders,Contoso,18.49,2.0,0.0507,5.0,5.0,26.75,30.36,57.11,High
1293,Contoso Telephoto Conversion Lens X400 Silver,Cameras and camcorders,Contoso,8.17,1.0,0.0224,4.0,4.0,23.64,24.64,48.28,Medium
1294,Contoso Telephoto Conversion Lens X400 White,Cameras and camcorders,Contoso,8.76,1.0,0.024,2.0,2.0,25.34,24.64,49.98,Medium
1295,Contoso Telephoto Conversion Lens X400 Black,Cameras and camcorders,Contoso,10.9,1.0,0.0299,4.0,4.0,31.53,24.64,56.17,High
1296,Contoso USB Cable M250 Black,Cameras and camcorders,Contoso,17.9,6.0,0.049,5.0,5.0,8.63,8.62,17.25,Low
1297,Contoso USB Cable M250 White,Cameras and camcorders,Contoso,13.23,5.0,0.0362,3.0,3.0,7.65,7.19,14.84,Low
1298,Contoso USB Cable M250 Yellow,Cameras and camcorders,Contoso,16.93,6.0,0.0464,6.0,6.0,8.16,8.62,16.78,Low
1299,Contoso USB Cable M250 Blue,Cameras and camcorders,Contoso,5.84,3.0,0.016,4.0,4.0,5.63,4.31,9.94,Low
1300,Contoso Telephoto Conversion Lens M350 Black,Cameras and camcorders,Contoso,16.35,3.0,0.0448,6.0,6.0,15.77,16.38,32.15,Medium
1301,Contoso Telephoto Conversion Lens M350 White,Cameras and camcorders,Contoso,13.23,3.0,0.0362,5.0,5.0,12.76,16.38,29.14,Medium
1302,Contoso Telephoto Conversion Lens M350 Silver,Cameras and camcorders,Contoso,14.21,3.0,0.0389,5.0,5.0,13.7,16.38,30.08,Medium
1303,Contoso Telephoto Conversion Lens M350 Blue,Cameras and camcorders,Contoso,16.15,3.0,0.0442,6.0,6.0,15.57,16.38,31.95,Medium
1304,Contoso Lens Adapter M450 White,Cameras and camcorders,Contoso,9.54,3.0,0.0261,5.0,5.0,9.2,11.73,20.93,Medium
1305,Contoso Lens Adapter M450 Silver,Cameras and camcorders,Contoso,15.76,3.0,0.0432,6.0,6.0,15.2,11.73,26.93,Medium
1306,Contoso Lens Adapter M450 Black,Cameras and camcorders,Contoso,13.82,3.0,0.0379,4.0,4.0,13.33,11.73,25.06,Medium
1307,Contoso Lens Adapter M450 Grey,Cameras and camcorders,Contoso,16.73,4.0,0.0458,7.0,7.0,12.1,15.64,27.74,Medium
1308,Contoso Digital Camera/Camcorder USB Cable E324 Purple,Cameras and camcorders,Contoso,18.88,6.0,0.0517,6.0,6.0,9.1,10.71,19.81,Low
1309,Contoso Digital Camera/Camcorder USB Cable E324 Black,Cameras and camcorders,Contoso,10.31,4.0,0.0282,4.0,4.0,7.46,7.14,14.6,Low
1310,Contoso Digital Camera/Camcorder USB Cable E324 Silver,Cameras and camcorders,Contoso,8.56,4.0,0.0235,4.0,4.0,6.19,7.14,13.33,Low
1311,Contoso Digital Camera/Camcorder USB Cable E324 White,Cameras and camcorders,Contoso,18.1,5.0,0.0496,5.0,5.0,10.47,8.92,19.39,Low
1312,Contoso Conversion Lens M550 Blue,Cameras and camcorders,Contoso,10.51,2.0,0.0288,4.0,4.0,15.2,23.57,38.77,Medium
1313,Contoso Conversion Lens M550 Black,Cameras and camcorders,Contoso,14.59,2.0,0.04,4.0,4.0,21.1,23.57,44.67,Medium
1314,Contoso Conversion Lens M550 Silver,Cameras and camcorders,Contoso,10.9,2.0,0.0299,5.0,5.0,15.77,23.57,39.34,Medium
1315,Contoso Conversion Lens M550 Pink,Cameras and camcorders,Contoso,10.9,2.0,0.0299,5.0,5.0,15.77,23.57,39.34,Medium
1316,Contoso Single-line phones E10 Black,Cell phones,Contoso,10.12,7.0,0.0277,4.0,4.0,4.18,4.45,8.63,Low
1317,Contoso Dual Handset Cordless Phone System  E20 Black,Cell phones,Contoso,10.51,6.0,0.0288,4.0,4.0,5.07,4.96,10.03,Low
1318,Contoso 3 Handset Cordless Phone System  E30 Black,Cell phones,Contoso,11.09,5.0,0.0304,5.0,5.0,6.42,5.41,11.83,Low
1319,Contoso Multi-line phones M30 Black,Cell phones,Contoso,15.18,6.0,0.0416,6.0,6.0,7.32,7.93,15.25,Low
1320,Contoso KSU-less key system M38 Black,Cell phones,Contoso,10.51,4.0,0.0288,4.0,4.0,7.6,6.2,13.8,Low
1321,Contoso Hybrid system M60 Black,Cell phones,Contoso,6.62,3.0,0.0181,5.0,5.0,6.38,5.0,11.38,Low
1322,Contoso Private Branch Exchange M88 Black,Cell phones,Contoso,18.1,5.0,0.0496,5.0,5.0,10.47,9.48,19.95,Low
1323,Contoso 4 Handset Cordless Phone System M86 Black,Cell phones,Contoso,10.9,4.0,0.0299,4.0,4.0,7.88,8.28,16.16,Low
1324,Contoso Private Automatic Branch Exchange M65 Black,Cell phones,Contoso,11.48,4.0,0.0315,5.0,5.0,8.3,8.96,17.26,Low
1325,Contoso Electronic Private Automatic Branch Exchange M90 Black,Cell phones,Contoso,15.57,4.0,0.0427,5.0,5.0,11.26,9.2,20.46,Medium
1326,Contoso Centrex Phone System L10 Black,Cell phones,Contoso,12.06,4.0,0.033,5.0,5.0,8.72,7.12,15.84,Low
1327,Contoso In front of Centrex L15 Black,Cell phones,Contoso,18.1,5.0,0.0496,5.0,5.0,10.47,9.73,20.2,Medium
1328,Contoso behind Centrex X15 Black,Cell phones,Contoso,11.29,4.0,0.0309,4.0,4.0,8.17,8.28,16.45,Low
1329,Contoso Phone with 13-Number Memory (210) M301 Black,Cell phones,Contoso,13.04,6.0,0.0357,5.0,5.0,6.29,5.86,12.15,Low
1330,Contoso Expandable Cordless Phone System M008 Black,Cell phones,Contoso,10.9,5.0,0.0299,5.0,5.0,6.31,6.61,12.92,Low
1331,Contoso Phone System Accessory Handset with Charger M308 Black,Cell phones,Contoso,18.1,6.0,0.0496,6.0,6.0,8.73,9.31,18.04,Low
1332,Contoso 2-Line Corded Cordless Telephone M202 Black,Cell phones,Contoso,14.79,5.0,0.0405,6.0,6.0,8.56,8.33,16.89,Low
1333,Contoso 4-Line Corded Cordless Telephone M203 Black,Cell phones,Contoso,12.45,4.0,0.0341,5.0,5.0,9.0,7.58,16.58,Low
1334,Contoso Expandable 3-Handset Cordless Phone System M204 Black,Cell phones,Contoso,14.01,4.0,0.0384,7.0,7.0,10.13,8.28,18.41,Low
1335,Contoso Expandable 2-Handset Cordless Phone System M205 Black,Cell phones,Contoso,6.42,3.0,0.0176,4.0,4.0,6.19,6.93,13.12,Low
1336,Contoso Expandable 4-Handset Cordless Phone System M206 Black,Cell phones,Contoso,8.56,3.0,0.0235,5.0,5.0,8.25,7.56,15.81,Low
1337,Contoso Expandable1-Handset Cordless Phone System M207 Black,Cell phones,Contoso,14.59,4.0,0.04,6.0,6.0,10.55,10.91,21.46,Medium
1338,Contoso Digital Cordless Expansion Handset Phone M900 Black,Cell phones,Contoso,11.48,4.0,0.0315,5.0,5.0,8.3,7.58,15.88,Low
1339,Contoso 2-Line Speakerphone M109 Black,Cell phones,Contoso,9.92,4.0,0.0272,4.0,4.0,7.17,8.28,15.45,Low
1340,Contoso Phone with Memory Dialing-single line E88 Black,Cell phones,Contoso,11.29,6.0,0.0309,4.0,4.0,5.44,5.42,10.86,Low
1341,Contoso Phone with Memory Dialing-2 lines E90 Black,Cell phones,Contoso,13.43,6.0,0.0368,5.0,5.0,6.48,6.12,12.6,Low
1342,Contoso Integrated Business Phone With card L10 Black,Cell phones,Contoso,8.95,4.0,0.0245,3.0,3.0,6.47,6.96,13.43,Low
1343,Contoso Integrated Business Phone L08 Black,Cell phones,Contoso,5.45,4.0,0.0149,1.0,1.0,3.94,5.14,9.08,Low
1344,Contoso Phone for MSN E200 Black,Cell phones,Contoso,7.59,5.0,0.0208,5.0,5.0,4.39,5.1,9.49,Low
1345,Contoso 4-Line Expandable Cordless Phone System M900 Black,Cell phones,Contoso,12.45,5.0,0.0341,5.0,5.0,7.2,6.32,13.52,Low
1346,Contoso Lifestyles Series - Big Button Cordless phone M800 Black,Cell phones,Contoso,10.31,5.0,0.0282,3.0,3.0,5.97,6.61,12.58,Low
1347,Contoso Bedroom Phone with AM/FM Stereo and Call Waiting Caller ID M600 Black,Cell phones,Contoso,8.76,5.0,0.024,6.0,6.0,5.07,6.04,11.11,Low
1348,Contoso Waterproof Accessory Handset and Charging Cradle M609 Black,Cell phones,Contoso,7.2,4.0,0.0197,4.0,4.0,5.21,5.28,10.49,Low
1349,Contoso Single-line phones E10 White,Cell phones,Contoso,14.79,8.0,0.0405,5.0,5.0,5.35,5.09,10.44,Low
1350,Contoso Dual Handset Cordless Phone System E20 White,Cell phones,Contoso,10.9,6.0,0.0299,4.0,4.0,5.26,4.96,10.22,Low
1351,Contoso 3 Handset Cordless Phone System E30 White,Cell phones,Contoso,7.2,4.0,0.0197,5.0,5.0,5.21,4.33,9.54,Low
1352,Contoso Multi-line phones M30 White,Cell phones,Contoso,15.37,6.0,0.0421,5.0,5.0,7.41,7.93,15.34,Low
1353,Contoso KSU-less key system M38 White,Cell phones,Contoso,9.15,4.0,0.0251,5.0,5.0,6.62,6.2,12.82,Low
1354,Contoso Hybrid system M60 White,Cell phones,Contoso,11.29,4.0,0.0309,4.0,4.0,8.17,6.66,14.83,Low
1355,Contoso Private Branch Exchange M88 White,Cell phones,Contoso,6.62,3.0,0.0181,3.0,3.0,6.38,5.69,12.07,Low
1356,Contoso 4 Handset Cordless Phone System M86 White,Cell phones,Contoso,14.59,5.0,0.04,5.0,5.0,8.44,10.34,18.78,Low
1357,Contoso Private Automatic Branch Exchange M65 White,Cell phones,Contoso,11.09,4.0,0.0304,5.0,5.0,8.02,8.96,16.98,Low
1358,Contoso Electronic Private Automatic Branch Exchange M90 White,Cell phones,Contoso,14.4,4.0,0.0395,4.0,4.0,10.41,9.2,19.61,Low
1359,Contoso Centrex Phone System L10 White,Cell phones,Contoso,13.43,5.0,0.0368,6.0,6.0,7.77,8.9,16.67,Low
1360,Contoso In front of Centrex L15 White,Cell phones,Contoso,15.96,5.0,0.0437,7.0,7.0,9.23,9.73,18.96,Low
1361,Contoso Behind Centrex X15 White,Cell phones,Contoso,14.4,4.0,0.0395,5.0,5.0,10.41,8.28,18.69,Low
1362,Contoso Phone with 13-Number Memory (210) M301 White,Cell phones,Contoso,10.51,6.0,0.0288,5.0,5.0,5.07,5.86,10.93,Low
1363,Contoso Expandable Cordless Phone System M008 White,Cell phones,Contoso,11.68,5.0,0.032,6.0,6.0,6.76,6.61,13.37,Low
1364,Contoso Phone System Accessory Handset with Charger M308 White,Cell phones,Contoso,14.01,5.0,0.0384,4.0,4.0,8.11,7.76,15.87,Low
1365,Contoso 2-Line Corded Cordless Telephone M202 White,Cell phones,Contoso,9.54,4.0,0.0261,5.0,5.0,6.9,6.66,13.56,Low
1366,Contoso 4-Line Corded Cordless Telephone M203 White,Cell phones,Contoso,10.51,4.0,0.0288,4.0,4.0,7.6,7.58,15.18,Low
1367,Contoso Expandable 3-Handset Cordless Phone System M204 White,Cell phones,Contoso,11.68,4.0,0.032,4.0,4.0,8.45,8.28,16.73,Low
1368,Contoso Expandable 2-Handset Cordless Phone System M205 White,Cell phones,Contoso,10.31,4.0,0.0282,4.0,4.0,7.46,9.24,16.7,Low
1369,Contoso Expandable 4-Handset Cordless Phone System M206 White,Cell phones,Contoso,10.51,3.0,0.0288,5.0,5.0,10.14,7.56,17.7,Low
1370,Contoso Expandable1-Handset Cordless Phone System M207 White,Cell phones,Contoso,11.48,3.0,0.0315,4.0,4.0,11.07,8.18,19.25,Low
1371,Contoso Digital Cordless Expansion Handset Phone M900 White,Cell phones,Contoso,6.42,3.0,0.0176,4.0,4.0,6.19,5.69,11.88,Low
1372,Contoso 2-Line Speakerphone M109 White,Cell phones,Contoso,17.12,5.0,0.0469,6.0,6.0,9.91,10.34,20.25,Medium
1373,Contoso Phone with Memory Dialing-single line E88 White,Cell phones,Contoso,12.06,6.0,0.033,5.0,5.0,5.81,5.42,11.23,Low
1374,Contoso Phone with Memory Dialing-2 lines E90 White,Cell phones,Contoso,11.87,6.0,0.0325,4.0,4.0,5.72,6.12,11.84,Low
1375,Contoso Integrated Business Phone With card L10 White,Cell phones,Contoso,14.98,5.0,0.041,5.0,5.0,8.67,8.7,17.37,Low
1376,Contoso Integrated Business Phone L08 White,Cell phones,Contoso,8.37,4.0,0.0229,6.0,6.0,6.05,5.14,11.19,Low
1377,Contoso Phone for MSN E200 White,Cell phones,Contoso,10.7,6.0,0.0293,4.0,4.0,5.16,6.12,11.28,Low
1378,Contoso 4-Line Expandable Cordless Phone System M900 White,Cell phones,Contoso,10.12,5.0,0.0277,5.0,5.0,5.86,6.32,12.18,Low
1379,Contoso Lifestyles Series - Big Button Cordless phone M800 White,Cell phones,Contoso,10.9,5.0,0.0299,5.0,5.0,6.31,6.61,12.92,Low
1380,Contoso Bedroom Phone with AM/FM Stereo and Call Waiting Caller ID M600 White,Cell phones,Contoso,11.09,5.0,0.0304,3.0,3.0,6.42,6.04,12.46,Low
1381,Contoso Waterproof Accessory Handset and Charging Cradle M609 White,Cell phones,Contoso,13.23,5.0,0.0362,6.0,6.0,7.65,6.61,14.26,Low
1382,Contoso Single-line phones E10 Grey,Cell phones,Contoso,7.39,6.0,0.0202,5.0,5.0,3.56,3.82,7.38,Low
1383,Contoso Dual Handset Cordless Phone System E20 Grey,Cell phones,Contoso,8.76,6.0,0.024,4.0,4.0,4.22,4.96,9.18,Low
1384,Contoso 3 Handset Cordless Phone System E30 Grey,Cell phones,Contoso,8.17,5.0,0.0224,6.0,6.0,4.73,5.41,10.14,Low
1385,Contoso Multi-line phones M30 Grey,Cell phones,Contoso,17.71,6.0,0.0485,6.0,6.0,8.54,7.93,16.47,Low
1386,Contoso KSU-less key system M38 Grey,Cell phones,Contoso,15.57,5.0,0.0427,5.0,5.0,9.01,7.76,16.77,Low
1387,Contoso Hybrid system M60 Grey,Cell phones,Contoso,14.21,5.0,0.0389,4.0,4.0,8.22,8.33,16.55,Low
1388,Contoso Private Branch Exchange M88 Grey,Cell phones,Contoso,14.79,5.0,0.0405,5.0,5.0,8.56,9.48,18.04,Low
1389,Contoso 4 Handset Cordless Phone System M86 Grey,Cell phones,Contoso,11.68,4.0,0.032,6.0,6.0,8.45,8.28,16.73,Low
1390,Contoso Private Automatic Branch Exchange M65 Grey,Cell phones,Contoso,7.39,3.0,0.0202,4.0,4.0,7.13,6.72,13.85,Low
1391,Contoso Electronic Private Automatic Branch Exchange M90 Grey,Cell phones,Contoso,10.31,4.0,0.0282,6.0,6.0,7.46,9.2,16.66,Low
1392,Contoso Centrex Phone System L10 Grey,Cell phones,Contoso,11.48,4.0,0.0315,5.0,5.0,8.3,7.12,15.42,Low
1393,Contoso In front of Centrex L15 Grey,Cell phones,Contoso,11.68,4.0,0.032,6.0,6.0,8.45,7.78,16.23,Low
1394,Contoso behind Centrex X15 Grey,Cell phones,Contoso,15.18,5.0,0.0416,6.0,6.0,8.78,10.35,19.13,Low
1395,Contoso Phone with 13-Number Memory (210) M301 Grey,Cell phones,Contoso,9.73,5.0,0.0267,3.0,3.0,5.63,4.88,10.51,Low
1396,Contoso Expandable Cordless Phone System M008 Grey,Cell phones,Contoso,7.98,4.0,0.0219,5.0,5.0,5.77,5.28,11.05,Low
1397,Contoso Phone System Accessory Handset with Charger M308 Grey,Cell phones,Contoso,11.68,5.0,0.032,6.0,6.0,6.76,7.76,14.52,Low
1398,Contoso 2-Line Corded Cordless Telephone M202 Grey,Cell phones,Contoso,8.76,4.0,0.024,6.0,6.0,6.34,6.66,13.0,Low
1399,Contoso 4-Line Corded Cordless Telephone M203 Grey,Cell phones,Contoso,17.51,5.0,0.048,5.0,5.0,10.13,9.48,19.61,Low
1400,Contoso Expandable 3-Handset Cordless Phone System M204 Grey,Cell phones,Contoso,7.78,3.0,0.0213,6.0,6.0,7.5,6.21,13.71,Low
1401,Contoso Expandable 2-Handset Cordless Phone System M205 Grey,Cell phones,Contoso,9.73,3.0,0.0267,5.0,5.0,9.38,6.93,16.31,Low
1402,Contoso Expandable 4-Handset Cordless Phone System M206 Grey,Cell phones,Contoso,11.09,4.0,0.0304,4.0,4.0,8.02,10.07,18.09,Low
1403,Contoso Expandable1-Handset Cordless Phone System M207 Grey,Cell phones,Contoso,10.31,3.0,0.0282,3.0,3.0,9.94,8.18,18.12,Low
1404,Contoso Digital Cordless Expansion Handset Phone M900 Grey,Cell phones,Contoso,6.62,3.0,0.0181,2.0,2.0,6.38,5.69,12.07,Low
1405,Contoso 2-Line Speakerphone M109 Grey,Cell phones,Contoso,9.92,4.0,0.0272,4.0,4.0,7.17,8.28,15.45,Low
1406,Contoso Phone with Memory Dialing-single line E88 Grey,Cell phones,Contoso,14.4,7.0,0.0395,4.0,4.0,5.95,6.33,12.28,Low
1407,Contoso Phone with Memory Dialing-2 lines E90 Grey,Cell phones,Contoso,9.73,5.0,0.0267,3.0,3.0,5.63,5.1,10.73,Low
1408,"The Phone Company Touch Screen Phone 1600 TFT-2.2"" L200 Black",Cell phones,The Phone Company,35.42,2.0,0.097,5.0,5.0,51.23,43.82,95.05,High
1409,"The Phone Company Touch Screen Phone 1600 TFT-1.4"" L250 Black",Cell phones,The Phone Company,36.39,2.0,0.0997,5.0,5.0,52.64,48.79,101.43,Critical
1410,"The Phone Company Touch Screen Phones 26-2.2"" M200 Black",Cell phones,The Phone Company,28.02,2.0,0.0768,5.0,5.0,40.53,26.44,66.97,High
1411,"The Phone Company Touch Screen Phones 26-1.4"" M250 Black",Cell phones,The Phone Company,34.25,3.0,0.0938,5.0,5.0,33.03,46.22,79.25,High
1412,The Phone Company Touch Screen Phones 4-Wire/On-wall M302 Black,Cell phones,The Phone Company,36.78,3.0,0.1008,5.0,5.0,35.47,49.84,85.31,High
1413,The Phone Company Touch Screen Phones SAW/Built-in M801 Black,Cell phones,The Phone Company,28.02,2.0,0.0768,5.0,5.0,40.53,34.38,74.91,High
1414,The Phone Company Touch Screen Phones 5-Wire/Built-in M500 Black,Cell phones,The Phone Company,35.42,3.0,0.097,5.0,5.0,34.16,44.15,78.31,High
1415,The Phone Company Touch Screen Phones Infrared M901 Black,Cell phones,The Phone Company,32.11,2.0,0.088,5.0,5.0,46.45,34.49,80.94,High
1416,The Phone Company Touch Screen Phones Capacitive M908 Black,Cell phones,The Phone Company,31.72,2.0,0.0869,5.0,5.0,45.88,35.41,81.29,High
1417,The Phone Company Touch Screen Phones 4-Wire/ Built-in M205 Black,Cell phones,The Phone Company,29.77,2.0,0.0816,4.0,4.0,43.06,30.81,73.87,High
1418,The Phone Company Touch Screen Phones SAW/On-wall M806 Black,Cell phones,The Phone Company,26.66,2.0,0.073,4.0,4.0,38.56,33.68,72.24,High
1419,The Phone Company Touch Screen Phones 5-Wire/On-wall M508 Black,Cell phones,The Phone Company,28.99,2.0,0.0794,4.0,4.0,41.93,29.66,71.59,High
1420,The Phone Company Finger Touch Screen Phones M30 Black,Cell phones,The Phone Company,31.91,3.0,0.0874,4.0,4.0,30.77,34.32,65.09,High
1421,"The Phone Company Pen Touch Screen Phones-2.6"" M320 Black",Cell phones,The Phone Company,30.36,2.0,0.0832,5.0,5.0,43.92,33.34,77.26,High
1422,The Phone Company Sharp Touch Screen Phones M910 Black,Cell phones,The Phone Company,30.55,2.0,0.0837,5.0,5.0,44.19,34.6,78.79,High
1423,The Phone Company Touch Screen Phones - CRT M11 Black,Cell phones,The Phone Company,28.61,3.0,0.0784,5.0,5.0,27.59,32.59,60.18,High
1424,The Phone Company Touch Screen Phones - LCD M12 Black,Cell phones,The Phone Company,32.11,3.0,0.088,5.0,5.0,30.96,34.49,65.45,High
1425,"The Phone Company Touch Screen Phone 1600 TFT-2.2"" L200 Grey",Cell phones,The Phone Company,29.38,2.0,0.0805,4.0,4.0,42.5,43.82,86.32,High
1426,"The Phone Company Touch Screen Phone 1600 TFT-1.4"" L250 Grey",Cell phones,The Phone Company,34.44,2.0,0.0944,5.0,5.0,49.82,48.79,98.61,High
1427,"The Phone Company Touch Screen Phones 26-2.2"" M200 Grey",Cell phones,The Phone Company,37.95,3.0,0.104,5.0,5.0,36.6,39.66,76.26,High
1428,"The Phone Company Touch Screen Phones 26-1.4"" M250 Grey",Cell phones,The Phone Company,33.28,2.0,0.0912,5.0,5.0,48.14,30.81,78.95,High
1429,The Phone Company Touch Screen Phones 4-Wire/On-wall M302 Grey,Cell phones,The Phone Company,22.77,2.0,0.0624,5.0,5.0,32.94,33.22,66.16,High
1430,The Phone Company Touch Screen Phones SAW/Built-in M801 Grey,Cell phones,The Phone Company,27.83,2.0,0.0762,5.0,5.0,40.26,34.38,74.64,High
1431,The Phone Company Touch Screen Phones 5-Wire/Built-in M500 Grey,Cell phones,The Phone Company,33.08,3.0,0.0906,5.0,5.0,31.9,44.15,76.05,High
1432,The Phone Company Touch Screen Phones Infrared M901 Grey,Cell phones,The Phone Company,37.36,3.0,0.1024,6.0,6.0,36.03,51.74,87.77,High
1433,The Phone Company Touch Screen Phones Capacitive M908 Grey,Cell phones,The Phone Company,30.16,2.0,0.0826,5.0,5.0,43.63,35.41,79.04,High
1434,The Phone Company Touch Screen Phones 4-Wire/ Built-in M205 Grey,Cell phones,The Phone Company,40.86,3.0,0.1119,5.0,5.0,39.4,46.22,85.62,High
1435,The Phone Company Touch Screen Phones SAW/On-wall M806 Grey,Cell phones,The Phone Company,25.1,2.0,0.0688,5.0,5.0,36.31,33.68,69.99,High
1436,The Phone Company Touch Screen Phones 5-Wire/On-wall M508 Grey,Cell phones,The Phone Company,35.81,3.0,0.0981,5.0,5.0,34.53,44.49,79.02,High
1437,The Phone Company Finger Touch Screen Phones M30 Grey,Cell phones,The Phone Company,36.39,3.0,0.0997,5.0,5.0,35.09,34.32,69.41,High
1438,The Phone Company Pen Touch Screen Phones M320 Grey,Cell phones,The Phone Company,33.08,2.0,0.0906,5.0,5.0,47.85,33.34,81.19,High
1439,The Phone Company Sharp Touch Screen Phones M910 Grey,Cell phones,The Phone Company,36.97,2.0,0.1013,5.0,5.0,53.48,34.6,88.08,High
1440,The Phone Company Touch Screen Phones - CRT M11 Grey,Cell phones,The Phone Company,33.66,3.0,0.0922,5.0,5.0,32.46,32.59,65.05,High
1441,The Phone Company Touch Screen Phones - LCD M12 Grey,Cell phones,The Phone Company,28.41,3.0,0.0778,5.0,5.0,27.4,34.49,61.89,High
1442,"The Phone Company Touch Screen Phone 1600 TFT-2.2"" L200 Gold",Cell phones,The Phone Company,21.99,2.0,0.0602,4.0,4.0,31.81,43.82,75.63,High
1443,"The Phone Company Touch Screen Phone 1600 TFT-1.4"" L250 Gold",Cell phones,The Phone Company,39.11,2.0,0.1072,5.0,5.0,56.57,48.79,105.36,Critical
1444,"The Phone Company Touch Screen Phones 26-2.2"" M200 Gold",Cell phones,The Phone Company,37.17,3.0,0.1018,5.0,5.0,35.84,39.66,75.5,High
1445,"The Phone Company Touch Screen Phones 26-1.4"" M250 Gold",Cell phones,The Phone Company,38.14,3.0,0.1045,6.0,6.0,36.78,46.22,83.0,High
1446,The Phone Company Touch Screen Phones 4-Wire/On-wall M302 Gold,Cell phones,The Phone Company,29.58,2.0,0.081,4.0,4.0,42.79,33.22,76.01,High
1447,The Phone Company Touch Screen Phones SAW/Built-in M801 Gold,Cell phones,The Phone Company,35.42,2.0,0.097,5.0,5.0,51.23,34.38,85.61,High
1448,The Phone Company Touch Screen Phones 5-Wire/Built-in M500 Gold,Cell phones,The Phone Company,27.24,2.0,0.0746,5.0,5.0,39.4,29.43,68.83,High
1449,The Phone Company Touch Screen Phones Infrared M901 Gold,Cell phones,The Phone Company,43.59,3.0,0.1194,5.0,5.0,42.04,51.74,93.78,High
1450,The Phone Company Touch Screen Phones Capacitive M908 Gold,Cell phones,The Phone Company,33.86,2.0,0.0928,5.0,5.0,48.98,35.41,84.39,High
1451,The Phone Company Touch Screen Phones 4-Wire/ Built-in M205 Gold,Cell phones,The Phone Company,25.3,2.0,0.0693,5.0,5.0,36.6,30.81,67.41,High
1452,The Phone Company Touch Screen Phones SAW/On-wall M806 Gold,Cell phones,The Phone Company,29.19,2.0,0.08,5.0,5.0,42.22,33.68,75.9,High
1453,The Phone Company Touch Screen Phones 5-Wire/On-wall M508 Gold,Cell phones,The Phone Company,42.23,3.0,0.1157,5.0,5.0,40.72,44.49,85.21,High
1454,The Phone Company Finger Touch Screen Phones M30 Gold,Cell phones,The Phone Company,37.75,3.0,0.1034,5.0,5.0,36.4,34.32,70.72,High
1455,The Phone Company Pen Touch Screen Phones M320 Gold,Cell phones,The Phone Company,36.97,3.0,0.1013,5.0,5.0,35.65,50.01,85.66,High
1456,The Phone Company Sharp Touch Screen Phones M910 Gold,Cell phones,The Phone Company,36.19,2.0,0.0992,6.0,6.0,52.35,34.6,86.95,High
1457,The Phone Company Touch Screen Phones - CRT M11 Gold,Cell phones,The Phone Company,33.28,3.0,0.0912,5.0,5.0,32.09,32.59,64.68,High
1458,The Phone Company Touch Screen Phones - LCD M12 Gold,Cell phones,The Phone Company,49.82,4.0,0.1365,5.0,5.0,36.03,45.98,82.01,High
1459,Contoso Touch Screen Phones 5-Wire/Built-in M500 Black,Cell phones,Contoso,40.67,3.0,0.1114,5.0,5.0,39.22,44.15,83.37,High
1460,Contoso Touch Screen Phones Infrared M901 Black,Cell phones,Contoso,34.44,2.0,0.0944,5.0,5.0,49.82,34.49,84.31,High
1461,Contoso Touch Screen Phones Capacitive M908 Black,Cell phones,Contoso,30.75,2.0,0.0842,5.0,5.0,44.48,35.41,79.89,High
1462,Contoso Touch Screen Phones 4-Wire/ Built-in M205 Black,Cell phones,Contoso,38.92,3.0,0.1066,6.0,6.0,37.53,46.22,83.75,High
1463,Contoso Touch Screen Phones SAW/On-wall M806 Black,Cell phones,Contoso,30.36,2.0,0.0832,4.0,4.0,43.92,33.68,77.6,High
1464,Contoso Touch Screen Phones 5-Wire/On-wall M508 Black,Cell phones,Contoso,31.72,2.0,0.0869,5.0,5.0,45.88,29.66,75.54,High
1465,Contoso Finger Touch Screen Phones M30 Black,Cell phones,Contoso,43.39,3.0,0.1189,5.0,5.0,41.84,34.32,76.16,High
1466,Contoso Pen Touch Screen Phones M320 Black,Cell phones,Contoso,31.91,2.0,0.0874,5.0,5.0,46.16,33.34,79.5,High
1467,Contoso Sharp Touch Screen Phones M910 Black,Cell phones,Contoso,31.72,2.0,0.0869,5.0,5.0,45.88,34.6,80.48,High
1468,Contoso Touch Screen Phones - CRT M11 Black,Cell phones,Contoso,23.55,3.0,0.0645,4.0,4.0,22.71,32.59,55.3,High
1469,Contoso Touch Screen Phones  - LCD M12 Black,Cell phones,Contoso,40.67,3.0,0.1114,5.0,5.0,39.22,34.49,73.71,High
1470,The Phone Company Smart phones without camera E100 Black,Cell phones,The Phone Company,23.35,3.0,0.064,6.0,6.0,22.52,24.66,47.18,Medium
1471,The Phone Company Microsoft Windows Mobile M200 Black,Cell phones,The Phone Company,14.01,2.0,0.0384,4.0,4.0,20.27,26.33,46.6,Medium
1472,The Phone Company Smart phones 4 GB of Memory M300 Black,Cell phones,The Phone Company,20.43,2.0,0.056,5.0,5.0,29.55,27.48,57.03,High
1473,The Phone Company Smart phones 8 GB of Memory M400 Black,Cell phones,The Phone Company,17.32,2.0,0.0475,5.0,5.0,25.05,30.92,55.97,High
1474,The Phone Company Smart phones 160x160 M26 Black,Cell phones,The Phone Company,10.51,2.0,0.0288,3.0,3.0,15.2,23.91,39.11,Medium
1475,The Phone Company Smart phones 6-LINE SCREEN M21 Black,Cell phones,The Phone Company,27.05,2.0,0.0741,6.0,6.0,39.13,26.44,65.57,High
1476,The Phone Company Smart phones -320 x 320 M86 Black,Cell phones,The Phone Company,28.8,2.0,0.0789,5.0,5.0,41.66,33.11,74.77,High
1477,The Phone Company Smart phones Unlocked M300 Black,Cell phones,The Phone Company,10.31,1.0,0.0282,4.0,4.0,29.83,15.35,45.18,Medium
1478,The Phone Company Smart phones Expert M400 Black,Cell phones,The Phone Company,16.54,2.0,0.0453,4.0,4.0,23.93,34.49,58.42,High
1479,The Phone Company Smart phones Unlocked International M800 Black,Cell phones,The Phone Company,21.21,2.0,0.0581,4.0,4.0,30.68,35.64,66.32,High
1480,The Phone Company Smart phones without camera E100 Grey,Cell phones,The Phone Company,23.55,3.0,0.0645,5.0,5.0,22.71,24.66,47.37,Medium
1481,The Phone Company Microsoft Windows Mobile M200 Grey,Cell phones,The Phone Company,24.32,2.0,0.0666,5.0,5.0,35.18,26.33,61.51,High
1482,The Phone Company Smart phones 4 GB of Memory M300 Grey,Cell phones,The Phone Company,20.04,2.0,0.0549,3.0,3.0,28.99,27.48,56.47,High
1483,The Phone Company Smart phones 8 GB of Memory M400 Grey,Cell phones,The Phone Company,21.99,2.0,0.0602,5.0,5.0,31.81,30.92,62.73,High
1484,The Phone Company Smart phones 160x160 M26 Grey,Cell phones,The Phone Company,22.38,2.0,0.0613,5.0,5.0,32.37,23.91,56.28,High
1485,The Phone Company Smart phones 6-LINE SCREEN M21 Grey,Cell phones,The Phone Company,20.82,2.0,0.057,6.0,6.0,30.12,26.44,56.56,High
1486,The Phone Company Smart phones 320 x 320 M86 Grey,Cell phones,The Phone Company,23.35,2.0,0.064,5.0,5.0,33.78,33.11,66.89,High
1487,The Phone Company Smart phones Unlocked M300 Grey,Cell phones,The Phone Company,16.93,2.0,0.0464,5.0,5.0,24.49,30.7,55.19,High
1488,The Phone Company Smart phones Expert M400 Grey,Cell phones,The Phone Company,18.88,2.0,0.0517,5.0,5.0,27.31,34.49,61.8,High
1489,The Phone Company Smart phones Unlocked International M800 Grey,Cell phones,The Phone Company,19.65,2.0,0.0538,6.0,6.0,28.42,35.64,64.06,High
1490,The Phone Company Smart phones without camera E100 White,Cell phones,The Phone Company,20.63,3.0,0.0565,5.0,5.0,19.89,24.66,44.55,Medium
1491,The Phone Company Microsoft Windows Mobile M200 White,Cell phones,The Phone Company,20.43,2.0,0.056,4.0,4.0,29.55,26.33,55.88,High
1492,The Phone Company Smart phones 4 GB of Memory M300 White,Cell phones,The Phone Company,12.26,2.0,0.0336,5.0,5.0,17.73,27.48,45.21,Medium
1493,The Phone Company Smart phones 8 GB of Memory M400 White,Cell phones,The Phone Company,19.07,2.0,0.0522,4.0,4.0,27.58,30.92,58.5,High
1494,The Phone Company Smart phones 160x160 M26 White,Cell phones,The Phone Company,21.21,2.0,0.0581,4.0,4.0,30.68,23.91,54.59,High
1495,The Phone Company Smart phones 6-LINE SCREEN M21 White,Cell phones,The Phone Company,20.04,2.0,0.0549,5.0,5.0,28.99,26.44,55.43,High
1496,The Phone Company Smart phones 320 x 320 M86 White,Cell phones,The Phone Company,20.24,2.0,0.0555,5.0,5.0,29.28,33.11,62.39,High
1497,The Phone Company Smart phones Unlocked M300 White,Cell phones,The Phone Company,18.68,2.0,0.0512,5.0,5.0,27.02,30.7,57.72,High
1498,The Phone Company Smart phones Expert M400 White,Cell phones,The Phone Company,17.12,2.0,0.0469,4.0,4.0,24.76,34.49,59.25,High
1499,The Phone Company Smart phones Unlocked International M800 White,Cell phones,The Phone Company,13.23,1.0,0.0362,5.0,5.0,38.27,17.82,56.09,High
1500,The Phone Company Smart phones without camera E100 Pink,Cell phones,The Phone Company,19.85,3.0,0.0544,5.0,5.0,19.14,24.66,43.8,Medium
1501,The Phone Company Microsoft Windows Mobile M200 Pink,Cell phones,The Phone Company,19.46,2.0,0.0533,5.0,5.0,28.15,26.33,54.48,High
1502,The Phone Company Smart phones 4 GB of Memory M300 Pink,Cell phones,The Phone Company,25.3,2.0,0.0693,4.0,4.0,36.6,27.48,64.08,High
1503,The Phone Company Smart phones 8 GB of Memory M400 Pink,Cell phones,The Phone Company,11.68,1.0,0.032,5.0,5.0,33.79,15.46,49.25,Medium
1504,The Phone Company Smart phones 160x160 M26 Pink,Cell phones,The Phone Company,18.29,2.0,0.0501,4.0,4.0,26.46,23.91,50.37,High
1505,The Phone Company Smart phones 6-LINE SCREEN M21 Pink,Cell phones,The Phone Company,15.96,2.0,0.0437,5.0,5.0,23.09,26.44,49.53,Medium
1506,The Phone Company Smart phones 320 x 320 M86 Pink,Cell phones,The Phone Company,27.44,2.0,0.0752,5.0,5.0,39.69,33.11,72.8,High
1507,The Phone Company Smart phones Unlocked M300 Pink,Cell phones,The Phone Company,13.04,2.0,0.0357,4.0,4.0,18.86,30.7,49.56,Medium
1508,The Phone Company Smart phones Expert M400 Pink,Cell phones,The Phone Company,12.65,1.0,0.0347,5.0,5.0,36.6,17.24,53.84,High
1509,The Phone Company Smart phones Unlocked International M800 Pink,Cell phones,The Phone Company,22.96,2.0,0.0629,4.0,4.0,33.21,35.64,68.85,High
1510,The Phone Company Smart phones without camera E100 Gold,Cell phones,The Phone Company,21.99,3.0,0.0602,5.0,5.0,21.21,24.66,45.87,Medium
1511,The Phone Company Microsoft Windows Mobile M200 Gold,Cell phones,The Phone Company,20.82,2.0,0.057,5.0,5.0,30.12,26.33,56.45,High
1512,The Phone Company Smart phones 4 GB of Memory M300 Gold,Cell phones,The Phone Company,22.77,2.0,0.0624,5.0,5.0,32.94,27.48,60.42,High
1513,The Phone Company Smart phones 8 GB of Memory M400 Gold,Cell phones,The Phone Company,26.08,2.0,0.0715,5.0,5.0,37.72,30.92,68.64,High
1514,The Phone Company Smart phones 160x160 M26 Gold,Cell phones,The Phone Company,18.1,2.0,0.0496,5.0,5.0,26.18,23.91,50.09,High
1515,The Phone Company Smart phones 6-LINE SCREEN M21 Gold,Cell phones,The Phone Company,17.71,2.0,0.0485,5.0,5.0,25.62,26.44,52.06,High
1516,The Phone Company Smart phones 320 x 320 M86 Gold,Cell phones,The Phone Company,17.51,2.0,0.048,4.0,4.0,25.33,33.11,58.44,High
1517,The Phone Company Smart phones Unlocked M300 Gold,Cell phones,The Phone Company,23.16,2.0,0.0635,6.0,6.0,33.5,30.7,64.2,High
1518,The Phone Company Smart phones Expert M400 Gold,Cell phones,The Phone Company,20.04,2.0,0.0549,4.0,4.0,28.99,34.49,63.48,High
1519,The Phone Company Smart phones Unlocked International M800 Gold,Cell phones,The Phone Company,12.26,1.0,0.0336,4.0,4.0,35.47,17.82,53.29,High
1520,The Phone Company PDA Wifi 3.5-inch M200 Black,Cell phones,The Phone Company,23.93,2.0,0.0656,4.0,4.0,34.61,32.19,66.8,High
1521,The Phone Company PDA Wifi 3.7-inch M250 Black,Cell phones,The Phone Company,21.21,2.0,0.0581,5.0,5.0,30.68,35.64,66.32,High
1522,The Phone Company PDA Wifi 4.7-inch L290 Black,Cell phones,The Phone Company,16.54,2.0,0.0453,5.0,5.0,23.93,31.48,55.41,High
1523,The Phone Company PDA Phone 3.5 inches M320 Black,Cell phones,The Phone Company,17.71,2.0,0.0485,4.0,4.0,25.62,34.38,60.0,High
1524,The Phone Company PDA Phone 3.7 inches M340 Black,Cell phones,The Phone Company,25.1,2.0,0.0688,6.0,6.0,36.31,37.94,74.25,High
1525,The Phone Company PDA Phone 4.7 inches L360 Black,Cell phones,The Phone Company,19.85,2.0,0.0544,5.0,5.0,28.71,33.3,62.01,High
1526,The Phone Company PDA Phone Unlocked 3.7 inches M510 Black,Cell phones,The Phone Company,19.85,2.0,0.0544,5.0,5.0,28.71,27.36,56.07,High
1527,The Phone Company PDA Phone Unlocked 3.5 inches M530 Black,Cell phones,The Phone Company,25.3,2.0,0.0693,5.0,5.0,36.6,30.81,67.41,High
1528,The Phone Company PDA Phone Unlocked 4.7 inches L550 Black,Cell phones,The Phone Company,20.04,2.0,0.0549,5.0,5.0,28.99,25.02,54.01,High
1529,The Phone Company PDA Handheld 3.5 inch M610 Black,Cell phones,The Phone Company,18.88,2.0,0.0517,4.0,4.0,27.31,29.32,56.63,High
1530,The Phone Company PDA Handheld 3.7 inch M630 Black,Cell phones,The Phone Company,20.24,2.0,0.0555,5.0,5.0,29.28,30.58,59.86,High
1531,The Phone Company PDA Handheld 4.7 inch L650 Black,Cell phones,The Phone Company,17.12,2.0,0.0469,4.0,4.0,24.76,32.22,56.98,High
1532,The Phone Company PDA Palm 3.5 inch M810 Black,Cell phones,The Phone Company,19.26,2.0,0.0528,5.0,5.0,27.86,32.19,60.05,High
1533,The Phone Company PDA Palm 3.7 inch M830 Black,Cell phones,The Phone Company,18.68,2.0,0.0512,3.0,3.0,27.02,34.38,61.4,High
1534,The Phone Company PDA Palm 4.7 inch L850 Black,Cell phones,The Phone Company,12.84,2.0,0.0352,5.0,5.0,18.57,32.97,51.54,High
1535,The Phone Company PDA GPS Phone 3.5 inch M910 Black,Cell phones,The Phone Company,20.63,2.0,0.0565,5.0,5.0,29.84,30.81,60.65,High
1536,The Phone Company PDA GPS Phone 3.7 inch M930 Black,Cell phones,The Phone Company,24.52,2.0,0.0672,5.0,5.0,35.47,34.26,69.73,High
1537,The Phone Company PDA GPS Phone 4.7 inch L950 Black,Cell phones,The Phone Company,22.18,2.0,0.0608,5.0,5.0,32.08,30.48,62.56,High
1538,The Phone Company PDA Wifi 3.5-inch M200 Silver,Cell phones,The Phone Company,20.63,2.0,0.0565,6.0,6.0,29.84,32.19,62.03,High
1539,The Phone Company PDA Wifi 3.7-inch M250 Silver,Cell phones,The Phone Company,18.88,2.0,0.0517,4.0,4.0,27.31,35.64,62.95,High
1540,The Phone Company PDA Wifi 4.7-inch L290 Silver,Cell phones,The Phone Company,19.07,2.0,0.0522,4.0,4.0,27.58,31.48,59.06,High
1541,The Phone Company PDA Phone 3.5 inches M320 Silver,Cell phones,The Phone Company,15.76,2.0,0.0432,5.0,5.0,22.8,34.38,57.18,High
1542,The Phone Company PDA Phone 3.7 inches M340 Silver,Cell phones,The Phone Company,13.04,1.0,0.0357,4.0,4.0,37.72,18.97,56.69,High
1543,The Phone Company PDA Phone 4.7 inches L360 Silver,Cell phones,The Phone Company,19.65,2.0,0.0538,5.0,5.0,28.42,33.3,61.72,High
1544,The Phone Company PDA Phone Unlocked 3.7 inches M510 Silver,Cell phones,The Phone Company,21.99,2.0,0.0602,5.0,5.0,31.81,27.36,59.17,High
1545,The Phone Company PDA Phone Unlocked 3.5 inches M530 Silver,Cell phones,The Phone Company,20.43,2.0,0.056,5.0,5.0,29.55,30.81,60.36,High
1546,The Phone Company PDA Phone Unlocked 4.7 inches L550 Silver,Cell phones,The Phone Company,18.88,2.0,0.0517,3.0,3.0,27.31,25.02,52.33,High
1547,The Phone Company PDA Handheld 3.5 inch M610 Silver,Cell phones,The Phone Company,20.43,2.0,0.056,5.0,5.0,29.55,29.32,58.87,High
1548,The Phone Company PDA Handheld 3.7 inch M630 Silver,Cell phones,The Phone Company,21.21,2.0,0.0581,5.0,5.0,30.68,30.58,61.26,High
1549,The Phone Company PDA Handheld 4.7 inch L650 Silver,Cell phones,The Phone Company,16.54,2.0,0.0453,5.0,5.0,23.93,32.22,56.15,High
1550,The Phone Company PDA Palm 3.5 inch M810 Silver,Cell phones,The Phone Company,21.41,2.0,0.0587,4.0,4.0,30.97,32.19,63.16,High
1551,The Phone Company PDA Palm 3.7 inch M830 Silver,Cell phones,The Phone Company,14.79,2.0,0.0405,6.0,6.0,21.39,34.38,55.77,High
1552,The Phone Company PDA Palm 4.7 inch L850 Silver,Cell phones,The Phone Company,20.43,2.0,0.056,4.0,4.0,29.55,32.97,62.52,High
1553,The Phone Company PDA GPS Phone 3.5 inch M910 Silver,Cell phones,The Phone Company,12.26,2.0,0.0336,3.0,3.0,17.73,30.81,48.54,Medium
1554,The Phone Company PDA GPS Phone 3.7 inch M930 Silver,Cell phones,The Phone Company,21.41,2.0,0.0587,5.0,5.0,30.97,34.26,65.23,High
1555,The Phone Company PDA GPS Phone 4.7 inch L950 Silver,Cell phones,The Phone Company,21.41,2.0,0.0587,5.0,5.0,30.97,30.48,61.45,High
1556,The Phone Company PDA Wifi 3.5-inch M200 White,Cell phones,The Phone Company,26.27,2.0,0.072,5.0,5.0,38.0,32.19,70.19,High
1557,The Phone Company PDA Wifi 3.7-inch M250 White,Cell phones,The Phone Company,21.02,2.0,0.0576,4.0,4.0,30.41,35.64,66.05,High
1558,The Phone Company PDA Wifi 4.7-inch L290 White,Cell phones,The Phone Company,22.77,2.0,0.0624,5.0,5.0,32.94,31.48,64.42,High
1559,The Phone Company PDA Phone 3.5 inches M320 White,Cell phones,The Phone Company,16.73,2.0,0.0458,4.0,4.0,24.2,34.38,58.58,High
1560,The Phone Company PDA Phone 3.7 inches M340 White,Cell phones,The Phone Company,14.4,1.0,0.0395,4.0,4.0,41.66,18.97,60.63,High
1561,The Phone Company PDA Phone 4.7 inches L360 White,Cell phones,The Phone Company,19.07,2.0,0.0522,4.0,4.0,27.58,33.3,60.88,High
1562,The Phone Company PDA Phone Unlocked 3.7 inches M510 White,Cell phones,The Phone Company,15.96,2.0,0.0437,4.0,4.0,23.09,27.36,50.45,High
1563,The Phone Company PDA Phone Unlocked 3.5 inches M530 White,Cell phones,The Phone Company,24.32,2.0,0.0666,6.0,6.0,35.18,30.81,65.99,High
1564,The Phone Company PDA Phone Unlocked 4.7 inches L550 White,Cell phones,The Phone Company,17.32,2.0,0.0475,5.0,5.0,25.05,25.02,50.07,High
1565,The Phone Company PDA Handheld 3.5 inch M610 White,Cell phones,The Phone Company,19.85,2.0,0.0544,4.0,4.0,28.71,29.32,58.03,High
1566,The Phone Company PDA Handheld 3.7 inch M630 White,Cell phones,The Phone Company,18.88,2.0,0.0517,5.0,5.0,27.31,30.58,57.89,High
1567,The Phone Company PDA Handheld 4.7 inch L650 White,Cell phones,The Phone Company,19.85,2.0,0.0544,5.0,5.0,28.71,32.22,60.93,High
1568,The Phone Company PDA Palm 3.5 inch M810 White,Cell phones,The Phone Company,12.45,1.0,0.0341,2.0,2.0,36.02,16.1,52.12,High
1569,The Phone Company PDA Palm 3.7 inch M830 White,Cell phones,The Phone Company,22.77,2.0,0.0624,4.0,4.0,32.94,34.38,67.32,High
1570,The Phone Company PDA Palm 4.7 inch L850 White,Cell phones,The Phone Company,15.76,2.0,0.0432,5.0,5.0,22.8,32.97,55.77,High
1571,SV DVD Player M100 Black,"Music, Movies and Audio Books",Southridge Video,64.99,8.0,0.1781,5.0,5.0,23.5,26.21,49.71,Medium
1572,SV DVD Player M110 Silver,"Music, Movies and Audio Books",Southridge Video,59.55,7.0,0.1632,5.0,5.0,24.61,23.34,47.95,Medium
1573,SV DVD Player M120 White,"Music, Movies and Audio Books",Southridge Video,78.62,8.0,0.2154,5.0,5.0,28.43,27.13,55.56,High
1574,SV DVD Player M130 Grey,"Music, Movies and Audio Books",Southridge Video,50.4,7.0,0.1381,4.0,4.0,20.83,24.14,44.97,Medium
1575,SV DVD Player M140 Gold,"Music, Movies and Audio Books",Southridge Video,53.51,7.0,0.1466,5.0,5.0,22.11,24.54,46.65,Medium
1576,SV DVD Movies E100 Yellow,"Music, Movies and Audio Books",Southridge Video,56.82,14.0,0.1557,5.0,5.0,11.74,11.58,23.32,Medium
1577,SV DVD Recorder L200 Black,"Music, Movies and Audio Books",Southridge Video,56.43,4.0,0.1546,6.0,6.0,40.81,36.28,77.09,High
1578,SV DVD Recorder L210 Silver,"Music, Movies and Audio Books",Southridge Video,72.39,5.0,0.1983,5.0,5.0,41.88,45.35,87.23,High
1579,SV DVD Recorder L220 White,"Music, Movies and Audio Books",Southridge Video,57.6,4.0,0.1578,5.0,5.0,41.66,36.28,77.94,High
1580,SV DVD Recorder L230 Grey,"Music, Movies and Audio Books",Southridge Video,57.4,4.0,0.1573,4.0,4.0,41.51,36.28,77.79,High
1581,SV DVD Recorder L240 Gold,"Music, Movies and Audio Books",Southridge Video,69.08,5.0,0.1893,5.0,5.0,39.97,45.35,85.32,High
1582,SV DVD 48 DVD Storage Binder M50 Black,"Music, Movies and Audio Books",Southridge Video,53.71,12.0,0.1472,5.0,5.0,12.95,12.4,25.35,Medium
1583,SV DVD 58 DVD Storage Binder M55 Black,"Music, Movies and Audio Books",Southridge Video,63.24,15.0,0.1733,5.0,5.0,12.2,11.98,24.18,Medium
1584,SV DVD 38 DVD Storage Binder E25 Black,"Music, Movies and Audio Books",Southridge Video,56.63,16.0,0.1552,5.0,5.0,10.24,10.18,20.42,Medium
1585,SV DVD 60 DVD Storage Binder L20 Black,"Music, Movies and Audio Books",Southridge Video,59.35,13.0,0.1626,5.0,5.0,13.21,12.32,25.53,Medium
1586,SV DVD 55DVD Storage Binder M56 Black,"Music, Movies and Audio Books",Southridge Video,72.0,17.0,0.1973,5.0,5.0,12.25,12.37,24.62,Medium
1587,SV DVD 48 DVD Storage Binder M50 Silver,"Music, Movies and Audio Books",Southridge Video,54.29,12.0,0.1487,5.0,5.0,13.09,12.4,25.49,Medium
1588,SV DVD 58 DVD Storage Binder M55 Silver,"Music, Movies and Audio Books",Southridge Video,58.57,15.0,0.1605,4.0,4.0,11.3,11.98,23.28,Medium
1589,SV DVD 38 DVD Storage Binder E25 Silver,"Music, Movies and Audio Books",Southridge Video,62.66,17.0,0.1717,5.0,5.0,10.66,10.82,21.48,Medium
1590,SV DVD 60 DVD Storage Binder L20 Silver,"Music, Movies and Audio Books",Southridge Video,60.32,14.0,0.1653,5.0,5.0,12.46,13.26,25.72,Medium
1591,SV DVD 55DVD Storage Binder M56 Silver,"Music, Movies and Audio Books",Southridge Video,63.44,16.0,0.1738,5.0,5.0,11.47,11.64,23.11,Medium
1592,SV DVD 48 DVD Storage Binder M50 Red,"Music, Movies and Audio Books",Southridge Video,53.71,12.0,0.1472,5.0,5.0,12.95,12.4,25.35,Medium
1593,SV DVD 58 DVD Storage Binder M55 Red,"Music, Movies and Audio Books",Southridge Video,63.83,15.0,0.1749,4.0,4.0,12.31,11.98,24.29,Medium
1594,SV DVD 38 DVD Storage Binder E25 Red,"Music, Movies and Audio Books",Southridge Video,67.72,18.0,0.1855,5.0,5.0,10.88,11.45,22.33,Medium
1595,SV DVD 60 DVD Storage Binder L20 Red,"Music, Movies and Audio Books",Southridge Video,53.9,13.0,0.1477,5.0,5.0,11.99,12.32,24.31,Medium
1596,SV DVD 55DVD Storage Binder M56 Red,"Music, Movies and Audio Books",Southridge Video,71.61,17.0,0.1962,5.0,5.0,12.19,12.37,24.56,Medium
1597,SV DVD External DVD Burner M200 Black,"Music, Movies and Audio Books",Southridge Video,74.72,8.0,0.2047,5.0,5.0,27.02,26.62,53.64,High
1598,SV DVD External DVD Burner M200 Grey,"Music, Movies and Audio Books",Southridge Video,53.9,7.0,0.1477,5.0,5.0,22.28,23.29,45.57,Medium
1599,SV DVD External DVD Burner M200 Blue,"Music, Movies and Audio Books",Southridge Video,57.79,7.0,0.1583,4.0,4.0,23.88,23.29,47.17,Medium
1600,SV DVD External DVD Burner M200 Silver,"Music, Movies and Audio Books",Southridge Video,55.26,7.0,0.1514,4.0,4.0,22.84,23.29,46.13,Medium
1601,SV DVD 9-Inch Player Portable M300 Black,"Music, Movies and Audio Books",Southridge Video,61.69,4.0,0.169,5.0,5.0,44.62,36.78,81.4,High
1602,SV DVD 12-Inch Player Portable M400 Black,"Music, Movies and Audio Books",Southridge Video,65.38,4.0,0.1791,4.0,4.0,47.29,41.38,88.67,High
1603,SV DVD 7-Inch Player Portable E200 Black,"Music, Movies and Audio Books",Southridge Video,56.82,5.0,0.1557,5.0,5.0,32.88,35.05,67.93,High
1604,SV DVD 14-Inch Player Portable L100 Black,"Music, Movies and Audio Books",Southridge Video,59.55,4.0,0.1632,5.0,5.0,43.07,43.07,86.14,High
1605,SV DVD 15-Inch Player Portable L200 Black,"Music, Movies and Audio Books",Southridge Video,66.16,4.0,0.1813,5.0,5.0,47.85,48.04,95.89,High
1606,SV DVD 9-Inch Player Portable M300 Silver,"Music, Movies and Audio Books",Southridge Video,51.37,4.0,0.1407,5.0,5.0,37.15,36.78,73.93,High
1607,SV DVD 12-Inch Player Portable M400 Silver,"Music, Movies and Audio Books",Southridge Video,59.74,4.0,0.1637,6.0,6.0,43.21,41.38,84.59,High
1608,SV DVD 7-Inch Player Portable E200 Silver,"Music, Movies and Audio Books",Southridge Video,64.02,5.0,0.1754,6.0,6.0,37.04,35.05,72.09,High
1609,SV DVD 14-Inch Player Portable L100 Silver,"Music, Movies and Audio Books",Southridge Video,76.09,5.0,0.2085,5.0,5.0,44.03,53.84,97.87,High
1610,SV DVD 15-Inch Player Portable L200 Silver,"Music, Movies and Audio Books",Southridge Video,58.96,4.0,0.1615,5.0,5.0,42.64,48.04,90.68,High
1611,SV DVD 9-Inch Player Portable M300 White,"Music, Movies and Audio Books",Southridge Video,55.85,4.0,0.153,4.0,4.0,40.39,36.78,77.17,High
1612,SV DVD 12-Inch Player Portable M400 White,"Music, Movies and Audio Books",Southridge Video,78.03,5.0,0.2138,5.0,5.0,45.15,51.73,96.88,High
1613,SV DVD 7-Inch Player Portable E200 White,"Music, Movies and Audio Books",Southridge Video,71.03,5.0,0.1946,5.0,5.0,41.1,35.05,76.15,High
1614,SV DVD 14-Inch Player Portable L100 White,"Music, Movies and Audio Books",Southridge Video,66.16,4.0,0.1813,4.0,4.0,47.85,43.07,90.92,High
1615,SV DVD 15-Inch Player Portable L200 White,"Music, Movies and Audio Books",Southridge Video,50.01,3.0,0.137,4.0,4.0,48.23,36.03,84.26,High
1616,Contoso DVD Player M100 Black,"Music, Movies and Audio Books",Contoso,73.17,8.0,0.2005,4.0,4.0,26.46,26.21,52.67,High
1617,Contoso DVD Player M110 Silver,"Music, Movies and Audio Books",Contoso,70.05,8.0,0.1919,5.0,5.0,25.33,26.67,52.0,High
1618,Contoso DVD Player M120 White,"Music, Movies and Audio Books",Contoso,56.43,7.0,0.1546,5.0,5.0,23.32,23.74,47.06,Medium
1619,Contoso DVD Player M130 Grey,"Music, Movies and Audio Books",Contoso,67.33,8.0,0.1845,5.0,5.0,24.35,27.59,51.94,High
1620,Contoso DVD Player M140 Gold,"Music, Movies and Audio Books",Contoso,50.59,6.0,0.1386,5.0,5.0,24.39,21.04,45.43,Medium
1621,Contoso DVD Movies E100 Yellow,"Music, Movies and Audio Books",Contoso,67.13,15.0,0.1839,5.0,5.0,12.95,12.41,25.36,Medium
1622,Contoso DVD Recorder L200 Black,"Music, Movies and Audio Books",Contoso,60.91,4.0,0.1669,5.0,5.0,44.05,36.28,80.33,High
1623,Contoso DVD Recorder L210 Silver,"Music, Movies and Audio Books",Contoso,58.38,4.0,0.1599,5.0,5.0,42.22,36.28,78.5,High
1624,Contoso DVD Recorder L220 White,"Music, Movies and Audio Books",Contoso,55.07,4.0,0.1509,5.0,5.0,39.83,36.28,76.11,High
1625,Contoso DVD Recorder L230 Grey,"Music, Movies and Audio Books",Contoso,72.19,5.0,0.1978,5.0,5.0,41.77,45.35,87.12,High
1626,Contoso DVD Recorder L240 Gold,"Music, Movies and Audio Books",Contoso,52.73,4.0,0.1445,5.0,5.0,38.14,36.28,74.42,High
1627,Contoso DVD 48 DVD Storage Binder M50 Black,"Music, Movies and Audio Books",Contoso,58.18,13.0,0.1594,5.0,5.0,12.95,13.44,26.39,Medium
1628,Contoso DVD 58 DVD Storage Binder M55 Black,"Music, Movies and Audio Books",Contoso,61.88,15.0,0.1695,5.0,5.0,11.93,11.98,23.91,Medium
1629,Contoso DVD 38 DVD Storage Binder E25 Black,"Music, Movies and Audio Books",Contoso,69.27,18.0,0.1898,5.0,5.0,11.13,11.45,22.58,Medium
1630,Contoso DVD 60 DVD Storage Binder L20 Black,"Music, Movies and Audio Books",Contoso,49.43,12.0,0.1354,4.0,4.0,11.92,11.37,23.29,Medium
1631,Contoso DVD 55DVD Storage Binder M56 Black,"Music, Movies and Audio Books",Contoso,62.85,16.0,0.1722,5.0,5.0,11.36,11.64,23.0,Medium
1632,Contoso DVD 48 DVD Storage Binder M50 Silver,"Music, Movies and Audio Books",Contoso,67.72,14.0,0.1855,5.0,5.0,13.99,14.47,28.46,Medium
1633,Contoso DVD 58 DVD Storage Binder M55 Silver,"Music, Movies and Audio Books",Contoso,56.24,14.0,0.1541,5.0,5.0,11.62,11.18,22.8,Medium
1634,Contoso DVD 38 DVD Storage Binder E25 Silver,"Music, Movies and Audio Books",Contoso,55.07,16.0,0.1509,5.0,5.0,9.96,10.18,20.14,Medium
1635,Contoso DVD 60 DVD Storage Binder L20 Silver,"Music, Movies and Audio Books",Contoso,60.52,14.0,0.1658,5.0,5.0,12.51,13.26,25.77,Medium
1636,Contoso DVD 55DVD Storage Binder M56 Silver,"Music, Movies and Audio Books",Contoso,73.95,17.0,0.2026,5.0,5.0,12.58,12.37,24.95,Medium
1637,Contoso DVD 48 DVD Storage Binder M50 Red,"Music, Movies and Audio Books",Contoso,68.5,14.0,0.1877,5.0,5.0,14.16,14.47,28.63,Medium
1638,Contoso DVD 58 DVD Storage Binder M55 Red,"Music, Movies and Audio Books",Contoso,61.3,15.0,0.1679,5.0,5.0,11.82,11.98,23.8,Medium
1639,Contoso DVD 38 DVD Storage Binder E25 Red,"Music, Movies and Audio Books",Contoso,59.55,16.0,0.1632,5.0,5.0,10.77,10.18,20.95,Medium
1640,Contoso DVD 60 DVD Storage Binder L20 Red,"Music, Movies and Audio Books",Contoso,51.76,13.0,0.1418,5.0,5.0,11.52,12.32,23.84,Medium
1641,Contoso DVD 55DVD Storage Binder M56 Red,"Music, Movies and Audio Books",Contoso,69.47,17.0,0.1903,5.0,5.0,11.82,12.37,24.19,Medium
1642,Contoso DVD External DVD Burner M200 Black,"Music, Movies and Audio Books",Contoso,54.1,7.0,0.1482,5.0,5.0,22.36,23.29,45.65,Medium
1643,Contoso DVD External DVD Burner M200 Grey,"Music, Movies and Audio Books",Contoso,70.05,8.0,0.1919,4.0,4.0,25.33,26.62,51.95,High
1644,Contoso DVD External DVD Burner M200 Blue,"Music, Movies and Audio Books",Contoso,61.49,7.0,0.1685,4.0,4.0,25.41,23.29,48.7,Medium
1645,Contoso DVD External DVD Burner M200 Silver,"Music, Movies and Audio Books",Contoso,66.55,8.0,0.1823,5.0,5.0,24.07,26.62,50.69,High
1646,Contoso DVD 9-Inch Player Portable M300 Black,"Music, Movies and Audio Books",Contoso,69.08,5.0,0.1893,5.0,5.0,39.97,45.98,85.95,High
1647,Contoso DVD 12-Inch Player Portable M400 Black,"Music, Movies and Audio Books",Contoso,64.02,4.0,0.1754,5.0,5.0,46.3,41.38,87.68,High
1648,Contoso DVD 7-Inch Player Portable E200 Black,"Music, Movies and Audio Books",Contoso,73.17,5.0,0.2005,5.0,5.0,42.34,35.05,77.39,High
1649,Contoso DVD 14-Inch Player Portable L100 Black,"Music, Movies and Audio Books",Contoso,67.91,4.0,0.1861,5.0,5.0,49.12,43.07,92.19,High
1650,Contoso DVD 15-Inch Player Portable L200 Black,"Music, Movies and Audio Books",Contoso,64.41,4.0,0.1765,5.0,5.0,46.58,48.04,94.62,High
1651,Contoso DVD 9-Inch Player Portable M300 Silver,"Music, Movies and Audio Books",Contoso,65.38,5.0,0.1791,5.0,5.0,37.83,45.98,83.81,High
1652,Contoso DVD 12-Inch Player Portable M400 Silver,"Music, Movies and Audio Books",Contoso,72.0,4.0,0.1973,5.0,5.0,52.07,41.38,93.45,High
1653,Contoso DVD 7-Inch Player Portable E200 Silver,"Music, Movies and Audio Books",Contoso,72.39,5.0,0.1983,5.0,5.0,41.88,35.05,76.93,High
1654,Contoso DVD 14-Inch Player Portable L100 Silver,"Music, Movies and Audio Books",Contoso,59.16,4.0,0.1621,6.0,6.0,42.79,43.07,85.86,High
1655,Contoso DVD 15-Inch Player Portable L200 Silver,"Music, Movies and Audio Books",Contoso,63.24,4.0,0.1733,5.0,5.0,45.74,48.04,93.78,High
1656,Contoso DVD 9-Inch Player Portable M300 White,"Music, Movies and Audio Books",Contoso,64.8,5.0,0.1775,4.0,4.0,37.49,45.98,83.47,High
1657,Contoso DVD 12-Inch Player Portable M400 White,"Music, Movies and Audio Books",Contoso,53.32,4.0,0.1461,5.0,5.0,38.56,41.38,79.94,High
1658,Contoso DVD 7-Inch Player Portable E200 White,"Music, Movies and Audio Books",Contoso,56.24,5.0,0.1541,5.0,5.0,32.54,35.05,67.59,High
1659,Contoso DVD 14-Inch Player Portable L100 White,"Music, Movies and Audio Books",Contoso,59.35,4.0,0.1626,5.0,5.0,42.92,43.07,85.99,High
1660,Contoso DVD 15-Inch Player Portable L200 White,"Music, Movies and Audio Books",Contoso,64.02,4.0,0.1754,5.0,5.0,46.3,48.04,94.34,High
1661,MGS Hand Games for kids E300 Yellow,Games and Toys,Tailspin Toys,50.4,20.0,0.1381,5.0,5.0,7.29,7.0,14.29,Low
1662,MGS Hand Games for students E400 Yellow,Games and Toys,Tailspin Toys,37.56,16.0,0.1029,5.0,5.0,6.79,7.12,13.91,Low
1663,MGS Hand Games men M300 Yellow,Games and Toys,Tailspin Toys,49.43,19.0,0.1354,5.0,5.0,7.53,7.53,15.06,Low
1664,MGS Hand Games women M400 Yellow,Games and Toys,Tailspin Toys,48.84,17.0,0.1338,5.0,5.0,8.31,8.78,17.09,Low
1665,MGS Hand Games for 12-16 boys E600 Yellow,Games and Toys,Tailspin Toys,50.79,22.0,0.1392,5.0,5.0,6.68,6.98,13.66,Low
1666,MGS Hand Games for Office worker L299 Yellow,Games and Toys,Tailspin Toys,47.09,14.0,0.129,6.0,6.0,9.73,9.8,19.53,Low
1667,MGS Hand Games for kids E300 Black,Games and Toys,Tailspin Toys,52.15,21.0,0.1429,5.0,5.0,7.18,7.35,14.53,Low
1668,MGS Hand Games for students E400 Black,Games and Toys,Tailspin Toys,38.33,16.0,0.105,4.0,4.0,6.93,7.12,14.05,Low
1669,MGS Hand Games men M300 Black,Games and Toys,Tailspin Toys,46.9,19.0,0.1285,5.0,5.0,7.14,7.53,14.67,Low
1670,MGS Hand Games women M400 Black,Games and Toys,Tailspin Toys,48.65,17.0,0.1333,5.0,5.0,8.28,8.78,17.06,Low
1671,MGS Hand Games for 12-16 boys E600 Black,Games and Toys,Tailspin Toys,42.03,20.0,0.1152,5.0,5.0,6.08,6.35,12.43,Low
1672,MGS Hand Games for Office worker L299 Black,Games and Toys,Tailspin Toys,47.09,14.0,0.129,4.0,4.0,9.73,9.8,19.53,Low
1673,MGS Hand Games for kids E300 Red,Games and Toys,Tailspin Toys,45.15,19.0,0.1237,5.0,5.0,6.87,6.65,13.52,Low
1674,MGS Hand Games for students E400 Red,Games and Toys,Tailspin Toys,41.64,16.0,0.1141,5.0,5.0,7.53,7.12,14.65,Low
1675,MGS Hand Games men M300 Red,Games and Toys,Tailspin Toys,73.17,23.0,0.2005,5.0,5.0,9.2,9.11,18.31,Low
1676,MGS Hand Games women M400 Red,Games and Toys,Tailspin Toys,45.73,16.0,0.1253,4.0,4.0,8.27,8.26,16.53,Low
1677,MGS Hand Games for 12-16 boys E600 Red,Games and Toys,Tailspin Toys,37.17,18.0,0.1018,5.0,5.0,5.97,5.72,11.69,Low
1678,MGS Hand Games for Office worker L299 Red,Games and Toys,Tailspin Toys,54.49,15.0,0.1493,5.0,5.0,10.51,10.5,21.01,Medium
1679,MGS Hand Games for kids E300 Silver,Games and Toys,Tailspin Toys,46.12,20.0,0.1264,5.0,5.0,6.67,7.0,13.67,Low
1680,MGS Hand Games for students E400 Silver,Games and Toys,Tailspin Toys,43.98,17.0,0.1205,5.0,5.0,7.48,7.56,15.04,Low
1681,MGS Hand Games men M300 Silver,Games and Toys,Tailspin Toys,52.93,20.0,0.145,5.0,5.0,7.66,7.92,15.58,Low
1682,MGS Hand Games women M400 Silver,Games and Toys,Tailspin Toys,57.79,18.0,0.1583,5.0,5.0,9.29,9.29,18.58,Low
1683,MGS Hand Games for 12-16 boys E600 Silver,Games and Toys,Tailspin Toys,46.31,21.0,0.1269,5.0,5.0,6.38,6.67,13.05,Low
1684,MGS Hand Games for Office worker L299 Silver,Games and Toys,Tailspin Toys,45.92,14.0,0.1258,5.0,5.0,9.49,9.8,19.29,Low
1685,SV Hand Games for kids E30 Yellow,Games and Toys,Southridge Video,37.36,18.0,0.1024,5.0,5.0,6.0,6.19,12.19,Low
1686,SV Hand Games for students E40 Yellow,Games and Toys,Southridge Video,35.22,15.0,0.0965,6.0,6.0,6.79,6.68,13.47,Low
1687,SV Hand Games men M30 Yellow,Games and Toys,Southridge Video,44.37,18.0,0.1216,5.0,5.0,7.13,7.11,14.24,Low
1688,SV Hand Games women M40 Yellow,Games and Toys,Southridge Video,48.45,17.0,0.1327,5.0,5.0,8.25,8.67,16.92,Low
1689,SV Hand Games for 12-16 boys E60 Yellow,Games and Toys,Southridge Video,43.2,20.0,0.1184,5.0,5.0,6.25,6.35,12.6,Low
1690,SV Hand Games for Office worker L28 Yellow,Games and Toys,Southridge Video,49.04,14.0,0.1344,5.0,5.0,10.13,9.85,19.98,Low
1691,SV Hand Games for kids E30 Black,Games and Toys,Southridge Video,42.42,19.0,0.1162,5.0,5.0,6.46,6.53,12.99,Low
1692,SV Hand Games for students E40 Black,Games and Toys,Southridge Video,40.48,16.0,0.1109,5.0,5.0,7.32,7.12,14.44,Low
1693,SV Hand Games men M30 Black,Games and Toys,Southridge Video,49.82,19.0,0.1365,5.0,5.0,7.59,7.51,15.1,Low
1694,SV Hand Games women M40 Black,Games and Toys,Southridge Video,44.17,16.0,0.121,4.0,4.0,7.99,8.16,16.15,Low
1695,SV Hand Games for 12-16 boys E60 Black,Games and Toys,Southridge Video,38.14,19.0,0.1045,4.0,4.0,5.81,6.03,11.84,Low
1696,SV Hand Games for Office worker L28 Black,Games and Toys,Southridge Video,48.84,14.0,0.1338,4.0,4.0,10.09,9.85,19.94,Low
1697,SV Hand Games for kids E30 Red,Games and Toys,Southridge Video,48.65,20.0,0.1333,5.0,5.0,7.04,6.88,13.92,Low
1698,SV Hand Games for students E40 Red,Games and Toys,Southridge Video,40.67,16.0,0.1114,5.0,5.0,7.35,7.12,14.47,Low
1699,SV Hand Games men M30 Red,Games and Toys,Southridge Video,49.62,19.0,0.1359,5.0,5.0,7.56,7.51,15.07,Low
1700,SV Hand Games women M40 Red,Games and Toys,Southridge Video,43.98,16.0,0.1205,5.0,5.0,7.95,8.16,16.11,Low
1701,SV Hand Games for 12-16 boys E60 Red,Games and Toys,Southridge Video,48.06,21.0,0.1317,5.0,5.0,6.62,6.67,13.29,Low
1702,SV Hand Games for Office worker L28 Red,Games and Toys,Southridge Video,43.2,13.0,0.1184,5.0,5.0,9.61,9.15,18.76,Low
1703,SV Hand Games for kids E30 Silver,Games and Toys,Southridge Video,45.92,20.0,0.1258,5.0,5.0,6.64,6.88,13.52,Low
1704,SV Hand Games for students E40 Silver,Games and Toys,Southridge Video,52.73,19.0,0.1445,5.0,5.0,8.03,8.46,16.49,Low
1705,SV Hand Games men M30 Silver,Games and Toys,Southridge Video,53.32,20.0,0.1461,6.0,6.0,7.71,7.9,15.61,Low
1706,SV Hand Games women M40 Silver,Games and Toys,Southridge Video,51.76,17.0,0.1418,6.0,6.0,8.81,8.67,17.48,Low
1707,MGS Dal of Honor Airborne M150,Games and Toys,Tailspin Toys,21.99,4.0,0.0602,5.0,5.0,15.9,16.12,32.02,Medium
1708,MGS Collector's M160,Games and Toys,Tailspin Toys,13.82,3.0,0.0379,7.0,7.0,13.33,12.09,25.42,Medium
1709,MGS Gears of War M170,Games and Toys,Tailspin Toys,32.5,5.0,0.089,5.0,5.0,18.8,20.16,38.96,Medium
1710,MGS Age of Empires III: The Asian Dynasties M180,Games and Toys,Tailspin Toys,19.46,4.0,0.0533,6.0,6.0,14.07,16.12,30.19,Medium
1711,MGS Age of Empires III: The Asian Dynasties M190,Games and Toys,Tailspin Toys,13.23,3.0,0.0362,4.0,4.0,12.76,12.09,24.85,Medium
1712,MGS Flight Simulator X Acceleration Expansion Pack M200,Games and Toys,Tailspin Toys,21.21,4.0,0.0581,5.0,5.0,15.34,16.12,31.46,Medium
1713,MGS Zoo Tycoon 2: Extinct Animals M210,Games and Toys,Tailspin Toys,10.51,3.0,0.0288,4.0,4.0,10.14,12.09,22.23,Medium
1714,MGS Halo 2 for Windows Vista M220,Games and Toys,Tailspin Toys,23.55,4.0,0.0645,5.0,5.0,17.03,16.12,33.15,Medium
1715,MGS Shadow-run M230,Games and Toys,Tailspin Toys,18.68,4.0,0.0512,4.0,4.0,13.51,16.12,29.63,Medium
1716,MGS Age of Empires III: The War Chiefs M240,Games and Toys,Tailspin Toys,14.4,3.0,0.0395,4.0,4.0,13.89,12.09,25.98,Medium
1717,MGS Flight Simulator X M250,Games and Toys,Tailspin Toys,15.96,3.0,0.0437,5.0,5.0,15.39,12.09,27.48,Medium
1718,MGS Zoo Tycoon 2: Zookeeper Collection M260,Games and Toys,Tailspin Toys,13.82,3.0,0.0379,4.0,4.0,13.33,12.09,25.42,Medium
1719,MGS Zoo Tycoon 2: Marine Mania Expansion Pack M270,Games and Toys,Tailspin Toys,18.1,4.0,0.0496,5.0,5.0,13.09,16.12,29.21,Medium
1720,MGS Zoo Tycoon 2: African Adventure M280,Games and Toys,Tailspin Toys,17.9,4.0,0.049,6.0,6.0,12.95,16.12,29.07,Medium
1721,MGS Rise of Nations: Rise of Legends M290,Games and Toys,Tailspin Toys,25.1,4.0,0.0688,6.0,6.0,18.15,16.12,34.27,Medium
1722,MGS Zoo Tycoon 2: End range Species Expansion Pack E105,Games and Toys,Tailspin Toys,19.07,4.0,0.0522,5.0,5.0,13.79,14.28,28.07,Medium
1723,MGS Age of Empires III: The Asian Dynasties E106,Games and Toys,Tailspin Toys,19.46,4.0,0.0533,6.0,6.0,14.07,14.28,28.35,Medium
1724,MGS Fable: The Lost Chapters E107,Games and Toys,Tailspin Toys,18.49,4.0,0.0507,5.0,5.0,13.37,14.28,27.65,Medium
1725,MGS Dungeon Siege II E105,Games and Toys,Tailspin Toys,19.85,4.0,0.0544,5.0,5.0,14.36,14.28,28.64,Medium
1726,MGS Zoo Tycoon 2 E108,Games and Toys,Tailspin Toys,20.43,4.0,0.056,5.0,5.0,14.78,14.28,29.06,Medium
1727,MGS Rise of Nations: Gold Edition M300,Games and Toys,Tailspin Toys,15.18,4.0,0.0416,4.0,4.0,10.98,12.88,23.86,Medium
1728,MGS Age of Mythology: Gold Edition M310,Games and Toys,Tailspin Toys,15.57,3.0,0.0427,6.0,6.0,15.01,13.76,28.77,Medium
1729,MGS Rise of Nations: Thrones and Patriots M320,Games and Toys,Tailspin Toys,16.15,3.0,0.0442,4.0,4.0,15.57,13.4,28.97,Medium
1730,MGS Dungeon Siege: Legends of Aranna M330,Games and Toys,Tailspin Toys,20.82,4.0,0.057,5.0,5.0,15.06,17.86,32.92,Medium
1731,MGS King& Myths: The Age Collection M340,Games and Toys,Tailspin Toys,15.57,3.0,0.0427,6.0,6.0,15.01,12.5,27.51,Medium
1732,MGS Age of Mythology: The Titans Expansion M350,Games and Toys,Tailspin Toys,20.63,4.0,0.0565,5.0,5.0,14.92,16.66,31.58,Medium
1733,MGS Halo: Combat Evolved E109,Games and Toys,Tailspin Toys,19.65,6.0,0.0538,4.0,4.0,9.47,8.72,18.19,Low
1734,MGS Zoo Tycoon Complete Collection E110,Games and Toys,Tailspin Toys,10.9,4.0,0.0299,4.0,4.0,7.88,7.14,15.02,Low
1735,MGS Flight Simulator 2004: A Century of Flight E111,Games and Toys,Tailspin Toys,22.57,6.0,0.0618,6.0,6.0,10.88,10.71,21.59,Medium
1736,MGS Rise of Nations E112,Games and Toys,Tailspin Toys,20.24,6.0,0.0555,5.0,5.0,9.76,10.71,20.47,Medium
1737,MGS Freelancer E113,Games and Toys,Tailspin Toys,24.13,6.0,0.0661,6.0,6.0,11.63,10.71,22.34,Medium
1738,MGS Impossible Creatures E114,Games and Toys,Tailspin Toys,17.12,5.0,0.0469,5.0,5.0,9.91,8.92,18.83,Low
1739,MGS RalliSport Challenge E115,Games and Toys,Tailspin Toys,20.43,6.0,0.056,4.0,4.0,9.85,10.71,20.56,Medium
1740,MGS MechCollection E116,Games and Toys,Tailspin Toys,13.23,5.0,0.0362,4.0,4.0,7.65,8.92,16.57,Low
1741,MGS MechWarrior 4: Mercenaries E117,Games and Toys,Tailspin Toys,18.1,5.0,0.0496,5.0,5.0,10.47,8.92,19.39,Low
1742,MGS Age of Mythology E118,Games and Toys,Tailspin Toys,18.49,5.0,0.0507,5.0,5.0,10.7,8.92,19.62,Low
1743,MGS Combat Flight Simulator 3 E119,Games and Toys,Tailspin Toys,22.77,6.0,0.0624,5.0,5.0,10.98,10.71,21.69,Medium
1744,MGS Zoo Tycoon Marine Mania E120,Games and Toys,Tailspin Toys,18.29,5.0,0.0501,5.0,5.0,10.58,8.92,19.5,Low
1745,MGS MechWarrior 4 Mach Packs X100,Games and Toys,Tailspin Toys,28.8,4.0,0.0789,5.0,5.0,20.83,18.06,38.89,Medium
1746,MGS Zoo Tycoon Dinosaur Digs X200,Games and Toys,Tailspin Toys,18.1,3.0,0.0496,5.0,5.0,17.45,13.54,30.99,Medium
1747,MGS Dungeon Siege X300,Games and Toys,Tailspin Toys,15.57,3.0,0.0427,5.0,5.0,15.01,13.54,28.55,Medium
1748,MGS Classic Flight Collection X400,Games and Toys,Tailspin Toys,22.38,4.0,0.0613,4.0,4.0,16.19,18.06,34.25,Medium
1749,MGS Bicycle Board Games X500,Games and Toys,Tailspin Toys,21.41,4.0,0.0587,5.0,5.0,15.48,18.06,33.54,Medium
1750,MGS Bicycle Card Games X600,Games and Toys,Tailspin Toys,19.07,3.0,0.0522,5.0,5.0,18.39,13.54,31.93,Medium
1751,MGS Bicycle Casino Games X700,Games and Toys,Tailspin Toys,15.37,3.0,0.0421,5.0,5.0,14.82,13.54,28.36,Medium
1752,MGS Flight Simulator 2002 M360,Games and Toys,Tailspin Toys,18.29,3.0,0.0501,5.0,5.0,17.64,15.35,32.99,Medium
1753,MGS Racing Madness 2 M370,Games and Toys,Tailspin Toys,13.43,3.0,0.0368,4.0,4.0,12.95,15.35,28.3,Medium
1754,MGS Zoo Tycoon M380,Games and Toys,Tailspin Toys,14.01,3.0,0.0384,5.0,5.0,13.51,15.35,28.86,Medium
1755,MGS MechWarrior 4: Knight E121,Games and Toys,Tailspin Toys,18.88,4.0,0.0517,4.0,4.0,13.65,16.55,30.2,Medium
1756,MGS Age of Empires II Gold Edition E122,Games and Toys,Tailspin Toys,16.54,3.0,0.0453,3.0,3.0,15.95,12.41,28.36,Medium
1757,MGS MechCommander 2 E123,Games and Toys,Tailspin Toys,19.85,4.0,0.0544,5.0,5.0,14.36,14.25,28.61,Medium
1758,MGS Train Simulator E124,Games and Toys,Tailspin Toys,18.88,4.0,0.0517,4.0,4.0,13.65,12.88,26.53,Medium
1759,MGS MechWarrior 4: Vengeance X800,Games and Toys,Tailspin Toys,16.15,3.0,0.0442,5.0,5.0,15.57,13.03,28.6,Medium
1760,MGS Return of Arcade Anniversary Edition M390,Games and Toys,Tailspin Toys,23.55,4.0,0.0645,6.0,6.0,17.03,21.8,38.83,Medium
1761,MGS Combat Flight Simulator 2 M400,Games and Toys,Tailspin Toys,17.32,3.0,0.0475,4.0,4.0,16.7,12.66,29.36,Medium
1762,MGS Age of Empires II: The Conquerors Expansion E125,Games and Toys,Tailspin Toys,18.1,5.0,0.0496,4.0,4.0,10.47,10.0,20.47,Medium
1763,MGS Flight Simulator 2000 M410,Games and Toys,Tailspin Toys,15.37,3.0,0.0421,5.0,5.0,14.82,17.2,32.02,Medium
1764,MGS Age of Empires II: The Age of Kings E126,Games and Toys,Tailspin Toys,13.82,4.0,0.0379,3.0,3.0,10.0,11.93,21.93,Medium
1765,MGS Age of Empires Expansion: The Rise of Rome X900,Games and Toys,Tailspin Toys,15.76,1.0,0.0432,5.0,5.0,45.59,24.8,70.39,High
1766,MGS Age of Empires 2008new M420,Games and Toys,Tailspin Toys,24.52,5.0,0.0672,5.0,5.0,14.19,15.52,29.71,Medium
1767,MGS Dal of Honor Airborne 2008 M430,Games and Toys,Tailspin Toys,21.02,6.0,0.0576,5.0,5.0,10.14,11.73,21.87,Medium
1768,MGS Empires Collector's 2008 M440,Games and Toys,Tailspin Toys,16.35,5.0,0.0448,5.0,5.0,9.46,9.78,19.24,Low
1769,MGS Gears of War 2008 M450,Games and Toys,Tailspin Toys,25.1,6.0,0.0688,6.0,6.0,12.1,11.73,23.83,Medium
1770,MGS Age of Empires III: The Asian Dynasties 2008 E126,Games and Toys,Tailspin Toys,16.15,5.0,0.0442,4.0,4.0,9.34,10.83,20.17,Medium
1771,MGS Age of Empires III: The Asian Dynasties 2009 E127,Games and Toys,Tailspin Toys,10.51,4.0,0.0288,4.0,4.0,7.6,8.66,16.26,Low
1772,MGS Flight Simulator X Acceleration Expansion Pack 2009 E128,Games and Toys,Tailspin Toys,21.41,5.0,0.0587,4.0,4.0,12.39,10.83,23.22,Medium
1773,MGS Zoo Tycoon 2: Extinct Animals 2008 E129,Games and Toys,Tailspin Toys,19.46,5.0,0.0533,5.0,5.0,11.26,13.7,24.96,Medium
1774,MGS Halo 2 for Windows Vista 2009 E130,Games and Toys,Tailspin Toys,11.29,3.0,0.0309,4.0,4.0,10.89,8.22,19.11,Low
1775,MGS Shadow-run 2008 E131,Games and Toys,Tailspin Toys,18.1,4.0,0.0496,5.0,5.0,13.09,10.96,24.05,Medium
1776,MGS Age of Empires III: The War Chiefs 2007 E132,Games and Toys,Tailspin Toys,12.84,4.0,0.0352,4.0,4.0,9.29,10.96,20.25,Medium
1777,MGS Flight Simulator X 2008 E133,Games and Toys,Tailspin Toys,17.32,4.0,0.0475,5.0,5.0,12.53,10.96,23.49,Medium
1778,MGS Zoo Tycoon 2: Zookeeper Collection 2008 E134,Games and Toys,Tailspin Toys,14.4,4.0,0.0395,4.0,4.0,10.41,10.96,21.37,Medium
1779,MGS Zoo Tycoon2: Marine Mania Expansion Pack 2008 E135,Games and Toys,Tailspin Toys,20.82,5.0,0.057,6.0,6.0,12.05,13.7,25.75,Medium
1780,MGS Zoo Tycoon 2: African Adventure 2008 E136,Games and Toys,Tailspin Toys,18.68,4.0,0.0512,4.0,4.0,13.51,10.96,24.47,Medium
1781,MGS Rise of Nations: Rise of Legends 2008 E137,Games and Toys,Tailspin Toys,19.85,5.0,0.0544,6.0,6.0,11.49,13.7,25.19,Medium
1782,MGS Zoo Tycoon 2: End Range Species Expansion Pack 2008 E138,Games and Toys,Tailspin Toys,11.68,4.0,0.032,4.0,4.0,8.45,10.96,19.41,Low
1783,MGS Age of Empires III 2008 E139,Games and Toys,Tailspin Toys,17.9,4.0,0.049,5.0,5.0,12.95,10.96,23.91,Medium
1784,MGS Fable: The Lost Chapters2008 E140,Games and Toys,Tailspin Toys,25.49,5.0,0.0698,6.0,6.0,14.75,13.7,28.45,Medium
1785,MGS Dungeon 2007 E141,Games and Toys,Tailspin Toys,21.21,5.0,0.0581,5.0,5.0,12.27,13.7,25.97,Medium
1786,MGS Zoo Tycoon 2008 E142,Games and Toys,Tailspin Toys,15.57,4.0,0.0427,5.0,5.0,11.26,10.96,22.22,Medium
1787,MGS Rise of Nations: Gold Edition 2009 E143,Games and Toys,Tailspin Toys,17.71,4.0,0.0485,4.0,4.0,12.81,10.96,23.77,Medium
1788,MGS Age of Mythology: Gold Edition 2009 E144,Games and Toys,Tailspin Toys,16.54,4.0,0.0453,5.0,5.0,11.96,10.96,22.92,Medium
1789,MGS Rise of Nations: Thrones and Patriots2009 E145,Games and Toys,Tailspin Toys,21.41,5.0,0.0587,6.0,6.0,12.39,13.7,26.09,Medium
1790,MGS Dungeon Siege: Legends of Aranna 2009 E146,Games and Toys,Tailspin Toys,26.66,5.0,0.073,5.0,5.0,15.43,13.7,29.13,Medium
1791,MGS Kings & Myths: The Age Collection2009 E147,Games and Toys,Tailspin Toys,23.35,5.0,0.064,6.0,6.0,13.51,13.7,27.21,Medium
1792,MGS Age of Mythology: The Titans Expansion 2009 E148,Games and Toys,Tailspin Toys,20.43,5.0,0.056,5.0,5.0,11.82,13.7,25.52,Medium
1793,MGS Halo: Combat Evolved2009 E149,Games and Toys,Tailspin Toys,13.82,4.0,0.0379,6.0,6.0,10.0,10.96,20.96,Medium
1794,MGS Zoo Tycoon Complete Collection2009 E150,Games and Toys,Tailspin Toys,22.38,5.0,0.0613,7.0,7.0,12.95,13.7,26.65,Medium
1795,MGS Flight Simulator 2009: A Century of Flight E151,Games and Toys,Tailspin Toys,18.68,4.0,0.0512,4.0,4.0,13.51,10.96,24.47,Medium
1796,MGS Rise of Nations2009 E152,Games and Toys,Tailspin Toys,21.02,5.0,0.0576,5.0,5.0,12.16,13.7,25.86,Medium
1797,MGS Freelancer 2009 E153,Games and Toys,Tailspin Toys,23.93,5.0,0.0656,5.0,5.0,13.85,13.7,27.55,Medium
1798,MGS Impossible Creatures2009 E154,Games and Toys,Tailspin Toys,17.71,4.0,0.0485,6.0,6.0,12.81,10.96,23.77,Medium
1799,MGS RalliSport Challenge2009 E155,Games and Toys,Tailspin Toys,21.02,6.0,0.0576,6.0,6.0,10.14,9.94,20.08,Medium
1800,MGS MechCollection2009 E156,Games and Toys,Tailspin Toys,10.9,4.0,0.0299,4.0,4.0,7.88,8.15,16.03,Low
1801,MGS MechWarrior4: Mercenaries2009 E157,Games and Toys,Tailspin Toys,15.96,5.0,0.0437,4.0,4.0,9.23,10.19,19.42,Low
1802,MGS Age of Mythology 2009 E158,Games and Toys,Tailspin Toys,19.26,5.0,0.0528,5.0,5.0,11.14,10.19,21.33,Medium
1803,MGS Combat Flight Simulator 2009 E159,Games and Toys,Tailspin Toys,17.51,5.0,0.048,5.0,5.0,10.13,10.19,20.32,Medium
1804,MGS Zoo Tycoon Marine Mania 2009 E160,Games and Toys,Tailspin Toys,9.54,4.0,0.0261,3.0,3.0,6.9,8.15,15.05,Low
1805,MGS MechWarrior 4 Mach Paks2009 E161,Games and Toys,Tailspin Toys,17.71,5.0,0.0485,5.0,5.0,10.25,10.19,20.44,Medium
1806,MGS Zoo Tycoon Dinosaur Digs2009 E162,Games and Toys,Tailspin Toys,15.96,5.0,0.0437,5.0,5.0,9.23,10.19,19.42,Low
1807,MGS Dungeon Siege 2009 E163,Games and Toys,Tailspin Toys,18.49,5.0,0.0507,6.0,6.0,10.7,10.19,20.89,Medium
1808,MGS Classic Flight Collection2009 E164,Games and Toys,Tailspin Toys,15.57,5.0,0.0427,5.0,5.0,9.01,10.19,19.2,Low
1809,MGS Bicycle Board Games2009 E165,Games and Toys,Tailspin Toys,20.24,5.0,0.0555,5.0,5.0,11.71,10.19,21.9,Medium
1810,MGS Bicycle Card Games2009 E166,Games and Toys,Tailspin Toys,17.12,5.0,0.0469,5.0,5.0,9.91,10.19,20.1,Medium
1811,MGS Bicycle Casino Games2009 E167,Games and Toys,Tailspin Toys,21.02,5.0,0.0576,5.0,5.0,12.16,10.19,22.35,Medium
1812,MGS Flight Simulator 2009 E168,Games and Toys,Tailspin Toys,16.73,5.0,0.0458,4.0,4.0,9.68,10.19,19.87,Low
1813,MGS Racing Madness 2009 E169,Games and Toys,Tailspin Toys,20.63,5.0,0.0565,5.0,5.0,11.94,10.19,22.13,Medium
1814,MGS Zoo Tycoon2009 E170,Games and Toys,Tailspin Toys,25.1,6.0,0.0688,5.0,5.0,12.1,12.23,24.33,Medium
1815,MGS MechWarrior 4:Knight2009 E171,Games and Toys,Tailspin Toys,19.85,5.0,0.0544,5.0,5.0,11.49,10.19,21.68,Medium
1816,MGS Age of Empires II Gold Edition2009 E172,Games and Toys,Tailspin Toys,14.79,5.0,0.0405,4.0,4.0,8.56,10.19,18.75,Low
1817,MGS MechCommander 2009 E173,Games and Toys,Tailspin Toys,29.38,6.0,0.0805,5.0,5.0,14.17,12.23,26.4,Medium
1818,MGS Train Simulator 2009 E174,Games and Toys,Tailspin Toys,22.77,6.0,0.0624,5.0,5.0,10.98,12.23,23.21,Medium
1819,MGS MechWarrior 4: Vengeance 2009 E175,Games and Toys,Tailspin Toys,16.93,5.0,0.0464,6.0,6.0,9.8,10.19,19.99,Low
1820,MGS Return of Arcade Anniversary Edition 2009 E176,Games and Toys,Tailspin Toys,16.93,5.0,0.0464,5.0,5.0,9.8,10.19,19.99,Low
1821,MGS Combat Flight Simulator 2009 E177,Games and Toys,Tailspin Toys,21.21,5.0,0.0581,4.0,4.0,12.27,10.19,22.46,Medium
1822,MGS Age of Empires II: The Conquerors Expansion 2009 E178,Games and Toys,Tailspin Toys,21.21,5.0,0.0581,5.0,5.0,12.27,10.19,22.46,Medium
1823,MGS Flight Simulator 2009 E179,Games and Toys,Tailspin Toys,26.27,6.0,0.072,6.0,6.0,12.67,12.23,24.9,Medium
1824,MGS Age of Empires II: The Age of Kings 2009 E180,Games and Toys,Tailspin Toys,24.71,6.0,0.0677,5.0,5.0,11.91,12.23,24.14,Medium
1825,MGS Age of Empires Expansion: The Rise of Rome 2009 E181,Games and Toys,Tailspin Toys,20.24,5.0,0.0555,5.0,5.0,11.71,10.19,21.9,Medium
1826,"MGS Age of Empires, 2009 E182",Games and Toys,Tailspin Toys,18.68,5.0,0.0512,6.0,6.0,10.81,10.19,21.0,Medium
1827,Litware Washer & Dryer 27in L420 White,Home Appliances,Litware,5.25,1.0,0.0144,6.0,6.0,15.19,109.83,125.02,Critical
1828,Litware Washer & Dryer 25.5in M350 White,Home Appliances,Litware,2.34,1.0,0.0064,2.0,2.0,6.77,114.33,121.1,Critical
1829,Litware Washer & Dryer 24in M260 White,Home Appliances,Litware,1.17,1.0,0.0032,2.0,2.0,3.38,104.5,107.88,Critical
1830,Litware Washer & Dryer 21in E214 White,Home Appliances,Litware,1.95,1.0,0.0053,3.0,3.0,5.64,101.9,107.54,Critical
1831,Litware Washer & Dryer 15.5in E150 White,Home Appliances,Litware,4.28,1.0,0.0117,7.0,7.0,12.38,63.66,76.04,High
1832,Litware Washer & Dryer 27in L420 Silver,Home Appliances,Litware,1.56,1.0,0.0043,2.0,2.0,4.51,109.83,114.34,Critical
1833,Litware Washer & Dryer 25.5in M350 Silver,Home Appliances,Litware,2.53,1.0,0.0069,4.0,4.0,7.32,114.33,121.65,Critical
1834,Litware Washer & Dryer 24in M260 Silver,Home Appliances,Litware,7.01,1.0,0.0192,7.0,7.0,20.28,104.5,124.78,Critical
1835,Litware Washer & Dryer 21in E214 Silver,Home Appliances,Litware,3.31,1.0,0.0091,4.0,4.0,9.58,101.9,111.48,Critical
1836,Litware Washer & Dryer 15.5in E150 Silver,Home Appliances,Litware,4.28,1.0,0.0117,5.0,5.0,12.38,63.66,76.04,High
1837,Litware Washer & Dryer 27in L420 Blue,Home Appliances,Litware,2.34,1.0,0.0064,2.0,2.0,6.77,109.83,116.6,Critical
1838,Litware Washer & Dryer 25.5in M350 Blue,Home Appliances,Litware,1.36,1.0,0.0037,5.0,5.0,3.93,114.33,118.26,Critical
1839,Litware Washer & Dryer 24in M260 Blue,Home Appliances,Litware,3.31,1.0,0.0091,5.0,5.0,9.58,104.5,114.08,Critical
1840,Litware Washer & Dryer 21in E214 Blue,Home Appliances,Litware,3.89,1.0,0.0107,6.0,6.0,11.25,101.9,113.15,Critical
1841,Litware Washer & Dryer 15.5in E150 Blue,Home Appliances,Litware,3.7,1.0,0.0101,6.0,6.0,10.7,63.66,74.36,High
1842,Litware Washer & Dryer 27in L420 Green,Home Appliances,Litware,6.03,1.0,0.0165,8.0,8.0,17.44,109.83,127.27,Critical
1843,Litware Washer & Dryer 25.5in M350 Green,Home Appliances,Litware,6.62,1.0,0.0181,6.0,6.0,19.15,114.33,133.48,Critical
1844,Litware Washer & Dryer 24in M260 Green,Home Appliances,Litware,3.7,1.0,0.0101,5.0,5.0,10.7,104.5,115.2,Critical
1845,Litware Washer & Dryer 21in E214 Green,Home Appliances,Litware,2.53,1.0,0.0069,4.0,4.0,7.32,101.9,109.22,Critical
1846,Litware Washer & Dryer 15.5in E150 Green,Home Appliances,Litware,6.81,1.0,0.0187,8.0,8.0,19.7,63.66,83.36,High
1847,NT Washer & Dryer 27in L2700 White,Home Appliances,Northwind Traders,4.09,1.0,0.0112,5.0,5.0,11.83,109.87,121.7,Critical
1848,NT Washer & Dryer 25.5in M2550 White,Home Appliances,Northwind Traders,5.64,1.0,0.0155,6.0,6.0,16.32,114.38,130.7,Critical
1849,NT Washer & Dryer 24in M2400 White,Home Appliances,Northwind Traders,1.17,1.0,0.0032,1.0,1.0,3.38,104.56,107.94,Critical
1850,NT Washer & Dryer 21in E2100 White,Home Appliances,Northwind Traders,1.56,1.0,0.0043,3.0,3.0,4.51,101.96,106.47,Critical
1851,NT Washer & Dryer 15.5in E1550 White,Home Appliances,Northwind Traders,7.01,1.0,0.0192,6.0,6.0,20.28,63.72,84.0,High
1852,NT Washer & Dryer 27in L2700 Silver,Home Appliances,Northwind Traders,4.67,1.0,0.0128,6.0,6.0,13.51,109.87,123.38,Critical
1853,NT Washer & Dryer 25.5in M2550 Silver,Home Appliances,Northwind Traders,1.75,1.0,0.0048,2.0,2.0,5.06,114.38,119.44,Critical
1854,NT Washer & Dryer 24in M2400 Silver,Home Appliances,Northwind Traders,1.17,1.0,0.0032,0.0,0.0,3.38,104.56,107.94,Critical
1855,NT Washer & Dryer 21in E2100 Silver,Home Appliances,Northwind Traders,0.97,1.0,0.0027,2.0,2.0,2.81,101.96,104.77,Critical
1856,NT Washer & Dryer 15.5in E1550 Silver,Home Appliances,Northwind Traders,2.72,1.0,0.0075,3.0,3.0,7.87,63.72,71.59,High
1857,NT Washer & Dryer 27in L2700 Blue,Home Appliances,Northwind Traders,2.53,1.0,0.0069,11.0,11.0,7.32,109.87,117.19,Critical
1858,NT Washer & Dryer 25.5in M2550 Blue,Home Appliances,Northwind Traders,6.42,1.0,0.0176,6.0,6.0,18.57,114.38,132.95,Critical
1859,NT Washer & Dryer 24in M2400 Blue,Home Appliances,Northwind Traders,3.7,1.0,0.0101,2.0,2.0,10.7,104.56,115.26,Critical
1860,NT Washer & Dryer 21in E2100 Blue,Home Appliances,Northwind Traders,1.95,1.0,0.0053,2.0,2.0,5.64,101.96,107.6,Critical
1861,NT Washer & Dryer 15.5in E1550 Blue,Home Appliances,Northwind Traders,7.2,1.0,0.0197,5.0,5.0,20.83,63.72,84.55,High
1862,NT Washer & Dryer 27in L2700 Green,Home Appliances,Northwind Traders,3.7,1.0,0.0101,5.0,5.0,10.7,109.87,120.57,Critical
1863,NT Washer & Dryer 25.5in M2550 Green,Home Appliances,Northwind Traders,3.11,1.0,0.0085,5.0,5.0,9.0,114.38,123.38,Critical
1864,NT Washer & Dryer 24in M2400 Green,Home Appliances,Northwind Traders,3.31,1.0,0.0091,8.0,8.0,9.58,104.56,114.14,Critical
1865,NT Washer & Dryer 21in E2100 Green,Home Appliances,Northwind Traders,2.92,1.0,0.008,4.0,4.0,8.45,101.96,110.41,Critical
1866,NT Washer & Dryer 15.5in E1550 Green,Home Appliances,Northwind Traders,1.75,1.0,0.0048,4.0,4.0,5.06,63.72,68.78,High
1867,Contoso Washer & Dryer 27in L270 White,Home Appliances,Contoso,1.95,1.0,0.0053,2.0,2.0,5.64,109.83,115.47,Critical
1868,Contoso Washer & Dryer 25.5in M255 White,Home Appliances,Contoso,2.14,1.0,0.0059,7.0,7.0,6.19,114.33,120.52,Critical
1869,Contoso Washer & Dryer 24in M240 White,Home Appliances,Contoso,0.78,1.0,0.0021,3.0,3.0,2.26,104.5,106.76,Critical
1870,Contoso Washer & Dryer 21in E210 White,Home Appliances,Contoso,6.03,1.0,0.0165,5.0,5.0,17.44,101.9,119.34,Critical
1871,Contoso Washer & Dryer 15.5in E155 White,Home Appliances,Contoso,3.31,1.0,0.0091,5.0,5.0,9.58,63.66,73.24,High
1872,Contoso Washer & Dryer 27in L270 Silver,Home Appliances,Contoso,1.95,1.0,0.0053,3.0,3.0,5.64,109.83,115.47,Critical
1873,Contoso Washer & Dryer 25.5in M255 Silver,Home Appliances,Contoso,3.89,1.0,0.0107,8.0,8.0,11.25,114.33,125.58,Critical
1874,Contoso Washer & Dryer 24in M240 Silver,Home Appliances,Contoso,6.23,1.0,0.0171,6.0,6.0,18.02,104.5,122.52,Critical
1875,Contoso Washer & Dryer 21in E210 Silver,Home Appliances,Contoso,2.53,1.0,0.0069,6.0,6.0,7.32,101.9,109.22,Critical
1876,Contoso Washer & Dryer 15.5in E155 Silver,Home Appliances,Contoso,3.31,1.0,0.0091,8.0,8.0,9.58,63.66,73.24,High
1877,Contoso Washer & Dryer 27in L270 Blue,Home Appliances,Contoso,3.5,1.0,0.0096,4.0,4.0,10.13,109.83,119.96,Critical
1878,Contoso Washer & Dryer 25.5in M255 Blue,Home Appliances,Contoso,2.53,1.0,0.0069,4.0,4.0,7.32,114.33,121.65,Critical
1879,Contoso Washer & Dryer 24in M240 Blue,Home Appliances,Contoso,1.56,1.0,0.0043,3.0,3.0,4.51,104.5,109.01,Critical
1880,Contoso Washer & Dryer 21in E210 Blue,Home Appliances,Contoso,3.89,1.0,0.0107,4.0,4.0,11.25,101.9,113.15,Critical
1881,Contoso Washer & Dryer 15.5in E155 Blue,Home Appliances,Contoso,1.95,1.0,0.0053,2.0,2.0,5.64,63.66,69.3,High
1882,Contoso Washer & Dryer 27in L270 Green,Home Appliances,Contoso,2.72,1.0,0.0075,3.0,3.0,7.87,109.83,117.7,Critical
1883,Contoso Washer & Dryer 25.5in M255 Green,Home Appliances,Contoso,4.28,1.0,0.0117,7.0,7.0,12.38,114.33,126.71,Critical
1884,Contoso Washer & Dryer 24in M240 Green,Home Appliances,Contoso,4.09,1.0,0.0112,4.0,4.0,11.83,104.5,116.33,Critical
1886,Contoso Washer & Dryer 15.5in E155 Green,Home Appliances,Contoso,2.34,1.0,0.0064,4.0,4.0,6.77,63.66,70.43,High
1887,Contoso Washer & Dryer 27in L270 Red,Home Appliances,Contoso,3.31,1.0,0.0091,5.0,5.0,9.58,109.83,119.41,Critical
1888,Contoso Washer & Dryer 25.5in M255 Red,Home Appliances,Contoso,3.89,1.0,0.0107,7.0,7.0,11.25,114.33,125.58,Critical
1889,Contoso Washer & Dryer 24in M240 Red,Home Appliances,Contoso,1.95,1.0,0.0053,4.0,4.0,5.64,104.5,110.14,Critical
1890,Contoso Washer & Dryer 21in E210 Red,Home Appliances,Contoso,3.31,1.0,0.0091,6.0,6.0,9.58,101.9,111.48,Critical
1891,Contoso Washer & Dryer 15.5in E155 Red,Home Appliances,Contoso,2.34,1.0,0.0064,2.0,2.0,6.77,63.66,70.43,High
1892,Contoso Washer & Dryer 27in L270 Pink,Home Appliances,Contoso,3.11,1.0,0.0085,5.0,5.0,9.0,109.83,118.83,Critical
1893,Contoso Washer & Dryer 25.5in M255 Pink,Home Appliances,Contoso,1.36,1.0,0.0037,5.0,5.0,3.93,114.33,118.26,Critical
1894,Contoso Washer & Dryer 24in M240 Pink,Home Appliances,Contoso,4.48,1.0,0.0123,8.0,8.0,12.96,104.5,117.46,Critical
1895,Contoso Washer & Dryer 21in E210 Pink,Home Appliances,Contoso,3.11,1.0,0.0085,8.0,8.0,9.0,101.9,110.9,Critical
1896,Contoso Washer & Dryer 15.5in E155 Pink,Home Appliances,Contoso,2.53,1.0,0.0069,4.0,4.0,7.32,63.66,70.98,High
1897,Fabrikam Refrigerator 24.7CuFt X9800 White,Home Appliances,Fabrikam,8.95,1.0,0.0245,6.0,6.0,25.89,132.53,158.42,Critical
1898,Fabrikam Refrigerator 19CuFt M7600 White,Home Appliances,Fabrikam,2.92,1.0,0.008,4.0,4.0,8.45,51.68,60.13,High
1899,Fabrikam Refrigerator 9.7CuFt M5600 White,Home Appliances,Fabrikam,4.28,1.0,0.0117,4.0,4.0,12.38,28.34,40.72,Medium
1900,Fabrikam Refrigerator 4.6CuFt E2800 White,Home Appliances,Fabrikam,8.17,1.0,0.0224,5.0,5.0,23.64,19.12,42.76,Medium
1901,Fabrikam Refrigerator 3.2CuFt E1600 White,Home Appliances,Fabrikam,4.28,1.0,0.0117,5.0,5.0,12.38,17.84,30.22,Medium
1902,Fabrikam Refrigerator 1.7CuFt E1200 White,Home Appliances,Fabrikam,3.89,1.0,0.0107,5.0,5.0,11.25,8.28,19.53,Low
1903,Fabrikam Refrigerator 24.7CuFt X9800 Brown,Home Appliances,Fabrikam,4.48,1.0,0.0123,6.0,6.0,12.96,132.53,145.49,Critical
1904,Fabrikam Refrigerator 19CuFt M7600 Brown,Home Appliances,Fabrikam,4.09,1.0,0.0112,6.0,6.0,11.83,51.68,63.51,High
1905,Fabrikam Refrigerator 9.7CuFt M5600 Brown,Home Appliances,Fabrikam,3.5,1.0,0.0096,6.0,6.0,10.13,28.34,38.47,Medium
1906,Fabrikam Refrigerator 4.6CuFt E2800 Brown,Home Appliances,Fabrikam,2.72,1.0,0.0075,5.0,5.0,7.87,19.12,26.99,Medium
1907,Fabrikam Refrigerator 3.2CuFt E1600 Brown,Home Appliances,Fabrikam,5.64,1.0,0.0155,3.0,3.0,16.32,17.84,34.16,Medium
1908,Fabrikam Refrigerator 1.7CuFt E1200 Brown,Home Appliances,Fabrikam,9.34,2.0,0.0256,5.0,5.0,13.51,16.57,30.08,Medium
1909,Fabrikam Refrigerator 24.7CuFt X9800 Silver,Home Appliances,Fabrikam,6.62,1.0,0.0181,5.0,5.0,19.15,132.53,151.68,Critical
1910,Fabrikam Refrigerator 19CuFt M7600 Silver,Home Appliances,Fabrikam,5.25,1.0,0.0144,4.0,4.0,15.19,51.68,66.87,High
1911,Fabrikam Refrigerator 9.7CuFt M5600 Silver,Home Appliances,Fabrikam,6.03,1.0,0.0165,5.0,5.0,17.44,28.34,45.78,Medium
1912,Fabrikam Refrigerator 4.6CuFt E2800 Silver,Home Appliances,Fabrikam,4.48,1.0,0.0123,3.0,3.0,12.96,19.12,32.08,Medium
1913,Fabrikam Refrigerator 3.2CuFt E1600 Silver,Home Appliances,Fabrikam,6.42,1.0,0.0176,5.0,5.0,18.57,17.84,36.41,Medium
1914,Fabrikam Refrigerator 1.7CuFt E1200 Silver,Home Appliances,Fabrikam,4.86,1.0,0.0133,3.0,3.0,14.06,8.28,22.34,Medium
1915,Fabrikam Refrigerator 24.7CuFt X9800 Green,Home Appliances,Fabrikam,6.03,1.0,0.0165,7.0,7.0,17.44,132.53,149.97,Critical
1916,Fabrikam Refrigerator 19CuFt M7600 Green,Home Appliances,Fabrikam,7.39,1.0,0.0202,6.0,6.0,21.38,51.68,73.06,High
1917,Fabrikam Refrigerator 9.7CuFt M5600 Green,Home Appliances,Fabrikam,8.37,1.0,0.0229,6.0,6.0,24.21,28.34,52.55,High
1918,Fabrikam Refrigerator 4.6CuFt E2800 Green,Home Appliances,Fabrikam,4.86,1.0,0.0133,3.0,3.0,14.06,19.12,33.18,Medium
1919,Fabrikam Refrigerator 3.2CuFt E1600 Green,Home Appliances,Fabrikam,6.81,1.0,0.0187,6.0,6.0,19.7,17.84,37.54,Medium
1920,Fabrikam Refrigerator 1.7CuFt E1200 Green,Home Appliances,Fabrikam,5.25,1.0,0.0144,5.0,5.0,15.19,8.28,23.47,Medium
1921,Fabrikam Refrigerator 24.7CuFt X9800 Blue,Home Appliances,Fabrikam,5.25,1.0,0.0144,4.0,4.0,15.19,132.53,147.72,Critical
1922,Fabrikam Refrigerator 19CuFt M7600 Blue,Home Appliances,Fabrikam,3.11,1.0,0.0085,2.0,2.0,9.0,51.68,60.68,High
1923,Fabrikam Refrigerator 9.7CuFt M5600 Blue,Home Appliances,Fabrikam,4.86,1.0,0.0133,5.0,5.0,14.06,28.34,42.4,Medium
1924,Fabrikam Refrigerator 4.6CuFt E2800 Blue,Home Appliances,Fabrikam,5.84,1.0,0.016,4.0,4.0,16.9,19.12,36.02,Medium
1925,Fabrikam Refrigerator 3.2CuFt E1600 Blue,Home Appliances,Fabrikam,4.86,1.0,0.0133,4.0,4.0,14.06,17.84,31.9,Medium
1926,Fabrikam Refrigerator 1.7CuFt E1200 Blue,Home Appliances,Fabrikam,4.09,1.0,0.0112,3.0,3.0,11.83,8.28,20.11,Medium
1927,Fabrikam Refrigerator 24.7CuFt X9800 Grey,Home Appliances,Fabrikam,8.95,1.0,0.0245,7.0,7.0,25.89,132.53,158.42,Critical
1928,Fabrikam Refrigerator 19CuFt M7600 Grey,Home Appliances,Fabrikam,4.48,1.0,0.0123,3.0,3.0,12.96,51.68,64.64,High
1929,Fabrikam Refrigerator 9.7CuFt M5600 Grey,Home Appliances,Fabrikam,4.28,1.0,0.0117,3.0,3.0,12.38,28.34,40.72,Medium
1930,Fabrikam Refrigerator 4.6CuFt E2800 Grey,Home Appliances,Fabrikam,5.06,1.0,0.0139,4.0,4.0,14.64,19.12,33.76,Medium
1931,Fabrikam Refrigerator 3.2CuFt E1600 Grey,Home Appliances,Fabrikam,3.5,1.0,0.0096,2.0,2.0,10.13,17.84,27.97,Medium
1932,Fabrikam Refrigerator 1.7CuFt E1200 Grey,Home Appliances,Fabrikam,5.45,1.0,0.0149,3.0,3.0,15.77,8.28,24.05,Medium
1933,Fabrikam Refrigerator 24.7CuFt X9800 Orange,Home Appliances,Fabrikam,6.42,1.0,0.0176,5.0,5.0,18.57,132.53,151.1,Critical
1934,Fabrikam Refrigerator 19CuFt M7600 Orange,Home Appliances,Fabrikam,4.67,1.0,0.0128,5.0,5.0,13.51,51.68,65.19,High
1935,Fabrikam Refrigerator 9.7CuFt M5600 Orange,Home Appliances,Fabrikam,4.28,1.0,0.0117,4.0,4.0,12.38,28.34,40.72,Medium
1936,Fabrikam Refrigerator 4.6CuFt E2800 Orange,Home Appliances,Fabrikam,10.9,1.0,0.0299,6.0,6.0,31.53,19.12,50.65,High
1937,Fabrikam Refrigerator 3.2CuFt E1600 Orange,Home Appliances,Fabrikam,4.09,1.0,0.0112,6.0,6.0,11.83,17.84,29.67,Medium
1938,Fabrikam Refrigerator 1.7CuFt E1200 Orange,Home Appliances,Fabrikam,6.62,2.0,0.0181,4.0,4.0,9.58,16.57,26.15,Medium
1939,Litware Refrigerator 24.7CuFt X980 White,Home Appliances,Litware,1.36,1.0,0.0037,1.0,1.0,3.93,132.53,136.46,Critical
1940,Litware Refrigerator 19CuFt M760 White,Home Appliances,Litware,6.62,1.0,0.0181,5.0,5.0,19.15,51.68,70.83,High
1941,Litware Refrigerator 9.7CuFt M560 White,Home Appliances,Litware,6.42,1.0,0.0176,4.0,4.0,18.57,28.34,46.91,Medium
1942,Litware Refrigerator 4.6CuFt E280 White,Home Appliances,Litware,5.45,1.0,0.0149,7.0,7.0,15.77,19.12,34.89,Medium
1943,Litware Refrigerator 3.2CuFt E160 White,Home Appliances,Litware,2.34,1.0,0.0064,2.0,2.0,6.77,17.84,24.61,Medium
1944,Litware Refrigerator 1.7CuFt E120 White,Home Appliances,Litware,2.72,1.0,0.0075,3.0,3.0,7.87,8.28,16.15,Low
1945,Litware Refrigerator 24.7CuFt X980 Brown,Home Appliances,Litware,4.67,1.0,0.0128,6.0,6.0,13.51,132.53,146.04,Critical
1946,Litware Refrigerator 19CuFt M760 Brown,Home Appliances,Litware,6.62,1.0,0.0181,7.0,7.0,19.15,51.68,70.83,High
1947,Litware Refrigerator 9.7CuFt M560 Brown,Home Appliances,Litware,8.76,1.0,0.024,4.0,4.0,25.34,28.34,53.68,High
1948,Litware Refrigerator 4.6CuFt E280 Brown,Home Appliances,Litware,3.5,1.0,0.0096,5.0,5.0,10.13,19.12,29.25,Medium
1949,Litware Refrigerator 3.2CuFt E160 Brown,Home Appliances,Litware,4.28,1.0,0.0117,5.0,5.0,12.38,17.84,30.22,Medium
1950,Litware Refrigerator 1.7CuFt E120 Brown,Home Appliances,Litware,3.31,1.0,0.0091,5.0,5.0,9.58,8.28,17.86,Low
1951,Litware Refrigerator 24.7CuFt X980 Silver,Home Appliances,Litware,6.23,1.0,0.0171,6.0,6.0,18.02,132.53,150.55,Critical
1952,Litware Refrigerator 19CuFt M760 Silver,Home Appliances,Litware,5.64,1.0,0.0155,3.0,3.0,16.32,51.68,68.0,High
1953,Litware Refrigerator 9.7CuFt M560 Silver,Home Appliances,Litware,10.31,1.0,0.0282,5.0,5.0,29.83,28.34,58.17,High
1954,Litware Refrigerator 4.6CuFt E280 Silver,Home Appliances,Litware,3.11,1.0,0.0085,6.0,6.0,9.0,19.12,28.12,Medium
1955,Litware Refrigerator 3.2CuFt E160 Silver,Home Appliances,Litware,7.98,1.0,0.0219,5.0,5.0,23.09,17.84,40.93,Medium
1956,Litware Refrigerator 1.7CuFt E120 Silver,Home Appliances,Litware,3.7,1.0,0.0101,3.0,3.0,10.7,8.28,18.98,Low
1957,Litware Refrigerator 24.7CuFt X980 Green,Home Appliances,Litware,5.64,1.0,0.0155,4.0,4.0,16.32,132.53,148.85,Critical
1958,Litware Refrigerator 19CuFt M760 Green,Home Appliances,Litware,4.86,1.0,0.0133,5.0,5.0,14.06,51.68,65.74,High
1959,Litware Refrigerator 9.7CuFt M560 Green,Home Appliances,Litware,3.89,1.0,0.0107,3.0,3.0,11.25,28.34,39.59,Medium
1960,Litware Refrigerator 4.6CuFt E280 Green,Home Appliances,Litware,5.25,1.0,0.0144,5.0,5.0,15.19,19.12,34.31,Medium
1961,Litware Refrigerator 3.2CuFt E160 Green,Home Appliances,Litware,2.72,1.0,0.0075,3.0,3.0,7.87,17.84,25.71,Medium
1962,Litware Refrigerator 1.7CuFt E120 Green,Home Appliances,Litware,4.09,1.0,0.0112,7.0,7.0,11.83,8.28,20.11,Medium
1963,Litware Refrigerator 24.7CuFt X980 Blue,Home Appliances,Litware,2.92,1.0,0.008,3.0,3.0,8.45,132.53,140.98,Critical
1964,Litware Refrigerator 19CuFt M760 Blue,Home Appliances,Litware,3.31,1.0,0.0091,7.0,7.0,9.58,51.68,61.26,High
1965,Litware Refrigerator 9.7CuFt M560 Blue,Home Appliances,Litware,2.92,1.0,0.008,3.0,3.0,8.45,28.34,36.79,Medium
1966,Litware Refrigerator 4.6CuFt E280 Blue,Home Appliances,Litware,4.86,1.0,0.0133,3.0,3.0,14.06,19.12,33.18,Medium
1967,Litware Refrigerator 3.2CuFt E160 Blue,Home Appliances,Litware,7.01,1.0,0.0192,6.0,6.0,20.28,17.84,38.12,Medium
1968,Litware Refrigerator 1.7CuFt E120 Blue,Home Appliances,Litware,5.06,1.0,0.0139,5.0,5.0,14.64,8.28,22.92,Medium
1969,Litware Refrigerator 24.7CuFt X980 Grey,Home Appliances,Litware,4.67,1.0,0.0128,4.0,4.0,13.51,132.53,146.04,Critical
1970,Litware Refrigerator 19CuFt M760 Grey,Home Appliances,Litware,12.06,1.0,0.033,7.0,7.0,34.89,51.68,86.57,High
1971,Litware Refrigerator 9.7CuFt M560 Grey,Home Appliances,Litware,3.5,1.0,0.0096,5.0,5.0,10.13,28.34,38.47,Medium
1972,Litware Refrigerator 4.6CuFt E280 Grey,Home Appliances,Litware,3.31,1.0,0.0091,8.0,8.0,9.58,19.12,28.7,Medium
1973,Litware Refrigerator 3.2CuFt E160 Grey,Home Appliances,Litware,2.92,1.0,0.008,3.0,3.0,8.45,17.84,26.29,Medium
1974,Litware Refrigerator 1.7CuFt E120 Grey,Home Appliances,Litware,2.34,1.0,0.0064,7.0,7.0,6.77,8.28,15.05,Low
1975,Litware Refrigerator L1200 Orange,Home Appliances,Litware,6.42,1.0,0.0176,4.0,4.0,18.57,132.53,151.1,Critical
1976,Litware Refrigerator 19CuFt M760 Orange,Home Appliances,Litware,8.37,1.0,0.0229,4.0,4.0,24.21,51.68,75.89,High
1977,Litware Refrigerator 9.7CuFt M560 Orange,Home Appliances,Litware,7.01,1.0,0.0192,5.0,5.0,20.28,28.34,48.62,Medium
1978,Litware Refrigerator 4.6CuFt E280 Orange,Home Appliances,Litware,3.89,1.0,0.0107,2.0,2.0,11.25,19.12,30.37,Medium
1979,Litware Refrigerator 3.2CuFt E160 Orange,Home Appliances,Litware,4.09,1.0,0.0112,2.0,2.0,11.83,17.84,29.67,Medium
1980,Litware Refrigerator 1.7CuFt E120 Orange,Home Appliances,Litware,6.23,1.0,0.0171,8.0,8.0,18.02,8.28,26.3,Medium
1981,Litware Refrigerator 19CuFt M760 Red,Home Appliances,Litware,7.98,1.0,0.0219,5.0,5.0,23.09,51.68,74.77,High
1982,Litware Refrigerator 9.7CuFt M560 Red,Home Appliances,Litware,2.53,1.0,0.0069,2.0,2.0,7.32,28.34,35.66,Medium
1983,Fabrikam Microwave 1.5CuFt X1100 White,Home Appliances,Fabrikam,7.2,1.0,0.0197,4.0,4.0,20.83,27.58,48.41,Medium
1984,Fabrikam Microwave 2.2CuFt M1250 White,Home Appliances,Fabrikam,14.79,2.0,0.0405,6.0,6.0,21.39,22.99,44.38,Medium
1985,Fabrikam Microwave 1.6CuFt M1250 White,Home Appliances,Fabrikam,8.76,2.0,0.024,6.0,6.0,12.67,20.69,33.36,Medium
1986,Fabrikam Microwave 1.0CuFt E1100 White,Home Appliances,Fabrikam,11.29,2.0,0.0309,5.0,5.0,16.33,17.84,34.17,Medium
1987,Fabrikam Microwave 0.9CuFt E0900 White,Home Appliances,Fabrikam,11.48,2.0,0.0315,4.0,4.0,16.61,12.74,29.35,Medium
1988,Fabrikam Microwave 0.8CuFt E0800 White,Home Appliances,Fabrikam,5.25,2.0,0.0144,4.0,4.0,7.59,12.11,19.7,Low
1989,Fabrikam Microwave 1.5CuFt X1100 Silver,Home Appliances,Fabrikam,9.73,1.0,0.0267,4.0,4.0,28.15,27.58,55.73,High
1990,Fabrikam Microwave 2.2CuFt M1250 Silver,Home Appliances,Fabrikam,14.21,2.0,0.0389,5.0,5.0,20.55,22.99,43.54,Medium
1991,Fabrikam Microwave 1.6CuFt M1250 Silver,Home Appliances,Fabrikam,13.62,2.0,0.0373,6.0,6.0,19.7,20.69,40.39,Medium
1992,Fabrikam Microwave 1.0CuFt E1100 Silver,Home Appliances,Fabrikam,9.15,2.0,0.0251,5.0,5.0,13.24,17.84,31.08,Medium
1993,Fabrikam Microwave 0.9CuFt E0900 Silver,Home Appliances,Fabrikam,8.37,2.0,0.0229,4.0,4.0,12.11,12.74,24.85,Medium
1994,Fabrikam Microwave 0.8CuFt E0800 Silver,Home Appliances,Fabrikam,8.17,2.0,0.0224,5.0,5.0,11.82,12.11,23.93,Medium
1995,Fabrikam Microwave 1.5CuFt X1100 Grey,Home Appliances,Fabrikam,8.56,1.0,0.0235,3.0,3.0,24.76,27.58,52.34,High
1996,Fabrikam Microwave 2.2CuFt M1250 Grey,Home Appliances,Fabrikam,4.09,1.0,0.0112,2.0,2.0,11.83,11.5,23.33,Medium
1997,Fabrikam Microwave 1.6CuFt M1250 Grey,Home Appliances,Fabrikam,4.67,1.0,0.0128,4.0,4.0,13.51,10.35,23.86,Medium
1998,Fabrikam Microwave 1.0CuFt E1100 Grey,Home Appliances,Fabrikam,6.62,1.0,0.0181,4.0,4.0,19.15,8.92,28.07,Medium
1999,Fabrikam Microwave 0.9CuFt E0900 Grey,Home Appliances,Fabrikam,7.59,2.0,0.0208,5.0,5.0,10.98,12.74,23.72,Medium
2000,Fabrikam Microwave 0.8CuFt E0800 Grey,Home Appliances,Fabrikam,12.06,2.0,0.033,4.0,4.0,17.44,12.11,29.55,Medium
2001,Fabrikam Microwave 1.5CuFt X1100 Red,Home Appliances,Fabrikam,8.37,1.0,0.0229,4.0,4.0,24.21,27.58,51.79,High
2002,Fabrikam Microwave 2.2CuFt M1250 Red,Home Appliances,Fabrikam,6.62,1.0,0.0181,4.0,4.0,19.15,11.5,30.65,Medium
2003,Fabrikam Microwave 1.6CuFt M1250 Red,Home Appliances,Fabrikam,2.34,1.0,0.0064,6.0,6.0,6.77,10.35,17.12,Low
2004,Fabrikam Microwave 1.0CuFt E1100 Red,Home Appliances,Fabrikam,10.7,2.0,0.0293,5.0,5.0,15.48,17.84,33.32,Medium
2005,Fabrikam Microwave 0.9CuFt E0900 Red,Home Appliances,Fabrikam,13.43,2.0,0.0368,4.0,4.0,19.43,12.74,32.17,Medium
2006,Fabrikam Microwave 0.8CuFt E0800 Red,Home Appliances,Fabrikam,13.23,3.0,0.0362,4.0,4.0,12.76,18.16,30.92,Medium
2007,Fabrikam Microwave 1.5CuFt X1100 Black,Home Appliances,Fabrikam,8.76,1.0,0.024,5.0,5.0,25.34,27.58,52.92,High
2008,Fabrikam Microwave 2.2CuFt M1250 Black,Home Appliances,Fabrikam,14.01,2.0,0.0384,7.0,7.0,20.27,22.99,43.26,Medium
2009,Fabrikam Microwave 1.6CuFt M1250 Black,Home Appliances,Fabrikam,10.7,2.0,0.0293,5.0,5.0,15.48,20.69,36.17,Medium
2010,Fabrikam Microwave 1.0CuFt E1100 Black,Home Appliances,Fabrikam,7.2,2.0,0.0197,4.0,4.0,10.41,17.84,28.25,Medium
2011,Fabrikam Microwave 0.9CuFt E0900 Black,Home Appliances,Fabrikam,9.54,2.0,0.0261,5.0,5.0,13.8,12.74,26.54,Medium
2012,Fabrikam Microwave 0.8CuFt E0800 Black,Home Appliances,Fabrikam,7.59,2.0,0.0208,4.0,4.0,10.98,12.11,23.09,Medium
2013,Fabrikam Microwave 1.5CuFt X1100 Blue,Home Appliances,Fabrikam,8.56,1.0,0.0235,5.0,5.0,24.76,27.58,52.34,High
2014,Fabrikam Microwave 2.2CuFt M1250 Blue,Home Appliances,Fabrikam,11.68,2.0,0.032,5.0,5.0,16.9,22.99,39.89,Medium
2015,Fabrikam Microwave 1.6CuFt M1250 Blue,Home Appliances,Fabrikam,6.03,1.0,0.0165,2.0,2.0,17.44,10.35,27.79,Medium
2016,Fabrikam Microwave 1.0CuFt E1100 Blue,Home Appliances,Fabrikam,10.9,2.0,0.0299,5.0,5.0,15.77,17.84,33.61,Medium
2017,Fabrikam Microwave 0.9CuFt E0900 Blue,Home Appliances,Fabrikam,7.39,2.0,0.0202,3.0,3.0,10.69,12.74,23.43,Medium
2018,Fabrikam Microwave 0.8CuFt E0800 Blue,Home Appliances,Fabrikam,12.84,2.0,0.0352,6.0,6.0,18.57,12.11,30.68,Medium
2019,Litware Microwave 1.5CuFt X110 White,Home Appliances,Litware,6.81,1.0,0.0187,5.0,5.0,19.7,27.58,47.28,Medium
2020,Litware Microwave 2.2CuFt M125 White,Home Appliances,Litware,11.09,2.0,0.0304,5.0,5.0,16.04,22.99,39.03,Medium
2021,Litware Microwave 1.6CuFt M125 White,Home Appliances,Litware,10.31,2.0,0.0282,3.0,3.0,14.91,20.69,35.6,Medium
2022,Litware Microwave 1.0CuFt E110 White,Home Appliances,Litware,7.01,2.0,0.0192,6.0,6.0,10.14,17.84,27.98,Medium
2023,Litware Microwave 0.9CuFt E090 White,Home Appliances,Litware,15.57,3.0,0.0427,6.0,6.0,15.01,19.12,34.13,Medium
2024,Litware Microwave 0.8CuFt E080 White,Home Appliances,Litware,7.78,2.0,0.0213,5.0,5.0,11.25,12.11,23.36,Medium
2025,Litware Microwave 1.5CuFt X110 Silver,Home Appliances,Litware,14.4,1.0,0.0395,6.0,6.0,41.66,27.58,69.24,High
2026,Litware Microwave 2.2CuFt M125 Silver,Home Appliances,Litware,5.25,1.0,0.0144,6.0,6.0,15.19,11.5,26.69,Medium
2027,Litware Microwave 1.6CuFt M125 Silver,Home Appliances,Litware,7.98,1.0,0.0219,5.0,5.0,23.09,10.35,33.44,Medium
2028,Litware Microwave 1.0CuFt E110 Silver,Home Appliances,Litware,12.65,2.0,0.0347,6.0,6.0,18.3,17.84,36.14,Medium
2029,Litware Microwave 0.9CuFt E090 Silver,Home Appliances,Litware,7.78,2.0,0.0213,7.0,7.0,11.25,12.74,23.99,Medium
2030,Litware Microwave 0.8CuFt E080 Silver,Home Appliances,Litware,7.01,2.0,0.0192,4.0,4.0,10.14,12.11,22.25,Medium
2031,Litware Microwave 1.5CuFt X110 Grey,Home Appliances,Litware,6.81,1.0,0.0187,5.0,5.0,19.7,27.58,47.28,Medium
2032,Litware Microwave 2.2CuFt M125 Grey,Home Appliances,Litware,8.17,1.0,0.0224,5.0,5.0,23.64,11.5,35.14,Medium
2033,Litware Microwave 1.6CuFt M125 Grey,Home Appliances,Litware,10.12,2.0,0.0277,4.0,4.0,14.64,20.69,35.33,Medium
2034,Litware Microwave 1.0CuFt E110 Grey,Home Appliances,Litware,6.81,1.0,0.0187,4.0,4.0,19.7,8.92,28.62,Medium
2035,Litware Microwave 0.9CuFt E090 Grey,Home Appliances,Litware,7.98,2.0,0.0219,4.0,4.0,11.54,12.74,24.28,Medium
2036,Litware Microwave 0.8CuFt E080 Grey,Home Appliances,Litware,14.59,3.0,0.04,5.0,5.0,14.07,18.16,32.23,Medium
2037,Litware Microwave 1.5CuFt X110 Red,Home Appliances,Litware,14.79,1.0,0.0405,5.0,5.0,42.79,27.58,70.37,High
2038,Litware Microwave 2.2CuFt M125 Red,Home Appliances,Litware,7.59,1.0,0.0208,5.0,5.0,21.96,11.5,33.46,Medium
2039,Litware Microwave 1.6CuFt M125 Red,Home Appliances,Litware,11.29,2.0,0.0309,6.0,6.0,16.33,20.69,37.02,Medium
2040,Litware Microwave 1.0CuFt E110 Red,Home Appliances,Litware,7.98,2.0,0.0219,4.0,4.0,11.54,17.84,29.38,Medium
2041,Litware Microwave 0.9CuFt E090 Red,Home Appliances,Litware,7.01,2.0,0.0192,4.0,4.0,10.14,12.74,22.88,Medium
2042,Litware Microwave 0.8CuFt E080 Red,Home Appliances,Litware,6.42,2.0,0.0176,4.0,4.0,9.29,12.11,21.4,Medium
2043,Litware Microwave 1.5CuFt X110 Black,Home Appliances,Litware,11.87,1.0,0.0325,5.0,5.0,34.34,27.58,61.92,High
2044,Litware Microwave 2.2CuFt M125 Black,Home Appliances,Litware,5.64,1.0,0.0155,5.0,5.0,16.32,11.5,27.82,Medium
2045,Litware Microwave 1.6CuFt M125 Black,Home Appliances,Litware,8.37,2.0,0.0229,4.0,4.0,12.11,20.69,32.8,Medium
2046,Litware Microwave 1.0CuFt E110 Black,Home Appliances,Litware,7.39,2.0,0.0202,5.0,5.0,10.69,17.84,28.53,Medium
2047,Litware Microwave 0.9CuFt E090 Black,Home Appliances,Litware,6.42,2.0,0.0176,5.0,5.0,9.29,12.74,22.03,Medium
2048,Litware Microwave 0.8CuFt E080 Black,Home Appliances,Litware,4.67,1.0,0.0128,5.0,5.0,13.51,6.05,19.56,Low
2049,Litware Microwave 1.5CuFt X110 Blue,Home Appliances,Litware,14.21,1.0,0.0389,6.0,6.0,41.11,27.58,68.69,High
2050,Litware Microwave 2.2CuFt M125 Blue,Home Appliances,Litware,8.56,1.0,0.0235,4.0,4.0,24.76,11.5,36.26,Medium
2051,Litware Microwave 1.6CuFt M125 Blue,Home Appliances,Litware,12.06,2.0,0.033,4.0,4.0,17.44,20.69,38.13,Medium
2052,Litware Microwave 1.0CuFt E110 Blue,Home Appliances,Litware,8.17,2.0,0.0224,6.0,6.0,11.82,17.84,29.66,Medium
2053,Litware Microwave 0.9CuFt E090 Blue,Home Appliances,Litware,7.98,2.0,0.0219,3.0,3.0,11.54,12.74,24.28,Medium
2054,Litware Microwave 0.8CuFt E080 Blue,Home Appliances,Litware,7.2,2.0,0.0197,3.0,3.0,10.41,12.11,22.52,Medium
2055,Contoso Microwave 1.5CuFt X0110 White,Home Appliances,Contoso,6.62,1.0,0.0181,6.0,6.0,19.15,27.58,46.73,Medium
2056,Contoso Microwave 2.2CuFt M0125 White,Home Appliances,Contoso,8.76,1.0,0.024,5.0,5.0,25.34,11.5,36.84,Medium
2057,Contoso Microwave 1.6CuFt M0125 White,Home Appliances,Contoso,13.23,2.0,0.0362,5.0,5.0,19.14,20.69,39.83,Medium
2058,Contoso Microwave 1.0CuFt E0110 White,Home Appliances,Contoso,5.84,1.0,0.016,6.0,6.0,16.9,8.92,25.82,Medium
2059,Contoso Microwave 0.9CuFt E0090 White,Home Appliances,Contoso,9.15,2.0,0.0251,5.0,5.0,13.24,12.74,25.98,Medium
2060,Contoso Microwave 0.8CuFt E0080 White,Home Appliances,Contoso,9.54,2.0,0.0261,5.0,5.0,13.8,12.11,25.91,Medium
2061,Contoso Microwave 1.5CuFt X0110 Silver,Home Appliances,Contoso,11.29,1.0,0.0309,5.0,5.0,32.66,27.58,60.24,High
2062,Contoso Microwave 2.2CuFt M0125 Silver,Home Appliances,Contoso,8.37,1.0,0.0229,5.0,5.0,24.21,11.5,35.71,Medium
2063,Contoso Microwave 1.6CuFt M0125 Silver,Home Appliances,Contoso,4.67,1.0,0.0128,3.0,3.0,13.51,10.35,23.86,Medium
2064,Contoso Microwave 1.0CuFt E0110 Silver,Home Appliances,Contoso,13.43,2.0,0.0368,6.0,6.0,19.43,17.84,37.27,Medium
2065,Contoso Microwave 0.9CuFt E0090 Silver,Home Appliances,Contoso,8.37,2.0,0.0229,5.0,5.0,12.11,12.74,24.85,Medium
2066,Contoso Microwave 0.8CuFt E0080 Silver,Home Appliances,Contoso,5.84,2.0,0.016,3.0,3.0,8.45,12.11,20.56,Medium
2067,Contoso Microwave 1.5CuFt X0110 Grey,Home Appliances,Contoso,7.59,1.0,0.0208,3.0,3.0,21.96,27.58,49.54,Medium
2068,Contoso Microwave 2.2CuFt M0125 Grey,Home Appliances,Contoso,7.2,1.0,0.0197,4.0,4.0,20.83,11.5,32.33,Medium
2069,Contoso Microwave 2.2CuFt M0126 Grey,Home Appliances,Contoso,6.42,1.0,0.0176,4.0,4.0,18.57,10.35,28.92,Medium
2070,Contoso Microwave 1.0CuFt E0110 Grey,Home Appliances,Contoso,9.73,2.0,0.0267,6.0,6.0,14.07,17.84,31.91,Medium
2071,Contoso Microwave 0.9CuFt E0090 Grey,Home Appliances,Contoso,7.59,2.0,0.0208,5.0,5.0,10.98,12.74,23.72,Medium
2072,Contoso Microwave 0.8CuFt E0080 Grey,Home Appliances,Contoso,8.37,2.0,0.0229,5.0,5.0,12.11,12.11,24.22,Medium
2073,Contoso Microwave 1.5CuFt X0110 Red,Home Appliances,Contoso,7.01,1.0,0.0192,5.0,5.0,20.28,27.58,47.86,Medium
2074,Contoso Microwave 2.2CuFt M0125 Red,Home Appliances,Contoso,5.84,1.0,0.016,3.0,3.0,16.9,11.5,28.4,Medium
2075,Contoso Microwave 1.6CuFt M0125 Red,Home Appliances,Contoso,10.31,2.0,0.0282,4.0,4.0,14.91,20.69,35.6,Medium
2076,Contoso Microwave 1.0CuFt E0110 Red,Home Appliances,Contoso,13.04,2.0,0.0357,5.0,5.0,18.86,17.84,36.7,Medium
2077,Contoso Microwave 0.9CuFt E0090 Red,Home Appliances,Contoso,8.56,2.0,0.0235,3.0,3.0,12.38,12.74,25.12,Medium
2078,Contoso Microwave 0.8CuFt E0080 Red,Home Appliances,Contoso,7.2,2.0,0.0197,6.0,6.0,10.41,12.11,22.52,Medium
2079,Contoso Microwave 1.5CuFt X0110 Black,Home Appliances,Contoso,5.25,1.0,0.0144,3.0,3.0,15.19,27.58,42.77,Medium
2080,Contoso Microwave 2.2CuFt M0125 Black,Home Appliances,Contoso,5.64,1.0,0.0155,3.0,3.0,16.32,11.5,27.82,Medium
2081,Contoso Microwave 1.6CuFt M0125 Black,Home Appliances,Contoso,11.87,2.0,0.0325,5.0,5.0,17.17,20.69,37.86,Medium
2082,Contoso Microwave 1.0CuFt E0110 Black,Home Appliances,Contoso,11.87,2.0,0.0325,5.0,5.0,17.17,17.84,35.01,Medium
2083,Contoso Microwave 0.9CuFt E0090 Black,Home Appliances,Contoso,10.7,2.0,0.0293,6.0,6.0,15.48,12.74,28.22,Medium
2084,Contoso Microwave 0.8CuFt E0080 Black,Home Appliances,Contoso,13.82,3.0,0.0379,5.0,5.0,13.33,18.16,31.49,Medium
2085,Contoso Water Heater 7.2GPM X1800 White,Home Appliances,Contoso,27.44,1.0,0.0752,5.0,5.0,79.38,61.09,140.47,Critical
2086,Contoso Water Heater 4.3GPM M1250 White,Home Appliances,Contoso,37.75,1.0,0.1034,5.0,5.0,109.21,50.44,159.65,Critical
2087,Contoso Water Heater 4.0GPM M1250 White,Home Appliances,Contoso,32.69,1.0,0.0896,5.0,5.0,94.57,45.47,140.04,Critical
2088,Contoso Water Heater 2.6GPM E0900 White,Home Appliances,Contoso,19.85,1.0,0.0544,3.0,3.0,57.43,32.37,89.8,High
2089,Contoso Water Heater 1.5GPM E0800 White,Home Appliances,Contoso,35.42,2.0,0.097,5.0,5.0,51.23,32.82,84.05,High
2090,Contoso Water Heater 7.2GPM X1800 Blue,Home Appliances,Contoso,21.41,1.0,0.0587,4.0,4.0,61.94,61.09,123.03,Critical
2091,Contoso Water Heater 4.3GPM M1250 Blue,Home Appliances,Contoso,28.99,1.0,0.0794,5.0,5.0,83.87,50.44,134.31,Critical
2092,Contoso Water Heater 4.0GPM M1250 Blue,Home Appliances,Contoso,29.97,1.0,0.0821,5.0,5.0,86.7,45.47,132.17,Critical
2093,Contoso Water Heater 2.6GPM E0900 Blue,Home Appliances,Contoso,36.19,2.0,0.0992,4.0,4.0,52.35,64.75,117.1,Critical
2094,Contoso Water Heater 1.5GPM E0800 Blue,Home Appliances,Contoso,33.28,2.0,0.0912,5.0,5.0,48.14,32.82,80.96,High
2095,Contoso Water Heater 7.2GPM X1800 Green,Home Appliances,Contoso,28.61,1.0,0.0784,5.0,5.0,82.77,61.09,143.86,Critical
2096,Contoso Water Heater 4.3GPM M1250 Green,Home Appliances,Contoso,36.19,1.0,0.0992,5.0,5.0,104.7,50.44,155.14,Critical
2097,Contoso Water Heater 4.0GPM M1250 Green,Home Appliances,Contoso,26.27,1.0,0.072,4.0,4.0,76.0,45.47,121.47,Critical
2098,Contoso Water Heater 2.6GPM E0900 Green,Home Appliances,Contoso,27.24,2.0,0.0746,4.0,4.0,39.4,64.75,104.15,Critical
2099,Contoso Water Heater 1.5GPM E0800 Green,Home Appliances,Contoso,25.69,2.0,0.0704,4.0,4.0,37.16,32.82,69.98,High
2100,Contoso Water Heater 7.2GPM X1800 Silver,Home Appliances,Contoso,30.55,1.0,0.0837,5.0,5.0,88.38,61.09,149.47,Critical
2101,Contoso Water Heater 4.3GPM M1250 Silver,Home Appliances,Contoso,24.71,1.0,0.0677,5.0,5.0,71.49,50.44,121.93,Critical
2102,Contoso Water Heater 4.0GPM M1250 Silver,Home Appliances,Contoso,36.97,2.0,0.1013,5.0,5.0,53.48,90.94,144.42,Critical
2103,Contoso Water Heater 2.6GPM E0900 Silver,Home Appliances,Contoso,37.95,2.0,0.104,5.0,5.0,54.89,64.75,119.64,Critical
2104,Contoso Water Heater 1.5GPM E0800 Silver,Home Appliances,Contoso,18.29,2.0,0.0501,4.0,4.0,26.46,32.82,59.28,High
2105,Contoso Water Heater 7.2GPM X1800 Grey,Home Appliances,Contoso,26.85,1.0,0.0736,5.0,5.0,77.68,61.09,138.77,Critical
2106,Contoso Water Heater 4.3GPM M1250 Grey,Home Appliances,Contoso,40.28,2.0,0.1104,6.0,6.0,58.26,100.88,159.14,Critical
2107,Contoso Water Heater 4.0GPM M1250 Grey,Home Appliances,Contoso,25.3,1.0,0.0693,4.0,4.0,73.19,45.47,118.66,Critical
2108,Contoso Water Heater 2.6GPM E0900 Grey,Home Appliances,Contoso,21.21,1.0,0.0581,4.0,4.0,61.36,32.37,93.73,High
2109,Contoso Water Heater 1.5GPM E0800 Grey,Home Appliances,Contoso,30.94,2.0,0.0848,4.0,4.0,44.75,32.82,77.57,High
2110,Contoso Water Heater 7.2GPM X1800 Red,Home Appliances,Contoso,26.27,1.0,0.072,5.0,5.0,76.0,61.09,137.09,Critical
2111,Contoso Water Heater 4.3GPM M1250 Red,Home Appliances,Contoso,19.46,1.0,0.0533,4.0,4.0,56.3,50.44,106.74,Critical
2112,Contoso Water Heater 4.0GPM M1250 Red,Home Appliances,Contoso,21.79,1.0,0.0597,5.0,5.0,63.04,45.47,108.51,Critical
2113,Contoso Water Heater 2.6GPM E0900 Red,Home Appliances,Contoso,24.32,1.0,0.0666,6.0,6.0,70.36,32.37,102.73,Critical
2114,Contoso Water Heater 1.5GPM E0800 Red,Home Appliances,Contoso,31.33,2.0,0.0858,4.0,4.0,45.32,32.82,78.14,High
2115,Contoso Water Heater 4.3GPM M1250 Yellow,Home Appliances,Contoso,24.71,1.0,0.0677,4.0,4.0,71.49,50.44,121.93,Critical
2116,Contoso Coffee Maker Super-Auto 12C X1250 Black,Home Appliances,Contoso,7.98,1.0,0.0219,6.0,6.0,23.09,68.33,91.42,High
2117,Contoso Coffee Maker Auto 10C M1000 Black,Home Appliances,Contoso,3.89,1.0,0.0107,4.0,4.0,11.25,42.88,54.13,High
2118,Contoso Coffee Maker 12C M1000 Black,Home Appliances,Contoso,6.81,1.0,0.0187,5.0,5.0,19.7,25.58,45.28,Medium
2119,Contoso Coffee Maker Auto 5C E0900 Black,Home Appliances,Contoso,3.89,1.0,0.0107,4.0,4.0,11.25,10.39,21.64,Medium
2120,Contoso Coffee Maker 5C E0900 Black,Home Appliances,Contoso,1.75,1.0,0.0048,3.0,3.0,5.06,9.49,14.55,Low
2121,Contoso Coffee Maker 4C E0800 Black,Home Appliances,Contoso,8.95,2.0,0.0245,7.0,7.0,12.95,16.56,29.51,Medium
2122,Contoso Coffee Maker Super-Auto 12C X1250 Silver,Home Appliances,Contoso,4.86,1.0,0.0133,3.0,3.0,14.06,68.33,82.39,High
2123,Contoso Coffee Maker Auto 10C M1000 Silver,Home Appliances,Contoso,8.17,1.0,0.0224,5.0,5.0,23.64,42.88,66.52,High
2124,Contoso Coffee Maker 12C M1000 Silver,Home Appliances,Contoso,7.59,1.0,0.0208,8.0,8.0,21.96,25.58,47.54,Medium
2125,Contoso Coffee Maker Auto 5C E0900 Silver,Home Appliances,Contoso,3.89,1.0,0.0107,4.0,4.0,11.25,10.39,21.64,Medium
2126,Contoso Coffee Maker 5C E0900 Silver,Home Appliances,Contoso,8.17,2.0,0.0224,5.0,5.0,11.82,18.99,30.81,Medium
2127,Contoso Coffee Maker 4C E0800 Silver,Home Appliances,Contoso,6.81,2.0,0.0187,5.0,5.0,9.85,16.56,26.41,Medium
2128,Contoso Coffee Maker Super-Auto 12C X1250 White,Home Appliances,Contoso,7.98,1.0,0.0219,5.0,5.0,23.09,68.33,91.42,High
2129,Contoso Coffee Maker Auto 10C M1000 White,Home Appliances,Contoso,10.12,1.0,0.0277,3.0,3.0,29.28,42.88,72.16,High
2130,Contoso Coffee Maker 12C M1000 White,Home Appliances,Contoso,6.23,1.0,0.0171,7.0,7.0,18.02,25.58,43.6,Medium
2131,Contoso Coffee Maker Auto 5C E0900 White,Home Appliances,Contoso,7.01,1.0,0.0192,4.0,4.0,20.28,10.39,30.67,Medium
2132,Contoso Coffee Maker 5C E0900 White,Home Appliances,Contoso,9.15,2.0,0.0251,4.0,4.0,13.24,18.99,32.23,Medium
2133,Contoso Coffee Maker 4C E0800 White,Home Appliances,Contoso,5.84,1.0,0.016,4.0,4.0,16.9,8.28,25.18,Medium
2134,Contoso Coffee Maker Super-Auto 12C X1250 Grey,Home Appliances,Contoso,3.5,1.0,0.0096,4.0,4.0,10.13,68.33,78.46,High
2135,Contoso Coffee Maker Auto 10C M1000 Grey,Home Appliances,Contoso,3.7,1.0,0.0101,5.0,5.0,10.7,42.88,53.58,High
2136,Contoso Coffee Maker 12C M1000 Grey,Home Appliances,Contoso,8.37,1.0,0.0229,6.0,6.0,24.21,25.58,49.79,Medium
2137,Contoso Coffee Maker Auto 5C E0900 Grey,Home Appliances,Contoso,8.17,2.0,0.0224,5.0,5.0,11.82,20.78,32.6,Medium
2138,Contoso Coffee Maker 5C E0900 Grey,Home Appliances,Contoso,3.7,1.0,0.0101,7.0,7.0,10.7,9.49,20.19,Medium
2139,Contoso Coffee Maker 4C E0800 Grey,Home Appliances,Contoso,5.84,1.0,0.016,6.0,6.0,16.9,8.28,25.18,Medium
2140,Adventure Works Coffee Maker Super-Auto 12C X125 Black,Home Appliances,Adventure Works,3.5,1.0,0.0096,3.0,3.0,10.13,68.33,78.46,High
2141,Adventure Works Coffee Maker Auto 10C M100 Black,Home Appliances,Adventure Works,4.86,1.0,0.0133,5.0,5.0,14.06,42.88,56.94,High
2142,Adventure Works Coffee Maker 12C M100 Black,Home Appliances,Adventure Works,4.28,1.0,0.0117,4.0,4.0,12.38,25.58,37.96,Medium
2143,Adventure Works Coffee Maker Auto 5C E090 Black,Home Appliances,Adventure Works,5.45,1.0,0.0149,6.0,6.0,15.77,10.39,26.16,Medium
2144,Adventure Works Coffee Maker 5C E090 Black,Home Appliances,Adventure Works,7.01,1.0,0.0192,5.0,5.0,20.28,9.49,29.77,Medium
2145,Adventure Works Coffee Maker 4C E080 Black,Home Appliances,Adventure Works,5.64,1.0,0.0155,4.0,4.0,16.32,8.28,24.6,Medium
2146,Adventure Works Coffee Maker Super-Auto 12C X125 Silver,Home Appliances,Adventure Works,3.31,1.0,0.0091,7.0,7.0,9.58,68.33,77.91,High
2147,Adventure Works Coffee Maker Auto 10C M100 Silver,Home Appliances,Adventure Works,6.62,1.0,0.0181,6.0,6.0,19.15,42.88,62.03,High
2148,Adventure Works Coffee Maker 12C M100 Silver,Home Appliances,Adventure Works,7.98,1.0,0.0219,5.0,5.0,23.09,25.58,48.67,Medium
2149,Adventure Works Coffee Maker Auto 5C E090 Silver,Home Appliances,Adventure Works,5.25,1.0,0.0144,4.0,4.0,15.19,10.39,25.58,Medium
2150,Adventure Works Coffee Maker 5C E090 Silver,Home Appliances,Adventure Works,5.06,1.0,0.0139,5.0,5.0,14.64,9.49,24.13,Medium
2151,Adventure Works Coffee Maker 4C E080 Silver,Home Appliances,Adventure Works,6.42,1.0,0.0176,7.0,7.0,18.57,8.28,26.85,Medium
2152,Adventure Works Coffee Maker Super-Auto 12C X125 White,Home Appliances,Adventure Works,8.37,1.0,0.0229,4.0,4.0,24.21,68.33,92.54,High
2153,Adventure Works Coffee Maker Auto 10C M100 White,Home Appliances,Adventure Works,3.89,1.0,0.0107,5.0,5.0,11.25,42.88,54.13,High
2154,Adventure Works Coffee Maker 12C M100 White,Home Appliances,Adventure Works,6.42,1.0,0.0176,3.0,3.0,18.57,25.58,44.15,Medium
2155,Adventure Works Coffee Maker Auto 5C E090 White,Home Appliances,Adventure Works,6.81,1.0,0.0187,5.0,5.0,19.7,10.39,30.09,Medium
2156,Adventure Works Coffee Maker 5C E090 White,Home Appliances,Adventure Works,6.23,1.0,0.0171,3.0,3.0,18.02,9.49,27.51,Medium
2157,Adventure Works Coffee Maker 4C E080 White,Home Appliances,Adventure Works,2.72,1.0,0.0075,5.0,5.0,7.87,8.28,16.15,Low
2158,Adventure Works Coffee Maker Super-Auto 12C X125 Grey,Home Appliances,Adventure Works,1.75,1.0,0.0048,2.0,2.0,5.06,68.33,73.39,High
2159,Adventure Works Coffee Maker Auto 10C M100 Grey,Home Appliances,Adventure Works,4.86,1.0,0.0133,4.0,4.0,14.06,42.88,56.94,High
2160,Adventure Works Coffee Maker 12C M100 Grey,Home Appliances,Adventure Works,8.76,1.0,0.024,7.0,7.0,25.34,25.58,50.92,High
2161,Adventure Works Coffee Maker Auto 5C E090 Grey,Home Appliances,Adventure Works,6.03,1.0,0.0165,5.0,5.0,17.44,10.39,27.83,Medium
2162,Adventure Works Coffee Maker 5C E090 Grey,Home Appliances,Adventure Works,7.78,2.0,0.0213,5.0,5.0,11.25,18.99,30.24,Medium
2163,Adventure Works Coffee Maker 4C E080 Grey,Home Appliances,Adventure Works,6.42,1.0,0.0176,5.0,5.0,18.57,8.28,26.85,Medium
2164,Fabrikam Coffee Maker Super-Auto 12C X125 Black,Home Appliances,Fabrikam,3.5,1.0,0.0096,4.0,4.0,10.13,68.33,78.46,High
2165,Fabrikam Coffee Maker Auto 10C M100 Black,Home Appliances,Fabrikam,3.89,1.0,0.0107,3.0,3.0,11.25,42.88,54.13,High
2166,Fabrikam Coffee Maker 12C M100 Black,Home Appliances,Fabrikam,6.81,1.0,0.0187,6.0,6.0,19.7,25.58,45.28,Medium
2167,Fabrikam Coffee Maker Auto 5C E090 Black,Home Appliances,Fabrikam,9.15,2.0,0.0251,7.0,7.0,13.24,20.78,34.02,Medium
2168,Fabrikam Coffee Maker 5C E090 Black,Home Appliances,Fabrikam,7.01,1.0,0.0192,4.0,4.0,20.28,9.49,29.77,Medium
2169,Fabrikam Coffee Maker 4C E080 Black,Home Appliances,Fabrikam,7.01,2.0,0.0192,6.0,6.0,10.14,16.56,26.7,Medium
2170,Fabrikam Coffee Maker Super-Auto 12C X125 Silver,Home Appliances,Fabrikam,7.78,1.0,0.0213,4.0,4.0,22.51,68.33,90.84,High
2171,Fabrikam Coffee Maker Auto 10C M100 Silver,Home Appliances,Fabrikam,3.89,1.0,0.0107,3.0,3.0,11.25,42.88,54.13,High
2172,Fabrikam Coffee Maker 12C M100 Silver,Home Appliances,Fabrikam,6.42,1.0,0.0176,6.0,6.0,18.57,25.58,44.15,Medium
2173,Fabrikam Coffee Maker Auto 5C E090 Silver,Home Appliances,Fabrikam,7.01,1.0,0.0192,6.0,6.0,20.28,10.39,30.67,Medium
2174,Fabrikam Coffee Maker 5C E090 Silver,Home Appliances,Fabrikam,6.42,1.0,0.0176,5.0,5.0,18.57,9.49,28.06,Medium
2175,Fabrikam Coffee Maker 4C E080 Silver,Home Appliances,Fabrikam,5.84,1.0,0.016,5.0,5.0,16.9,8.28,25.18,Medium
2176,Fabrikam Coffee Maker Super-Auto 12C X125 White,Home Appliances,Fabrikam,7.98,1.0,0.0219,6.0,6.0,23.09,68.33,91.42,High
2177,Fabrikam Coffee Maker Auto 10C M100 White,Home Appliances,Fabrikam,4.67,1.0,0.0128,5.0,5.0,13.51,42.88,56.39,High
2178,Fabrikam Coffee Maker 12C M100 White,Home Appliances,Fabrikam,6.23,1.0,0.0171,4.0,4.0,18.02,25.58,43.6,Medium
2179,Fabrikam Coffee Maker Auto 5C E090 White,Home Appliances,Fabrikam,2.92,1.0,0.008,4.0,4.0,8.45,10.39,18.84,Low
2180,Fabrikam Coffee Maker 5C E090 White,Home Appliances,Fabrikam,10.51,2.0,0.0288,5.0,5.0,15.2,18.99,34.19,Medium
2181,Fabrikam Coffee Maker 4C E080 White,Home Appliances,Fabrikam,7.98,2.0,0.0219,5.0,5.0,11.54,16.56,28.1,Medium
2182,Fabrikam Coffee Maker Super-Auto 12C X125 Grey,Home Appliances,Fabrikam,4.28,1.0,0.0117,5.0,5.0,12.38,68.33,80.71,High
2183,Fabrikam Coffee Maker Auto 10C M100 Grey,Home Appliances,Fabrikam,5.45,1.0,0.0149,5.0,5.0,15.77,42.88,58.65,High
2184,Fabrikam Coffee Maker 12C M100 Grey,Home Appliances,Fabrikam,3.89,1.0,0.0107,2.0,2.0,11.25,25.58,36.83,Medium
2185,Fabrikam Coffee Maker Auto 5C E090 Grey,Home Appliances,Fabrikam,5.45,1.0,0.0149,6.0,6.0,15.77,10.39,26.16,Medium
2186,Fabrikam Coffee Maker 5C E090 Grey,Home Appliances,Fabrikam,9.92,2.0,0.0272,5.0,5.0,14.35,18.99,33.34,Medium
2187,Fabrikam Coffee Maker 4C E080 Grey,Home Appliances,Fabrikam,4.48,1.0,0.0123,3.0,3.0,12.96,8.28,21.24,Medium
2188,Fabrikam Coffee Maker 12C M100 Gold,Home Appliances,Fabrikam,6.62,1.0,0.0181,5.0,5.0,19.15,25.58,44.73,Medium
2189,Fabrikam Coffee Maker Auto 5C E090 Gold,Home Appliances,Fabrikam,3.7,1.0,0.0101,3.0,3.0,10.7,10.39,21.09,Medium
2192,Adventure Works Chandelier M8150 Black,Home Appliances,Adventure Works,0.19,1.0,0.0005,0.0,0.0,0.55,15.43,15.98,Low
2194,Adventure Works Wall Lamp E2150 Black,Home Appliances,Adventure Works,0.78,1.0,0.0021,3.0,3.0,2.26,7.65,9.91,Low
2195,Adventure Works Wall Lamp E3150 Black,Home Appliances,Adventure Works,1.95,1.0,0.0053,9.0,9.0,5.64,6.5,12.14,Low
2196,Adventure Works Desk Lamp E1300 Black,Home Appliances,Adventure Works,0.19,1.0,0.0005,0.0,0.0,0.55,5.1,5.65,Low
2197,Adventure Works Desk Lamp E1200 Black,Home Appliances,Adventure Works,2.53,2.0,0.0069,6.0,6.0,3.66,3.82,7.48,Low
2198,Adventure Works Floor Lamp X1150 White,Home Appliances,Adventure Works,2.14,1.0,0.0059,7.0,7.0,6.19,26.34,32.53,Medium
2199,Adventure Works Floor Lamp M2150 White,Home Appliances,Adventure Works,0.78,1.0,0.0021,3.0,3.0,2.26,19.49,21.75,Medium
2200,Adventure Works Chandelier M8150 White,Home Appliances,Adventure Works,0.39,1.0,0.0011,0.0,0.0,1.13,15.43,16.56,Low
2201,Adventure Works Chandelier M6150 White,Home Appliances,Adventure Works,0.58,1.0,0.0016,0.0,0.0,1.68,13.22,14.9,Low
2202,Adventure Works Wall Lamp E2150 White,Home Appliances,Adventure Works,2.34,1.0,0.0064,3.0,3.0,6.77,7.65,14.42,Low
2203,Adventure Works Wall Lamp E3150 White,Home Appliances,Adventure Works,1.56,1.0,0.0043,1.0,1.0,4.51,6.5,11.01,Low
2204,Adventure Works Desk Lamp E1300 White,Home Appliances,Adventure Works,2.72,1.0,0.0075,4.0,4.0,7.87,5.1,12.97,Low
2205,Adventure Works Desk Lamp E1200 White,Home Appliances,Adventure Works,3.11,2.0,0.0085,7.0,7.0,4.5,3.82,8.32,Low
2206,Adventure Works Floor Lamp X1150 Silver,Home Appliances,Adventure Works,3.11,1.0,0.0085,6.0,6.0,9.0,26.34,35.34,Medium
2207,Adventure Works Floor Lamp M2150 Silver,Home Appliances,Adventure Works,2.14,1.0,0.0059,7.0,7.0,6.19,19.49,25.68,Medium
2208,Adventure Works Chandelier M8150 Silver,Home Appliances,Adventure Works,0.19,1.0,0.0005,0.0,0.0,0.55,15.43,15.98,Low
2209,Adventure Works Chandelier M6150 Silver,Home Appliances,Adventure Works,1.56,1.0,0.0043,0.0,0.0,4.51,13.22,17.73,Low
2210,Adventure Works Wall Lamp E2150 Silver,Home Appliances,Adventure Works,5.06,1.0,0.0139,6.0,6.0,14.64,7.65,22.29,Medium
2213,Adventure Works Desk Lamp E1200 Silver,Home Appliances,Adventure Works,1.95,2.0,0.0053,6.0,6.0,2.82,3.82,6.64,Low
2215,Adventure Works Floor Lamp M2150 Grey,Home Appliances,Adventure Works,1.95,1.0,0.0053,1.0,1.0,5.64,19.49,25.13,Medium
2216,Adventure Works Chandelier M8150 Grey,Home Appliances,Adventure Works,2.72,1.0,0.0075,6.0,6.0,7.87,15.43,23.3,Medium
2217,Adventure Works Chandelier M6150 Grey,Home Appliances,Adventure Works,0.78,1.0,0.0021,0.0,0.0,2.26,13.22,15.48,Low
2218,Adventure Works Wall Lamp E2150 Grey,Home Appliances,Adventure Works,1.36,1.0,0.0037,2.0,2.0,3.93,7.65,11.58,Low
2221,Adventure Works Desk Lamp E1200 Grey,Home Appliances,Adventure Works,1.36,1.0,0.0037,2.0,2.0,3.93,1.91,5.84,Low
2222,Adventure Works Floor Lamp X1150 Blue,Home Appliances,Adventure Works,0.39,1.0,0.0011,0.0,0.0,1.13,26.34,27.47,Medium
2223,Adventure Works Floor Lamp M2150 Blue,Home Appliances,Adventure Works,4.48,1.0,0.0123,5.0,5.0,12.96,19.49,32.45,Medium
2224,Adventure Works Chandelier M8150 Blue,Home Appliances,Adventure Works,2.14,1.0,0.0059,3.0,3.0,6.19,15.43,21.62,Medium
2225,Adventure Works Chandelier M6150 Blue,Home Appliances,Adventure Works,2.72,1.0,0.0075,4.0,4.0,7.87,13.22,21.09,Medium
2226,Adventure Works Wall Lamp E2150 Blue,Home Appliances,Adventure Works,1.95,1.0,0.0053,6.0,6.0,5.64,7.65,13.29,Low
2227,Adventure Works Wall Lamp E3150 Blue,Home Appliances,Adventure Works,1.36,1.0,0.0037,2.0,2.0,3.93,6.5,10.43,Low
2228,Adventure Works Desk Lamp E1300 Blue,Home Appliances,Adventure Works,2.92,1.0,0.008,6.0,6.0,8.45,5.1,13.55,Low
2231,WWI Floor Lamp M215 Black,Home Appliances,Wide World Importers,3.5,1.0,0.0096,5.0,5.0,10.13,19.49,29.62,Medium
2232,WWI Chandelier M815 Black,Home Appliances,Wide World Importers,0.39,1.0,0.0011,0.0,0.0,1.13,15.43,16.56,Low
2233,WWI Chandelier M615 Black,Home Appliances,Wide World Importers,0.39,1.0,0.0011,0.0,0.0,1.13,13.22,14.35,Low
2235,WWI Wall Lamp E315 Black,Home Appliances,Wide World Importers,0.78,1.0,0.0021,3.0,3.0,2.26,6.5,8.76,Low
2236,WWI Desk Lamp E130 Black,Home Appliances,Wide World Importers,1.56,1.0,0.0043,5.0,5.0,4.51,5.1,9.61,Low
2237,WWI Desk Lamp E120 Black,Home Appliances,Wide World Importers,0.58,1.0,0.0016,0.0,0.0,1.68,1.91,3.59,Low
2238,WWI Floor Lamp X115 White,Home Appliances,Wide World Importers,1.36,1.0,0.0037,3.0,3.0,3.93,26.34,30.27,Medium
2239,WWI Floor Lamp M215 White,Home Appliances,Wide World Importers,1.17,1.0,0.0032,2.0,2.0,3.38,19.49,22.87,Medium
2240,WWI Chandelier M815 White,Home Appliances,Wide World Importers,1.95,1.0,0.0053,7.0,7.0,5.64,15.43,21.07,Medium
2241,WWI Chandelier M615 White,Home Appliances,Wide World Importers,0.39,1.0,0.0011,0.0,0.0,1.13,13.22,14.35,Low
2242,WWI Wall Lamp E215 White,Home Appliances,Wide World Importers,0.97,1.0,0.0027,0.0,0.0,2.81,7.65,10.46,Low
2243,WWI Wall Lamp E315 White,Home Appliances,Wide World Importers,0.19,1.0,0.0005,0.0,0.0,0.55,6.5,7.05,Low
2244,WWI Desk Lamp E130 White,Home Appliances,Wide World Importers,2.34,1.0,0.0064,12.0,12.0,6.77,5.1,11.87,Low
2245,WWI Desk Lamp E120 White,Home Appliances,Wide World Importers,3.7,2.0,0.0101,6.0,6.0,5.35,3.82,9.17,Low
2246,WWI Floor Lamp X115 Silver,Home Appliances,Wide World Importers,2.92,1.0,0.008,4.0,4.0,8.45,26.34,34.79,Medium
2247,WWI Floor Lamp M215 Silver,Home Appliances,Wide World Importers,3.31,1.0,0.0091,5.0,5.0,9.58,19.49,29.07,Medium
2248,WWI Chandelier M815 Silver,Home Appliances,Wide World Importers,1.17,1.0,0.0032,6.0,6.0,3.38,15.43,18.81,Low
2249,WWI Chandelier M615 Silver,Home Appliances,Wide World Importers,1.95,1.0,0.0053,9.0,9.0,5.64,13.22,18.86,Low
2250,WWI Wall Lamp E215 Silver,Home Appliances,Wide World Importers,1.56,1.0,0.0043,2.0,2.0,4.51,7.65,12.16,Low
2252,WWI Desk Lamp E130 Silver,Home Appliances,Wide World Importers,1.17,1.0,0.0032,3.0,3.0,3.38,5.1,8.48,Low
2253,WWI Desk Lamp E120 Silver,Home Appliances,Wide World Importers,0.58,1.0,0.0016,0.0,0.0,1.68,1.91,3.59,Low
2254,WWI Floor Lamp X115 Grey,Home Appliances,Wide World Importers,1.75,1.0,0.0048,2.0,2.0,5.06,26.34,31.4,Medium
2255,WWI Floor Lamp M215 Grey,Home Appliances,Wide World Importers,0.19,1.0,0.0005,0.0,0.0,0.55,19.49,20.04,Medium
2256,WWI Chandelier M815 Grey,Home Appliances,Wide World Importers,1.17,1.0,0.0032,2.0,2.0,3.38,15.43,18.81,Low
2257,WWI Chandelier M615 Grey,Home Appliances,Wide World Importers,0.97,1.0,0.0027,2.0,2.0,2.81,13.22,16.03,Low
2258,WWI Wall Lamp E215 Grey,Home Appliances,Wide World Importers,1.56,1.0,0.0043,4.0,4.0,4.51,7.65,12.16,Low
2259,WWI Wall Lamp E315 Grey,Home Appliances,Wide World Importers,0.78,1.0,0.0021,0.0,0.0,2.26,6.5,8.76,Low
2260,WWI Desk Lamp E130 Grey,Home Appliances,Wide World Importers,0.97,1.0,0.0027,5.0,5.0,2.81,5.1,7.91,Low
2261,WWI Desk Lamp E120 Grey,Home Appliances,Wide World Importers,1.75,2.0,0.0048,5.0,5.0,2.53,3.82,6.35,Low
2262,WWI Floor Lamp X115 Blue,Home Appliances,Wide World Importers,0.19,1.0,0.0005,0.0,0.0,0.55,26.34,26.89,Medium
2263,WWI Floor Lamp M215 Blue,Home Appliances,Wide World Importers,2.53,1.0,0.0069,7.0,7.0,7.32,19.49,26.81,Medium
2264,WWI Chandelier M815 Blue,Home Appliances,Wide World Importers,2.34,1.0,0.0064,4.0,4.0,6.77,15.43,22.2,Medium
2265,WWI Chandelier M615 Blue,Home Appliances,Wide World Importers,3.31,1.0,0.0091,5.0,5.0,9.58,13.22,22.8,Medium
2266,WWI Wall Lamp E215 Blue,Home Appliances,Wide World Importers,2.92,1.0,0.008,4.0,4.0,8.45,7.65,16.1,Low
2267,WWI Wall Lamp E315 Blue,Home Appliances,Wide World Importers,3.31,1.0,0.0091,5.0,5.0,9.58,6.5,16.08,Low
2268,WWI Desk Lamp E130 Blue,Home Appliances,Wide World Importers,2.53,1.0,0.0069,4.0,4.0,7.32,5.1,12.42,Low
2269,WWI Desk Lamp E120 Blue,Home Appliances,Wide World Importers,0.97,1.0,0.0027,2.0,2.0,2.81,1.91,4.72,Low
2270,Proseware Floor Lamp X0115 Black,Home Appliances,Proseware,2.34,1.0,0.0064,2.0,2.0,6.77,26.34,33.11,Medium
2271,Proseware Floor Lamp M0215 Black,Home Appliances,Proseware,3.5,1.0,0.0096,6.0,6.0,10.13,19.49,29.62,Medium
2272,Proseware Chandelier M0815 Black,Home Appliances,Proseware,0.19,1.0,0.0005,0.0,0.0,0.55,15.43,15.98,Low
2273,Proseware Chandelier M0615 Black,Home Appliances,Proseware,1.75,1.0,0.0048,4.0,4.0,5.06,13.22,18.28,Low
2275,Proseware Wall Lamp E0315 Black,Home Appliances,Proseware,2.14,1.0,0.0059,7.0,7.0,6.19,6.5,12.69,Low
2276,Proseware Desk Lamp E0130 Black,Home Appliances,Proseware,0.97,1.0,0.0027,0.0,0.0,2.81,5.1,7.91,Low
2278,Proseware Floor Lamp X0115 White,Home Appliances,Proseware,1.95,1.0,0.0053,7.0,7.0,5.64,26.34,31.98,Medium
2279,Proseware Floor Lamp M0215 White,Home Appliances,Proseware,2.14,1.0,0.0059,6.0,6.0,6.19,19.49,25.68,Medium
2281,Proseware Chandelier M0615 White,Home Appliances,Proseware,2.92,1.0,0.008,8.0,8.0,8.45,13.22,21.67,Medium
2283,Proseware Wall Lamp E0315 White,Home Appliances,Proseware,3.7,1.0,0.0101,6.0,6.0,10.7,6.5,17.2,Low
2284,Proseware Desk Lamp E0130 White,Home Appliances,Proseware,1.56,1.0,0.0043,3.0,3.0,4.51,5.1,9.61,Low
2285,Proseware Desk Lamp E0120 White,Home Appliances,Proseware,3.7,2.0,0.0101,9.0,9.0,5.35,3.82,9.17,Low
2286,Proseware Floor Lamp X0115 Silver,Home Appliances,Proseware,1.95,1.0,0.0053,5.0,5.0,5.64,26.34,31.98,Medium
2287,Proseware Floor Lamp M0215 Silver,Home Appliances,Proseware,2.92,1.0,0.008,4.0,4.0,8.45,19.49,27.94,Medium
2288,Proseware Chandelier M0815 Silver,Home Appliances,Proseware,1.75,1.0,0.0048,11.0,11.0,5.06,15.43,20.49,Medium
2289,Proseware Chandelier M0615 Silver,Home Appliances,Proseware,0.39,1.0,0.0011,0.0,0.0,1.13,13.22,14.35,Low
2290,Proseware Wall Lamp E0215 Silver,Home Appliances,Proseware,1.17,1.0,0.0032,0.0,0.0,3.38,7.65,11.03,Low
2291,Proseware Wall Lamp E0315 Silver,Home Appliances,Proseware,1.36,1.0,0.0037,0.0,0.0,3.93,6.5,10.43,Low
2292,Proseware Desk Lamp E0130 Silver,Home Appliances,Proseware,2.53,1.0,0.0069,5.0,5.0,7.32,5.1,12.42,Low
2293,Proseware Desk Lamp E0120 Silver,Home Appliances,Proseware,0.97,1.0,0.0027,5.0,5.0,2.81,1.91,4.72,Low
2294,Proseware Floor Lamp X0115 Grey,Home Appliances,Proseware,0.58,1.0,0.0016,2.0,2.0,1.68,26.34,28.02,Medium
2296,Proseware Chandelier M0815 Grey,Home Appliances,Proseware,1.75,1.0,0.0048,8.0,8.0,5.06,15.43,20.49,Medium
2297,Proseware Chandelier M0615 Grey,Home Appliances,Proseware,0.58,1.0,0.0016,0.0,0.0,1.68,13.22,14.9,Low
2298,Proseware Wall Lamp E0215 Grey,Home Appliances,Proseware,1.17,1.0,0.0032,2.0,2.0,3.38,7.65,11.03,Low
2299,Proseware Wall Lamp E0315 Grey,Home Appliances,Proseware,1.56,1.0,0.0043,2.0,2.0,4.51,6.5,11.01,Low
2300,Proseware Desk Lamp E0130 Grey,Home Appliances,Proseware,0.58,1.0,0.0016,2.0,2.0,1.68,5.1,6.78,Low
2301,Proseware Desk Lamp E0120 Grey,Home Appliances,Proseware,1.56,2.0,0.0043,9.0,9.0,2.26,3.82,6.08,Low
2302,Proseware Floor Lamp X0115 Blue,Home Appliances,Proseware,0.19,1.0,0.0005,0.0,0.0,0.55,26.34,26.89,Medium
2303,Proseware Floor Lamp M0215 Blue,Home Appliances,Proseware,3.89,1.0,0.0107,2.0,2.0,11.25,19.49,30.74,Medium
2304,Proseware Chandelier M0815 Blue,Home Appliances,Proseware,4.67,1.0,0.0128,7.0,7.0,13.51,15.43,28.94,Medium
2305,Proseware Chandelier M0615 Blue,Home Appliances,Proseware,2.72,1.0,0.0075,4.0,4.0,7.87,13.22,21.09,Medium
2306,Proseware Wall Lamp E0215 Blue,Home Appliances,Proseware,0.19,1.0,0.0005,0.0,0.0,0.55,7.65,8.2,Low
2307,Proseware Wall Lamp E0315 Blue,Home Appliances,Proseware,1.95,1.0,0.0053,3.0,3.0,5.64,6.5,12.14,Low
2308,Proseware Desk Lamp E0130 Blue,Home Appliances,Proseware,0.39,1.0,0.0011,0.0,0.0,1.13,5.1,6.23,Low
2309,Proseware Desk Lamp E0120 Blue,Home Appliances,Proseware,0.39,1.0,0.0011,0.0,0.0,1.13,1.91,3.04,Low
2310,Litware Floor Lamp X1015 Black,Home Appliances,Litware,0.58,1.0,0.0016,2.0,2.0,1.68,26.34,28.02,Medium
2311,Litware Floor Lamp M2015 Black,Home Appliances,Litware,1.75,1.0,0.0048,0.0,0.0,5.06,19.49,24.55,Medium
2312,Litware Chandelier M8015 Black,Home Appliances,Litware,2.14,1.0,0.0059,5.0,5.0,6.19,15.43,21.62,Medium
2313,Litware Chandelier M6015 Black,Home Appliances,Litware,1.56,1.0,0.0043,2.0,2.0,4.51,13.22,17.73,Low
2314,Litware Wall Lamp E2015 Black,Home Appliances,Litware,1.75,1.0,0.0048,4.0,4.0,5.06,7.65,12.71,Low
2315,Litware Wall Lamp E3015 Black,Home Appliances,Litware,0.78,1.0,0.0021,0.0,0.0,2.26,6.5,8.76,Low
2316,Litware Desk Lamp E1030 Black,Home Appliances,Litware,1.56,1.0,0.0043,6.0,6.0,4.51,5.1,9.61,Low
2317,Litware Desk Lamp E1020 Black,Home Appliances,Litware,1.36,1.0,0.0037,1.0,1.0,3.93,1.91,5.84,Low
2318,Litware Floor Lamp X1015 White,Home Appliances,Litware,0.97,1.0,0.0027,2.0,2.0,2.81,26.34,29.15,Medium
2319,Litware Floor Lamp M2015 White,Home Appliances,Litware,1.17,1.0,0.0032,0.0,0.0,3.38,19.49,22.87,Medium
2321,Litware Chandelier M6015 White,Home Appliances,Litware,0.58,1.0,0.0016,0.0,0.0,1.68,13.22,14.9,Low
2322,Litware Wall Lamp E2015 White,Home Appliances,Litware,3.89,1.0,0.0107,7.0,7.0,11.25,7.65,18.9,Low
2323,Litware Wall Lamp E3015 White,Home Appliances,Litware,0.78,1.0,0.0021,0.0,0.0,2.26,6.5,8.76,Low
2324,Litware Desk Lamp E1030 White,Home Appliances,Litware,0.78,1.0,0.0021,3.0,3.0,2.26,5.1,7.36,Low
2325,Litware Desk Lamp E1020 White,Home Appliances,Litware,0.58,1.0,0.0016,2.0,2.0,1.68,1.91,3.59,Low
2326,Litware Floor Lamp X1015 Silver,Home Appliances,Litware,1.36,1.0,0.0037,0.0,0.0,3.93,26.34,30.27,Medium
2327,Litware Floor Lamp M2015 Silver,Home Appliances,Litware,1.36,1.0,0.0037,1.0,1.0,3.93,19.49,23.42,Medium
2329,Litware Chandelier M6015 Silver,Home Appliances,Litware,1.75,1.0,0.0048,3.0,3.0,5.06,13.22,18.28,Low
2331,Litware Wall Lamp E3015 Silver,Home Appliances,Litware,0.39,1.0,0.0011,0.0,0.0,1.13,6.5,7.63,Low
2334,Litware Floor Lamp X1015 Grey,Home Appliances,Litware,1.36,1.0,0.0037,8.0,8.0,3.93,26.34,30.27,Medium
2335,Litware Floor Lamp M2015 Grey,Home Appliances,Litware,1.56,1.0,0.0043,9.0,9.0,4.51,19.49,24.0,Medium
2336,Litware Chandelier M8015 Grey,Home Appliances,Litware,0.58,1.0,0.0016,2.0,2.0,1.68,15.43,17.11,Low
2337,Litware Chandelier M6015 Grey,Home Appliances,Litware,2.92,1.0,0.008,8.0,8.0,8.45,13.22,21.67,Medium
2338,Litware Wall Lamp E2015 Grey,Home Appliances,Litware,0.39,1.0,0.0011,0.0,0.0,1.13,7.65,8.78,Low
2339,Litware Wall Lamp E3015 Grey,Home Appliances,Litware,0.78,1.0,0.0021,0.0,0.0,2.26,6.5,8.76,Low
2340,Litware Desk Lamp E1030 Grey,Home Appliances,Litware,2.34,1.0,0.0064,4.0,4.0,6.77,5.1,11.87,Low
2341,Litware Desk Lamp E1020 Grey,Home Appliances,Litware,2.72,2.0,0.0075,5.0,5.0,3.93,3.82,7.75,Low
2342,Litware Floor Lamp X1015 Blue,Home Appliances,Litware,4.86,1.0,0.0133,6.0,6.0,14.06,26.34,40.4,Medium
2344,Litware Chandelier M8015 Blue,Home Appliances,Litware,1.36,1.0,0.0037,8.0,8.0,3.93,15.43,19.36,Low
2345,Litware Chandelier M6015 Blue,Home Appliances,Litware,2.14,1.0,0.0059,2.0,2.0,6.19,13.22,19.41,Low
2346,Litware Wall Lamp E2015 Blue,Home Appliances,Litware,1.17,1.0,0.0032,0.0,0.0,3.38,7.65,11.03,Low
2347,Litware Wall Lamp E3015 Blue,Home Appliances,Litware,0.58,1.0,0.0016,0.0,0.0,1.68,6.5,8.18,Low
2348,Contoso Air conditioner 25000BTU L1672 White,Home Appliances,Contoso,3.31,1.0,0.0091,4.0,4.0,9.58,26.34,35.92,Medium
2349,Contoso Air conditioner 12000BTU M0640 White,Home Appliances,Contoso,1.95,1.0,0.0053,2.0,2.0,5.64,26.44,32.08,Medium
2350,Contoso Air conditioner 10000BTU M0490 White,Home Appliances,Contoso,6.62,1.0,0.0181,6.0,6.0,19.15,24.72,43.87,Medium
2351,Contoso Air conditioner 8000BTU M0320 White,Home Appliances,Contoso,1.95,1.0,0.0053,5.0,5.0,5.64,22.99,28.63,Medium
2352,Contoso Air conditioner 7000BTU E0260 White,Home Appliances,Contoso,2.34,1.0,0.0064,4.0,4.0,6.77,19.12,25.89,Medium
2353,Contoso Air conditioner 6000BTU E0180 White,Home Appliances,Contoso,2.14,1.0,0.0059,10.0,10.0,6.19,12.74,18.93,Low
2354,Contoso Air conditioner 5200BTU E0100 White,Home Appliances,Contoso,2.53,1.0,0.0069,8.0,8.0,7.32,7.01,14.33,Low
2355,Contoso Air conditioner 25000BTU L1672 Red,Home Appliances,Contoso,2.53,1.0,0.0069,3.0,3.0,7.32,26.34,33.66,Medium
2356,Contoso Air conditioner 12000BTU M0640 Red,Home Appliances,Contoso,2.53,1.0,0.0069,5.0,5.0,7.32,26.44,33.76,Medium
2357,Contoso Air conditioner 10000BTU M0490 Red,Home Appliances,Contoso,3.11,1.0,0.0085,4.0,4.0,9.0,24.72,33.72,Medium
2358,Contoso Air conditioner 8000BTU M0320 Red,Home Appliances,Contoso,3.11,1.0,0.0085,4.0,4.0,9.0,22.99,31.99,Medium
2359,Contoso Air conditioner 7000BTU E0260 Red,Home Appliances,Contoso,2.53,1.0,0.0069,1.0,1.0,7.32,19.12,26.44,Medium
2360,Contoso Air conditioner 6000BTU E0180 Red,Home Appliances,Contoso,3.89,1.0,0.0107,5.0,5.0,11.25,12.74,23.99,Medium
2361,Contoso Air conditioner 5200BTU E0100 Red,Home Appliances,Contoso,3.11,1.0,0.0085,5.0,5.0,9.0,7.01,16.01,Low
2362,Contoso Air conditioner 25000BTU L1672 Silver,Home Appliances,Contoso,2.14,1.0,0.0059,7.0,7.0,6.19,26.34,32.53,Medium
2363,Contoso Air conditioner 12000BTU M0640 Silver,Home Appliances,Contoso,1.17,1.0,0.0032,4.0,4.0,3.38,26.44,29.82,Medium
2364,Contoso Air conditioner 10000BTU M0490 Silver,Home Appliances,Contoso,2.92,1.0,0.008,2.0,2.0,8.45,24.72,33.17,Medium
2365,Contoso Air conditioner 8000BTU M0320 Silver,Home Appliances,Contoso,1.36,1.0,0.0037,3.0,3.0,3.93,22.99,26.92,Medium
2366,Contoso Air conditioner 7000BTU E0260 Silver,Home Appliances,Contoso,3.7,1.0,0.0101,3.0,3.0,10.7,19.12,29.82,Medium
2367,Contoso Air conditioner 6000BTU E0180 Silver,Home Appliances,Contoso,1.75,1.0,0.0048,2.0,2.0,5.06,12.74,17.8,Low
2368,Contoso Air conditioner 5200BTU E0100 Silver,Home Appliances,Contoso,4.67,1.0,0.0128,6.0,6.0,13.51,7.01,20.52,Medium
2369,Contoso Air conditioner 25000BTU L1672 Grey,Home Appliances,Contoso,3.7,1.0,0.0101,5.0,5.0,10.7,26.34,37.04,Medium
2370,Contoso Air conditioner 12000BTU M0640 Grey,Home Appliances,Contoso,5.45,1.0,0.0149,6.0,6.0,15.77,26.44,42.21,Medium
2371,Contoso Air conditioner 10000BTU M0490 Grey,Home Appliances,Contoso,3.11,1.0,0.0085,3.0,3.0,9.0,24.72,33.72,Medium
2372,Contoso Air conditioner 8000BTU M0320 Grey,Home Appliances,Contoso,3.31,1.0,0.0091,3.0,3.0,9.58,22.99,32.57,Medium
2373,Contoso Air conditioner 7000BTU E0260 Grey,Home Appliances,Contoso,3.7,1.0,0.0101,10.0,10.0,10.7,19.12,29.82,Medium
2374,Contoso Air conditioner 6000BTU E0180 Grey,Home Appliances,Contoso,0.58,1.0,0.0016,2.0,2.0,1.68,12.74,14.42,Low
2375,Contoso Air conditioner 5200BTU E0100 Grey,Home Appliances,Contoso,2.92,1.0,0.008,3.0,3.0,8.45,7.01,15.46,Low
2376,Contoso Air conditioner 25000BTU L1672 Blue,Home Appliances,Contoso,0.39,1.0,0.0011,0.0,0.0,1.13,26.34,27.47,Medium
2377,Contoso Air conditioner 12000BTU M0640 Blue,Home Appliances,Contoso,2.53,1.0,0.0069,2.0,2.0,7.32,26.44,33.76,Medium
2378,Contoso Air conditioner 10000BTU M0490 Blue,Home Appliances,Contoso,1.56,1.0,0.0043,1.0,1.0,4.51,24.72,29.23,Medium
2379,Contoso Air conditioner 8000BTU M0320 Blue,Home Appliances,Contoso,2.34,1.0,0.0064,4.0,4.0,6.77,22.99,29.76,Medium
2380,Contoso Air conditioner 7000BTU E0260 Blue,Home Appliances,Contoso,3.7,1.0,0.0101,7.0,7.0,10.7,19.12,29.82,Medium
2381,Contoso Air conditioner 6000BTU E0180 Blue,Home Appliances,Contoso,1.95,1.0,0.0053,4.0,4.0,5.64,12.74,18.38,Low
2382,Contoso Air conditioner 5200BTU E0100 Blue,Home Appliances,Contoso,2.14,1.0,0.0059,10.0,10.0,6.19,7.01,13.2,Low
2383,Proseware Air conditioner 25000BTU L167 White,Home Appliances,Proseware,6.03,1.0,0.0165,7.0,7.0,17.44,26.34,43.78,Medium
2384,Proseware Air conditioner 12000BTU M640 White,Home Appliances,Proseware,1.56,1.0,0.0043,2.0,2.0,4.51,26.44,30.95,Medium
2385,Proseware Air conditioner 10000BTU M490 White,Home Appliances,Proseware,3.11,1.0,0.0085,3.0,3.0,9.0,24.72,33.72,Medium
2386,Proseware Air conditioner 8000BTU M320 White,Home Appliances,Proseware,1.75,1.0,0.0048,4.0,4.0,5.06,22.99,28.05,Medium
2387,Proseware Air conditioner 7000BTU E260 White,Home Appliances,Proseware,7.01,1.0,0.0192,7.0,7.0,20.28,19.12,39.4,Medium
2388,Proseware Air conditioner 6000BTU E180 White,Home Appliances,Proseware,2.92,1.0,0.008,8.0,8.0,8.45,12.74,21.19,Medium
2389,Proseware Air conditioner 5200BTU E100 White,Home Appliances,Proseware,1.95,1.0,0.0053,2.0,2.0,5.64,7.01,12.65,Low
2390,Proseware Air conditioner 25000BTU L167 Red,Home Appliances,Proseware,0.58,1.0,0.0016,2.0,2.0,1.68,26.34,28.02,Medium
2391,Proseware Air conditioner 12000BTU M640 Red,Home Appliances,Proseware,0.39,1.0,0.0011,0.0,0.0,1.13,26.44,27.57,Medium
2392,Proseware Air conditioner 10000BTU M490 Red,Home Appliances,Proseware,4.86,1.0,0.0133,3.0,3.0,14.06,24.72,38.78,Medium
2393,Proseware Air conditioner 8000BTU M320 Red,Home Appliances,Proseware,0.58,1.0,0.0016,2.0,2.0,1.68,22.99,24.67,Medium
2394,Proseware Air conditioner 7000BTU E260 Red,Home Appliances,Proseware,2.92,1.0,0.008,9.0,9.0,8.45,19.12,27.57,Medium
2395,Proseware Air conditioner 6000BTU E180 Red,Home Appliances,Proseware,1.75,1.0,0.0048,3.0,3.0,5.06,12.74,17.8,Low
2396,Proseware Air conditioner 5200BTU E100 Red,Home Appliances,Proseware,2.34,1.0,0.0064,9.0,9.0,6.77,7.01,13.78,Low
2397,Proseware Air conditioner 25000BTU L167 Silver,Home Appliances,Proseware,5.25,1.0,0.0144,4.0,4.0,15.19,26.34,41.53,Medium
2398,Proseware Air conditioner 12000BTU M640 Silver,Home Appliances,Proseware,4.86,1.0,0.0133,4.0,4.0,14.06,26.44,40.5,Medium
2399,Proseware Air conditioner 10000BTU M490 Silver,Home Appliances,Proseware,2.72,1.0,0.0075,3.0,3.0,7.87,24.72,32.59,Medium
2400,Proseware Air conditioner 8000BTU M320 Silver,Home Appliances,Proseware,0.97,1.0,0.0027,1.0,1.0,2.81,22.99,25.8,Medium
2401,Proseware Air conditioner 7000BTU E260 Silver,Home Appliances,Proseware,1.17,1.0,0.0032,6.0,6.0,3.38,19.12,22.5,Medium
2402,Proseware Air conditioner 6000BTU E180 Silver,Home Appliances,Proseware,2.14,1.0,0.0059,8.0,8.0,6.19,12.74,18.93,Low
2403,Proseware Air conditioner 5200BTU E100 Silver,Home Appliances,Proseware,0.78,1.0,0.0021,0.0,0.0,2.26,7.01,9.27,Low
2404,Proseware Air conditioner 25000BTU L167 Grey,Home Appliances,Proseware,5.06,1.0,0.0139,4.0,4.0,14.64,26.34,40.98,Medium
2405,Proseware Air conditioner 12000BTU M640 Grey,Home Appliances,Proseware,1.17,1.0,0.0032,6.0,6.0,3.38,26.44,29.82,Medium
2406,Proseware Air conditioner 10000BTU M490 Grey,Home Appliances,Proseware,3.89,1.0,0.0107,5.0,5.0,11.25,24.72,35.97,Medium
2407,Proseware Air conditioner 8000BTU M320 Grey,Home Appliances,Proseware,3.5,1.0,0.0096,6.0,6.0,10.13,22.99,33.12,Medium
2408,Proseware Air conditioner 7000BTU E260 Grey,Home Appliances,Proseware,2.72,1.0,0.0075,2.0,2.0,7.87,19.12,26.99,Medium
2409,Proseware Air conditioner 6000BTU E180 Grey,Home Appliances,Proseware,3.31,1.0,0.0091,4.0,4.0,9.58,12.74,22.32,Medium
2410,Litware 3-Speed Oscillating High-Performance Fan E201 Black,Home Appliances,Litware,0.97,1.0,0.0027,5.0,5.0,2.81,1.91,4.72,Low
2411,Litware 3-Speed Oscillating High-Performance Fan E201 White,Home Appliances,Litware,4.28,3.0,0.0117,4.0,4.0,4.13,5.73,9.86,Low
2412,Litware 3-Speed Oscillating High-Performance Fan E201 Silver,Home Appliances,Litware,2.72,2.0,0.0075,3.0,3.0,3.93,3.82,7.75,Low
2413,Litware 18'' Adjustable Oscillating Pedestal Fan E301 Black,Home Appliances,Litware,4.28,2.0,0.0117,6.0,6.0,6.19,4.7,10.89,Low
2414,Litware 18'' Adjustable Oscillating Pedestal Fan E301 White,Home Appliances,Litware,1.56,1.0,0.0043,1.0,1.0,4.51,2.35,6.86,Low
2415,Litware 18'' Adjustable Oscillating Pedestal Fan E301 Silver,Home Appliances,Litware,2.72,2.0,0.0075,6.0,6.0,3.93,4.7,8.63,Low
2416,Litware 3-Speed Oscillating Blower Fan M115 White,Home Appliances,Litware,2.34,1.0,0.0064,4.0,4.0,6.77,4.25,11.02,Low
2417,Litware 3-Speed Oscillating Blower Fan M115 Black,Home Appliances,Litware,2.92,1.0,0.008,4.0,4.0,8.45,4.25,12.7,Low
2418,Litware 3-Speed Oscillating Blower Fan M115 Silver,Home Appliances,Litware,4.86,2.0,0.0133,5.0,5.0,7.03,8.51,15.54,Low
2419,Litware 20'' Box Fan E401 Blue,Home Appliances,Litware,4.28,3.0,0.0117,4.0,4.0,4.13,4.97,9.1,Low
2420,Litware 20'' Box Fan E401 Black,Home Appliances,Litware,4.28,3.0,0.0117,7.0,7.0,4.13,4.97,9.1,Low
2421,Litware 20'' Box Fan E401 White,Home Appliances,Litware,2.34,2.0,0.0064,4.0,4.0,3.38,3.31,6.69,Low
2422,Litware 20'' Box Fan E401 Yellow,Home Appliances,Litware,1.56,2.0,0.0043,9.0,9.0,2.26,3.31,5.57,Low
2423,Litware Tower Fan E501 Black,Home Appliances,Litware,3.5,2.0,0.0096,5.0,5.0,5.06,5.1,10.16,Low
2424,Litware Tower Fan E501 White,Home Appliances,Litware,3.5,2.0,0.0096,4.0,4.0,5.06,5.1,10.16,Low
2425,Litware Tower Fan E501 Yellow,Home Appliances,Litware,1.95,1.0,0.0053,3.0,3.0,5.64,2.55,8.19,Low
2426,Litware Tower Fan E501 Silver,Home Appliances,Litware,2.14,2.0,0.0059,4.0,4.0,3.1,5.1,8.2,Low
2427,Litware Mobile Fan External USB Cooling Fan E601 Silver,Home Appliances,Litware,2.14,2.0,0.0059,3.0,3.0,3.1,4.19,7.29,Low
2428,Litware Mobile Fan External USB Cooling Fan E601 White,Home Appliances,Litware,2.14,2.0,0.0059,8.0,8.0,3.1,4.19,7.29,Low
2429,Litware Mobile Fan External USB Cooling Fan E601 Pink,Home Appliances,Litware,2.34,2.0,0.0064,8.0,8.0,3.38,4.19,7.57,Low
2430,Litware Mobile Fan External USB Cooling Fan E601 Black,Home Appliances,Litware,2.34,2.0,0.0064,3.0,3.0,3.38,4.19,7.57,Low
2431,"Litware 16"" White Oscillating Stand Fan E701 White",Home Appliances,Litware,0.19,1.0,0.0005,0.0,0.0,0.55,1.85,2.4,Low
2432,"Litware 16"" White Oscillating Stand Fan E701 Black",Home Appliances,Litware,2.72,2.0,0.0075,4.0,4.0,3.93,3.71,7.64,Low
2433,"Litware 16"" White Oscillating Stand Fan E701 Silver",Home Appliances,Litware,1.75,2.0,0.0048,3.0,3.0,2.53,3.71,6.24,Low
2434,"Litware 16"" White Oscillating Stand Fan E701 Grey",Home Appliances,Litware,3.31,2.0,0.0091,10.0,10.0,4.79,3.71,8.5,Low
2435,"Litware 14"" High Velocity Floor Fan E801 Silver",Home Appliances,Litware,2.72,2.0,0.0075,2.0,2.0,3.93,5.74,9.67,Low
2436,"Litware 14"" High Velocity Floor Fan E801 White",Home Appliances,Litware,4.48,2.0,0.0123,7.0,7.0,6.48,5.74,12.22,Low
2437,"Litware 14"" High Velocity Floor Fan E801 Black",Home Appliances,Litware,6.23,3.0,0.0171,6.0,6.0,6.01,8.6,14.61,Low
2438,"Litware 14"" High Velocity Floor Fan E801 Pink",Home Appliances,Litware,2.53,2.0,0.0069,2.0,2.0,3.66,5.74,9.4,Low
2439,Litware 120mm Blue LED Case Fan E901 Black,Home Appliances,Litware,0.58,2.0,0.0016,2.0,2.0,0.84,1.27,2.11,Low
2440,Litware 120mm Blue LED Case Fan E901 White,Home Appliances,Litware,3.11,4.0,0.0085,5.0,5.0,2.25,2.54,4.79,Low
2441,Litware 120mm Blue LED Case Fan E901 blue,Home Appliances,Litware,2.92,4.0,0.008,7.0,7.0,2.11,2.54,4.65,Low
2442,Litware 120mm Blue LED Case Fan E901 Grey,Home Appliances,Litware,1.95,3.0,0.0053,1.0,1.0,1.88,1.91,3.79,Low
2443,Litware 80mm Dual Ball Bearing Case Fan E1001 Black,Home Appliances,Litware,3.31,5.0,0.0091,7.0,7.0,1.92,1.59,3.51,Low
2444,Litware 80mm Dual Ball Bearing Case Fan E1001 White,Home Appliances,Litware,3.5,6.0,0.0096,5.0,5.0,1.69,1.9,3.59,Low
2445,Litware 80mm Dual Ball Bearing Case Fan E1001 Green,Home Appliances,Litware,0.78,3.0,0.0021,3.0,3.0,0.75,0.95,1.7,Low
2446,Litware 80mm Dual Ball Bearing Case Fan E1001 Pink,Home Appliances,Litware,2.72,5.0,0.0075,4.0,4.0,1.57,1.59,3.16,Low
2447,Litware 92mm DBB Case Fan E1101 Silver,Home Appliances,Litware,6.81,5.0,0.0187,6.0,6.0,3.94,4.77,8.71,Low
2448,Litware 92mm DBB Case Fan E1101 Black,Home Appliances,Litware,4.86,4.0,0.0133,5.0,5.0,3.51,3.82,7.33,Low
2449,Litware 92mm DBB Case Fan E1101 White,Home Appliances,Litware,1.56,2.0,0.0043,1.0,1.0,2.26,1.91,4.17,Low
2450,Litware 92mm DBB Case Fan E1101 Grey,Home Appliances,Litware,1.75,2.0,0.0048,6.0,6.0,2.53,1.91,4.44,Low
2451,Litware Desktop Wind Tower Oscillating Fan E1201 Brown,Home Appliances,Litware,4.67,3.0,0.0128,5.0,5.0,4.5,5.73,10.23,Low
2452,Litware Desktop Wind Tower Oscillating Fan E1201 Purple,Home Appliances,Litware,9.34,4.0,0.0256,5.0,5.0,6.76,7.64,14.4,Low
2453,Litware Desktop Wind Tower Oscillating Fan E1201 Black,Home Appliances,Litware,2.34,2.0,0.0064,6.0,6.0,3.38,3.82,7.2,Low
2454,Litware Desktop Wind Tower Oscillating Fan E1201 White,Home Appliances,Litware,3.5,2.0,0.0096,5.0,5.0,5.06,3.82,8.88,Low
2455,Litware USB Foam Fan E1301 Pink,Home Appliances,Litware,4.28,3.0,0.0117,2.0,2.0,4.13,3.82,7.95,Low
2456,Litware USB Foam Fan E1301 White,Home Appliances,Litware,2.34,2.0,0.0064,9.0,9.0,3.38,2.55,5.93,Low
2457,Litware USB Foam Fan E1301 Black,Home Appliances,Litware,4.86,3.0,0.0133,5.0,5.0,4.69,3.82,8.51,Low
2458,Litware USB Foam Fan E1301 Red,Home Appliances,Litware,5.64,4.0,0.0155,8.0,8.0,4.08,5.1,9.18,Low
2459,Litware 180 CFM Vertical Discharge Fan X450 Red,Home Appliances,Litware,3.5,1.0,0.0096,3.0,3.0,10.13,8.93,19.06,Low
2460,Litware 180 CFM Vertical Discharge Fan X450 Black,Home Appliances,Litware,1.95,1.0,0.0053,5.0,5.0,5.64,8.93,14.57,Low
2461,Litware 180 CFM Vertical Discharge Fan X450 White,Home Appliances,Litware,0.78,1.0,0.0021,0.0,0.0,2.26,8.93,11.19,Low
2462,Litware 180 CFM Vertical Discharge Fan X450 Blue,Home Appliances,Litware,1.75,1.0,0.0048,3.0,3.0,5.06,8.93,13.99,Low
2463,Litware USB Durable Desk Soft Fan E1401 White,Home Appliances,Litware,3.11,2.0,0.0085,5.0,5.0,4.5,3.82,8.32,Low
2464,Litware USB Durable Desk Soft Fan E1401 Black,Home Appliances,Litware,5.45,3.0,0.0149,5.0,5.0,5.26,5.73,10.99,Low
2465,Litware USB Durable Desk Soft Fan E1401 Blue,Home Appliances,Litware,2.92,2.0,0.008,3.0,3.0,4.22,3.82,8.04,Low
2466,Litware USB Durable Desk Soft Fan E1401 Red,Home Appliances,Litware,3.89,2.0,0.0107,4.0,4.0,5.63,3.82,9.45,Low
2467,Litware 80mm LED Dual PCI Slot Fan E1501 Yellow,Home Appliances,Litware,0.58,1.0,0.0016,0.0,0.0,1.68,1.98,3.66,Low
2468,Litware 80mm LED Dual PCI Slot Fan E1501 Red,Home Appliances,Litware,1.56,2.0,0.0043,6.0,6.0,2.26,3.95,6.21,Low
2469,Litware 80mm LED Dual PCI Slot Fan E1501 Blue,Home Appliances,Litware,0.39,1.0,0.0011,0.0,0.0,1.13,1.98,3.11,Low
2470,Litware 80mm LED Dual PCI Slot Fan E1501 Pink,Home Appliances,Litware,1.75,2.0,0.0048,2.0,2.0,2.53,3.95,6.48,Low
2471,Litware 80mm LED Dual PCI Slot Fan E1501 White,Home Appliances,Litware,3.5,2.0,0.0096,7.0,7.0,5.06,3.95,9.01,Low
2472,Litware 20'' Weather-Shield Performance Box Fan E1601 Orange,Home Appliances,Litware,2.53,2.0,0.0069,5.0,5.0,3.66,3.82,7.48,Low
2473,Litware 20'' Weather-Shield Performance Box Fan E1601 Yellow,Home Appliances,Litware,5.84,3.0,0.016,6.0,6.0,5.63,5.73,11.36,Low
2474,Litware 20'' Weather-Shield Performance Box Fan E1601 White,Home Appliances,Litware,5.64,3.0,0.0155,8.0,8.0,5.44,5.73,11.17,Low
2475,Litware 20'' Weather-Shield Performance Box Fan E1601 Black,Home Appliances,Litware,6.81,3.0,0.0187,7.0,7.0,6.57,5.73,12.3,Low
2476,Litware 17'' Oscillating Pedestal Fan M125 Pink,Home Appliances,Litware,1.75,1.0,0.0048,3.0,3.0,5.06,12.07,17.13,Low
2477,Litware 17'' Oscillating Pedestal Fan M125 Yellow,Home Appliances,Litware,2.34,1.0,0.0064,6.0,6.0,6.77,12.07,18.84,Low
2478,Litware 17'' Oscillating Pedestal Fan M125 Blue,Home Appliances,Litware,4.67,1.0,0.0128,7.0,7.0,13.51,12.07,25.58,Medium
2479,Litware 17'' Oscillating Pedestal Fan M125 White,Home Appliances,Litware,0.97,1.0,0.0027,0.0,0.0,2.81,12.07,14.88,Low
2480,Litware 18'' Oscillating Pedestal Fan M135 Pink,Home Appliances,Litware,2.92,1.0,0.008,8.0,8.0,8.45,20.12,28.57,Medium
2481,Litware 18'' Oscillating Pedestal Fan M135 Yellow,Home Appliances,Litware,4.67,1.0,0.0128,6.0,6.0,13.51,20.12,33.63,Medium
2482,Litware 18'' Oscillating Pedestal Fan M135 Blue,Home Appliances,Litware,2.92,1.0,0.008,6.0,6.0,8.45,20.12,28.57,Medium
2483,Litware 18'' Oscillating Pedestal Fan M135 White,Home Appliances,Litware,3.89,1.0,0.0107,6.0,6.0,11.25,20.12,31.37,Medium
2484,Litware 18'' Oscillating Pedestal Fan M145 Pink,Home Appliances,Litware,5.64,1.0,0.0155,6.0,6.0,16.32,22.99,39.31,Medium
2485,Litware 18'' Oscillating Pedestal Fan M145 Yellow,Home Appliances,Litware,3.11,1.0,0.0085,5.0,5.0,9.0,22.99,31.99,Medium
2486,Litware 18'' Oscillating Pedestal Fan M145 Blue,Home Appliances,Litware,0.39,1.0,0.0011,0.0,0.0,1.13,22.99,24.12,Medium
2487,Litware 18'' Oscillating Pedestal Fan M145 White,Home Appliances,Litware,2.34,1.0,0.0064,7.0,7.0,6.77,22.99,29.76,Medium
2488,Contoso Rubberized Skin BlackBerry E100 Black,Cell phones,Contoso,24.13,9.0,0.0661,4.0,4.0,7.76,8.59,16.35,Low
2489,Contoso Rubberized Skin BlackBerry E100 Silver,Cell phones,Contoso,40.28,11.0,0.1104,4.0,4.0,10.59,10.5,21.09,Medium
2490,Contoso Rubberized Skin BlackBerry E100 White,Cell phones,Contoso,28.8,9.0,0.0789,5.0,5.0,9.26,8.59,17.85,Low
2491,Cigarette Lighter Adapter for Contoso Phones E110 Black,Cell phones,Contoso,39.7,8.0,0.1088,6.0,6.0,14.36,12.74,27.1,Medium
2492,Cigarette Lighter Adapter for Contoso Phones E110 White,Cell phones,Contoso,33.08,8.0,0.0906,4.0,4.0,11.96,12.74,24.7,Medium
2493,Cigarette Lighter Adapter for Contoso Phones E110 Red,Cell phones,Contoso,37.95,8.0,0.104,5.0,5.0,13.72,12.74,26.46,Medium
2494,Reusable Phone Screen Protector E120,Cell phones,Contoso,41.45,25.0,0.1136,4.0,4.0,4.8,4.69,9.49,Low
2495,Headphone Adapter for Contoso Phone E130 Black,Cell phones,Contoso,44.56,14.0,0.1221,5.0,5.0,9.21,8.91,18.12,Low
2496,Headphone Adapter for Contoso Phone E130 Silver,Cell phones,Contoso,35.42,13.0,0.097,4.0,4.0,7.88,8.27,16.15,Low
2497,Headphone Adapter for Contoso Phone E130 White,Cell phones,Contoso,35.42,13.0,0.097,5.0,5.0,7.88,8.27,16.15,Low
2498,Contoso Phone Tough Skin Case E140 Black,Cell phones,Contoso,26.85,7.0,0.0736,5.0,5.0,11.1,10.58,21.68,Medium
2499,Contoso Phone Tough Skin Case E140 White,Cell phones,Contoso,34.83,8.0,0.0954,5.0,5.0,12.6,12.09,24.69,Medium
2500,Contoso Phone Tough Skin Case E140 Silver,Cell phones,Contoso,38.33,9.0,0.105,5.0,5.0,12.32,13.6,25.92,Medium
2501,Contoso Phone Tough Skin Case E140 Pink,Cell phones,Contoso,36.78,8.0,0.1008,5.0,5.0,13.3,12.09,25.39,Medium
2502,Contoso Touch Stylus Pen E150 Black,Cell phones,Contoso,33.47,12.0,0.0917,4.0,4.0,8.07,7.64,15.71,Low
2503,Contoso Touch Stylus Pen E150 Silver,Cell phones,Contoso,34.25,12.0,0.0938,4.0,4.0,8.26,7.64,15.9,Low
2504,Contoso Touch Stylus Pen E150 White,Cell phones,Contoso,32.5,12.0,0.089,4.0,4.0,7.84,7.64,15.48,Low
2505,Contoso Touch Stylus Pen E150 Red,Cell phones,Contoso,32.5,12.0,0.089,5.0,5.0,7.84,7.64,15.48,Low
2506,Contoso Rubberized Snap-On Cover Hard Case Cell Phone Protector E160 Pink,Cell phones,Contoso,35.03,18.0,0.096,6.0,6.0,5.63,5.44,11.07,Low
2507,Contoso Rubberized Snap-On Cover Hard Case Cell Phone Protector E160 White,Cell phones,Contoso,25.69,16.0,0.0704,5.0,5.0,4.65,4.84,9.49,Low
2508,Contoso Rubberized Snap-On Cover Hard Case Cell Phone Protector E160 Silver,Cell phones,Contoso,36.58,19.0,0.1002,5.0,5.0,5.57,5.75,11.32,Low
2509,Contoso Original K1m Li-Ion Standard Battery E170 Black,Cell phones,Contoso,37.17,20.0,0.1018,5.0,5.0,5.38,5.18,10.56,Low
2510,Contoso Original K1m Li-Ion Standard Battery E170 White,Cell phones,Contoso,29.77,18.0,0.0816,4.0,4.0,4.78,4.66,9.44,Low
2511,Contoso Original K1m Li-Ion Standard Battery E170 Silver,Cell phones,Contoso,38.53,21.0,0.1056,5.0,5.0,5.31,5.43,10.74,Low
2512,Contoso Bluetooth Active Headphones L15 Black,Cell phones,Contoso,33.86,4.0,0.0928,5.0,5.0,24.49,21.54,46.03,Medium
2513,Contoso Bluetooth Active Headphones L15 Red,Cell phones,Contoso,31.72,4.0,0.0869,5.0,5.0,22.94,21.54,44.48,Medium
2514,Contoso Bluetooth Active Headphones L15 White,Cell phones,Contoso,41.06,5.0,0.1125,6.0,6.0,23.76,26.92,50.68,High
2515,Contoso In-Line Coupler E180 White,Cell phones,Contoso,34.64,22.0,0.0949,5.0,5.0,4.56,4.7,9.26,Low
2516,Contoso In-Line Coupler E180 Black,Cell phones,Contoso,30.36,20.0,0.0832,6.0,6.0,4.39,4.28,8.67,Low
2517,Contoso In-Line Coupler E180 Silver,Cell phones,Contoso,34.05,21.0,0.0933,6.0,6.0,4.69,4.49,9.18,Low
