Exchange_Date,Currency,Exchange
01-01-2015,USD,1
02-01-2015,USD,1
03-01-2015,USD,1
04-01-2015,USD,1
05-01-2015,USD,1
06-01-2015,USD,1
07-01-2015,USD,1
08-01-2015,USD,1
09-01-2015,USD,1
10-01-2015,USD,1
11-01-2015,USD,1
12-01-2015,USD,1
13-01-2015,USD,1
14-01-2015,USD,1
15-01-2015,USD,1
16-01-2015,USD,1
17-01-2015,USD,1
18-01-2015,USD,1
19-01-2015,USD,1
20-01-2015,USD,1
21-01-2015,USD,1
22-01-2015,USD,1
23-01-2015,USD,1
24-01-2015,USD,1
25-01-2015,USD,1
26-01-2015,USD,1
27-01-2015,USD,1
28-01-2015,USD,1
29-01-2015,USD,1
30-01-2015,USD,1
31-01-2015,USD,1
01-02-2015,USD,1
02-02-2015,USD,1
03-02-2015,USD,1
04-02-2015,USD,1
05-02-2015,USD,1
06-02-2015,USD,1
07-02-2015,USD,1
08-02-2015,USD,1
09-02-2015,USD,1
10-02-2015,USD,1
11-02-2015,USD,1
12-02-2015,USD,1
13-02-2015,USD,1
14-02-2015,USD,1
15-02-2015,USD,1
16-02-2015,USD,1
17-02-2015,USD,1
18-02-2015,USD,1
19-02-2015,USD,1
20-02-2015,USD,1
21-02-2015,USD,1
22-02-2015,USD,1
23-02-2015,USD,1
24-02-2015,USD,1
25-02-2015,USD,1
26-02-2015,USD,1
27-02-2015,USD,1
28-02-2015,USD,1
01-03-2015,USD,1
02-03-2015,USD,1
03-03-2015,USD,1
04-03-2015,USD,1
05-03-2015,USD,1
06-03-2015,USD,1
07-03-2015,USD,1
08-03-2015,USD,1
09-03-2015,USD,1
10-03-2015,USD,1
11-03-2015,USD,1
12-03-2015,USD,1
13-03-2015,USD,1
14-03-2015,USD,1
15-03-2015,USD,1
16-03-2015,USD,1
17-03-2015,USD,1
18-03-2015,USD,1
19-03-2015,USD,1
20-03-2015,USD,1
21-03-2015,USD,1
22-03-2015,USD,1
23-03-2015,USD,1
24-03-2015,USD,1
25-03-2015,USD,1
26-03-2015,USD,1
27-03-2015,USD,1
28-03-2015,USD,1
29-03-2015,USD,1
30-03-2015,USD,1
31-03-2015,USD,1
01-04-2015,USD,1
02-04-2015,USD,1
03-04-2015,USD,1
04-04-2015,USD,1
05-04-2015,USD,1
06-04-2015,USD,1
07-04-2015,USD,1
08-04-2015,USD,1
09-04-2015,USD,1
10-04-2015,USD,1
11-04-2015,USD,1
12-04-2015,USD,1
13-04-2015,USD,1
14-04-2015,USD,1
15-04-2015,USD,1
16-04-2015,USD,1
17-04-2015,USD,1
18-04-2015,USD,1
19-04-2015,USD,1
20-04-2015,USD,1
21-04-2015,USD,1
22-04-2015,USD,1
23-04-2015,USD,1
24-04-2015,USD,1
25-04-2015,USD,1
26-04-2015,USD,1
27-04-2015,USD,1
28-04-2015,USD,1
29-04-2015,USD,1
30-04-2015,USD,1
01-05-2015,USD,1
02-05-2015,USD,1
03-05-2015,USD,1
04-05-2015,USD,1
05-05-2015,USD,1
06-05-2015,USD,1
07-05-2015,USD,1
08-05-2015,USD,1
09-05-2015,USD,1
10-05-2015,USD,1
11-05-2015,USD,1
12-05-2015,USD,1
13-05-2015,USD,1
14-05-2015,USD,1
15-05-2015,USD,1
16-05-2015,USD,1
17-05-2015,USD,1
18-05-2015,USD,1
19-05-2015,USD,1
20-05-2015,USD,1
21-05-2015,USD,1
22-05-2015,USD,1
23-05-2015,USD,1
24-05-2015,USD,1
25-05-2015,USD,1
26-05-2015,USD,1
27-05-2015,USD,1
28-05-2015,USD,1
29-05-2015,USD,1
30-05-2015,USD,1
31-05-2015,USD,1
01-06-2015,USD,1
02-06-2015,USD,1
03-06-2015,USD,1
04-06-2015,USD,1
05-06-2015,USD,1
06-06-2015,USD,1
07-06-2015,USD,1
08-06-2015,USD,1
09-06-2015,USD,1
10-06-2015,USD,1
11-06-2015,USD,1
12-06-2015,USD,1
13-06-2015,USD,1
14-06-2015,USD,1
15-06-2015,USD,1
16-06-2015,USD,1
17-06-2015,USD,1
18-06-2015,USD,1
19-06-2015,USD,1
20-06-2015,USD,1
21-06-2015,USD,1
22-06-2015,USD,1
23-06-2015,USD,1
24-06-2015,USD,1
25-06-2015,USD,1
26-06-2015,USD,1
27-06-2015,USD,1
28-06-2015,USD,1
29-06-2015,USD,1
30-06-2015,USD,1
01-07-2015,USD,1
02-07-2015,USD,1
03-07-2015,USD,1
04-07-2015,USD,1
05-07-2015,USD,1
06-07-2015,USD,1
07-07-2015,USD,1
08-07-2015,USD,1
09-07-2015,USD,1
10-07-2015,USD,1
11-07-2015,USD,1
12-07-2015,USD,1
13-07-2015,USD,1
14-07-2015,USD,1
15-07-2015,USD,1
16-07-2015,USD,1
17-07-2015,USD,1
18-07-2015,USD,1
19-07-2015,USD,1
20-07-2015,USD,1
21-07-2015,USD,1
22-07-2015,USD,1
23-07-2015,USD,1
24-07-2015,USD,1
25-07-2015,USD,1
26-07-2015,USD,1
27-07-2015,USD,1
28-07-2015,USD,1
29-07-2015,USD,1
30-07-2015,USD,1
31-07-2015,USD,1
01-08-2015,USD,1
02-08-2015,USD,1
03-08-2015,USD,1
04-08-2015,USD,1
05-08-2015,USD,1
06-08-2015,USD,1
07-08-2015,USD,1
08-08-2015,USD,1
09-08-2015,USD,1
10-08-2015,USD,1
11-08-2015,USD,1
12-08-2015,USD,1
13-08-2015,USD,1
14-08-2015,USD,1
15-08-2015,USD,1
16-08-2015,USD,1
17-08-2015,USD,1
18-08-2015,USD,1
19-08-2015,USD,1
20-08-2015,USD,1
21-08-2015,USD,1
22-08-2015,USD,1
23-08-2015,USD,1
24-08-2015,USD,1
25-08-2015,USD,1
26-08-2015,USD,1
27-08-2015,USD,1
28-08-2015,USD,1
29-08-2015,USD,1
30-08-2015,USD,1
31-08-2015,USD,1
01-09-2015,USD,1
02-09-2015,USD,1
03-09-2015,USD,1
04-09-2015,USD,1
05-09-2015,USD,1
06-09-2015,USD,1
07-09-2015,USD,1
08-09-2015,USD,1
09-09-2015,USD,1
10-09-2015,USD,1
11-09-2015,USD,1
12-09-2015,USD,1
13-09-2015,USD,1
14-09-2015,USD,1
15-09-2015,USD,1
16-09-2015,USD,1
17-09-2015,USD,1
18-09-2015,USD,1
19-09-2015,USD,1
20-09-2015,USD,1
21-09-2015,USD,1
22-09-2015,USD,1
23-09-2015,USD,1
24-09-2015,USD,1
25-09-2015,USD,1
26-09-2015,USD,1
27-09-2015,USD,1
28-09-2015,USD,1
29-09-2015,USD,1
30-09-2015,USD,1
01-10-2015,USD,1
02-10-2015,USD,1
03-10-2015,USD,1
04-10-2015,USD,1
05-10-2015,USD,1
06-10-2015,USD,1
07-10-2015,USD,1
08-10-2015,USD,1
09-10-2015,USD,1
10-10-2015,USD,1
11-10-2015,USD,1
12-10-2015,USD,1
13-10-2015,USD,1
14-10-2015,USD,1
15-10-2015,USD,1
16-10-2015,USD,1
17-10-2015,USD,1
18-10-2015,USD,1
19-10-2015,USD,1
20-10-2015,USD,1
21-10-2015,USD,1
22-10-2015,USD,1
23-10-2015,USD,1
24-10-2015,USD,1
25-10-2015,USD,1
26-10-2015,USD,1
27-10-2015,USD,1
28-10-2015,USD,1
29-10-2015,USD,1
30-10-2015,USD,1
31-10-2015,USD,1
01-11-2015,USD,1
02-11-2015,USD,1
03-11-2015,USD,1
04-11-2015,USD,1
05-11-2015,USD,1
06-11-2015,USD,1
07-11-2015,USD,1
08-11-2015,USD,1
09-11-2015,USD,1
10-11-2015,USD,1
11-11-2015,USD,1
12-11-2015,USD,1
13-11-2015,USD,1
14-11-2015,USD,1
15-11-2015,USD,1
16-11-2015,USD,1
17-11-2015,USD,1
18-11-2015,USD,1
19-11-2015,USD,1
20-11-2015,USD,1
21-11-2015,USD,1
22-11-2015,USD,1
23-11-2015,USD,1
24-11-2015,USD,1
25-11-2015,USD,1
26-11-2015,USD,1
27-11-2015,USD,1
28-11-2015,USD,1
29-11-2015,USD,1
30-11-2015,USD,1
01-12-2015,USD,1
02-12-2015,USD,1
03-12-2015,USD,1
04-12-2015,USD,1
05-12-2015,USD,1
06-12-2015,USD,1
07-12-2015,USD,1
08-12-2015,USD,1
09-12-2015,USD,1
10-12-2015,USD,1
11-12-2015,USD,1
12-12-2015,USD,1
13-12-2015,USD,1
14-12-2015,USD,1
15-12-2015,USD,1
16-12-2015,USD,1
17-12-2015,USD,1
18-12-2015,USD,1
19-12-2015,USD,1
20-12-2015,USD,1
21-12-2015,USD,1
22-12-2015,USD,1
23-12-2015,USD,1
24-12-2015,USD,1
25-12-2015,USD,1
26-12-2015,USD,1
27-12-2015,USD,1
28-12-2015,USD,1
29-12-2015,USD,1
30-12-2015,USD,1
31-12-2015,USD,1
01-01-2016,USD,1
02-01-2016,USD,1
03-01-2016,USD,1
04-01-2016,USD,1
05-01-2016,USD,1
06-01-2016,USD,1
07-01-2016,USD,1
08-01-2016,USD,1
09-01-2016,USD,1
10-01-2016,USD,1
11-01-2016,USD,1
12-01-2016,USD,1
13-01-2016,USD,1
14-01-2016,USD,1
15-01-2016,USD,1
16-01-2016,USD,1
17-01-2016,USD,1
18-01-2016,USD,1
19-01-2016,USD,1
20-01-2016,USD,1
21-01-2016,USD,1
22-01-2016,USD,1
23-01-2016,USD,1
24-01-2016,USD,1
25-01-2016,USD,1
26-01-2016,USD,1
27-01-2016,USD,1
28-01-2016,USD,1
29-01-2016,USD,1
30-01-2016,USD,1
31-01-2016,USD,1
01-02-2016,USD,1
02-02-2016,USD,1
03-02-2016,USD,1
04-02-2016,USD,1
05-02-2016,USD,1
06-02-2016,USD,1
07-02-2016,USD,1
08-02-2016,USD,1
09-02-2016,USD,1
10-02-2016,USD,1
11-02-2016,USD,1
12-02-2016,USD,1
13-02-2016,USD,1
14-02-2016,USD,1
15-02-2016,USD,1
16-02-2016,USD,1
17-02-2016,USD,1
18-02-2016,USD,1
19-02-2016,USD,1
20-02-2016,USD,1
21-02-2016,USD,1
22-02-2016,USD,1
23-02-2016,USD,1
24-02-2016,USD,1
25-02-2016,USD,1
26-02-2016,USD,1
27-02-2016,USD,1
28-02-2016,USD,1
29-02-2016,USD,1
01-03-2016,USD,1
02-03-2016,USD,1
03-03-2016,USD,1
04-03-2016,USD,1
05-03-2016,USD,1
06-03-2016,USD,1
07-03-2016,USD,1
08-03-2016,USD,1
09-03-2016,USD,1
10-03-2016,USD,1
11-03-2016,USD,1
12-03-2016,USD,1
13-03-2016,USD,1
14-03-2016,USD,1
15-03-2016,USD,1
16-03-2016,USD,1
17-03-2016,USD,1
18-03-2016,USD,1
19-03-2016,USD,1
20-03-2016,USD,1
21-03-2016,USD,1
22-03-2016,USD,1
23-03-2016,USD,1
24-03-2016,USD,1
25-03-2016,USD,1
26-03-2016,USD,1
27-03-2016,USD,1
28-03-2016,USD,1
29-03-2016,USD,1
30-03-2016,USD,1
31-03-2016,USD,1
01-04-2016,USD,1
02-04-2016,USD,1
03-04-2016,USD,1
04-04-2016,USD,1
05-04-2016,USD,1
06-04-2016,USD,1
07-04-2016,USD,1
08-04-2016,USD,1
09-04-2016,USD,1
10-04-2016,USD,1
11-04-2016,USD,1
12-04-2016,USD,1
13-04-2016,USD,1
14-04-2016,USD,1
15-04-2016,USD,1
16-04-2016,USD,1
17-04-2016,USD,1
18-04-2016,USD,1
19-04-2016,USD,1
20-04-2016,USD,1
21-04-2016,USD,1
22-04-2016,USD,1
23-04-2016,USD,1
24-04-2016,USD,1
25-04-2016,USD,1
26-04-2016,USD,1
27-04-2016,USD,1
28-04-2016,USD,1
29-04-2016,USD,1
30-04-2016,USD,1
01-05-2016,USD,1
02-05-2016,USD,1
03-05-2016,USD,1
04-05-2016,USD,1
05-05-2016,USD,1
06-05-2016,USD,1
07-05-2016,USD,1
08-05-2016,USD,1
09-05-2016,USD,1
10-05-2016,USD,1
11-05-2016,USD,1
12-05-2016,USD,1
13-05-2016,USD,1
14-05-2016,USD,1
15-05-2016,USD,1
16-05-2016,USD,1
17-05-2016,USD,1
18-05-2016,USD,1
19-05-2016,USD,1
20-05-2016,USD,1
21-05-2016,USD,1
22-05-2016,USD,1
23-05-2016,USD,1
24-05-2016,USD,1
25-05-2016,USD,1
26-05-2016,USD,1
27-05-2016,USD,1
28-05-2016,USD,1
29-05-2016,USD,1
30-05-2016,USD,1
31-05-2016,USD,1
01-06-2016,USD,1
02-06-2016,USD,1
03-06-2016,USD,1
04-06-2016,USD,1
05-06-2016,USD,1
06-06-2016,USD,1
07-06-2016,USD,1
08-06-2016,USD,1
09-06-2016,USD,1
10-06-2016,USD,1
11-06-2016,USD,1
12-06-2016,USD,1
13-06-2016,USD,1
14-06-2016,USD,1
15-06-2016,USD,1
16-06-2016,USD,1
17-06-2016,USD,1
18-06-2016,USD,1
19-06-2016,USD,1
20-06-2016,USD,1
21-06-2016,USD,1
22-06-2016,USD,1
23-06-2016,USD,1
24-06-2016,USD,1
25-06-2016,USD,1
26-06-2016,USD,1
27-06-2016,USD,1
28-06-2016,USD,1
29-06-2016,USD,1
30-06-2016,USD,1
01-07-2016,USD,1
02-07-2016,USD,1
03-07-2016,USD,1
04-07-2016,USD,1
05-07-2016,USD,1
06-07-2016,USD,1
07-07-2016,USD,1
08-07-2016,USD,1
09-07-2016,USD,1
10-07-2016,USD,1
11-07-2016,USD,1
12-07-2016,USD,1
13-07-2016,USD,1
14-07-2016,USD,1
15-07-2016,USD,1
16-07-2016,USD,1
17-07-2016,USD,1
18-07-2016,USD,1
19-07-2016,USD,1
20-07-2016,USD,1
21-07-2016,USD,1
22-07-2016,USD,1
23-07-2016,USD,1
24-07-2016,USD,1
25-07-2016,USD,1
26-07-2016,USD,1
27-07-2016,USD,1
28-07-2016,USD,1
29-07-2016,USD,1
30-07-2016,USD,1
31-07-2016,USD,1
01-08-2016,USD,1
02-08-2016,USD,1
03-08-2016,USD,1
04-08-2016,USD,1
05-08-2016,USD,1
06-08-2016,USD,1
07-08-2016,USD,1
08-08-2016,USD,1
09-08-2016,USD,1
10-08-2016,USD,1
11-08-2016,USD,1
12-08-2016,USD,1
13-08-2016,USD,1
14-08-2016,USD,1
15-08-2016,USD,1
16-08-2016,USD,1
17-08-2016,USD,1
18-08-2016,USD,1
19-08-2016,USD,1
20-08-2016,USD,1
21-08-2016,USD,1
22-08-2016,USD,1
23-08-2016,USD,1
24-08-2016,USD,1
25-08-2016,USD,1
26-08-2016,USD,1
27-08-2016,USD,1
28-08-2016,USD,1
29-08-2016,USD,1
30-08-2016,USD,1
31-08-2016,USD,1
01-09-2016,USD,1
02-09-2016,USD,1
03-09-2016,USD,1
04-09-2016,USD,1
05-09-2016,USD,1
06-09-2016,USD,1
07-09-2016,USD,1
08-09-2016,USD,1
09-09-2016,USD,1
10-09-2016,USD,1
11-09-2016,USD,1
12-09-2016,USD,1
13-09-2016,USD,1
14-09-2016,USD,1
15-09-2016,USD,1
16-09-2016,USD,1
17-09-2016,USD,1
18-09-2016,USD,1
19-09-2016,USD,1
20-09-2016,USD,1
21-09-2016,USD,1
22-09-2016,USD,1
23-09-2016,USD,1
24-09-2016,USD,1
25-09-2016,USD,1
26-09-2016,USD,1
27-09-2016,USD,1
28-09-2016,USD,1
29-09-2016,USD,1
30-09-2016,USD,1
01-10-2016,USD,1
02-10-2016,USD,1
03-10-2016,USD,1
04-10-2016,USD,1
05-10-2016,USD,1
06-10-2016,USD,1
07-10-2016,USD,1
08-10-2016,USD,1
09-10-2016,USD,1
10-10-2016,USD,1
11-10-2016,USD,1
12-10-2016,USD,1
13-10-2016,USD,1
14-10-2016,USD,1
15-10-2016,USD,1
16-10-2016,USD,1
17-10-2016,USD,1
18-10-2016,USD,1
19-10-2016,USD,1
20-10-2016,USD,1
21-10-2016,USD,1
22-10-2016,USD,1
23-10-2016,USD,1
24-10-2016,USD,1
25-10-2016,USD,1
26-10-2016,USD,1
27-10-2016,USD,1
28-10-2016,USD,1
29-10-2016,USD,1
30-10-2016,USD,1
31-10-2016,USD,1
01-11-2016,USD,1
02-11-2016,USD,1
03-11-2016,USD,1
04-11-2016,USD,1
05-11-2016,USD,1
06-11-2016,USD,1
07-11-2016,USD,1
08-11-2016,USD,1
09-11-2016,USD,1
10-11-2016,USD,1
11-11-2016,USD,1
12-11-2016,USD,1
13-11-2016,USD,1
14-11-2016,USD,1
15-11-2016,USD,1
16-11-2016,USD,1
17-11-2016,USD,1
18-11-2016,USD,1
19-11-2016,USD,1
20-11-2016,USD,1
21-11-2016,USD,1
22-11-2016,USD,1
23-11-2016,USD,1
24-11-2016,USD,1
25-11-2016,USD,1
26-11-2016,USD,1
27-11-2016,USD,1
28-11-2016,USD,1
29-11-2016,USD,1
30-11-2016,USD,1
01-12-2016,USD,1
02-12-2016,USD,1
03-12-2016,USD,1
04-12-2016,USD,1
05-12-2016,USD,1
06-12-2016,USD,1
07-12-2016,USD,1
08-12-2016,USD,1
09-12-2016,USD,1
10-12-2016,USD,1
11-12-2016,USD,1
12-12-2016,USD,1
13-12-2016,USD,1
14-12-2016,USD,1
15-12-2016,USD,1
16-12-2016,USD,1
17-12-2016,USD,1
18-12-2016,USD,1
19-12-2016,USD,1
20-12-2016,USD,1
21-12-2016,USD,1
22-12-2016,USD,1
23-12-2016,USD,1
24-12-2016,USD,1
25-12-2016,USD,1
26-12-2016,USD,1
27-12-2016,USD,1
28-12-2016,USD,1
29-12-2016,USD,1
30-12-2016,USD,1
31-12-2016,USD,1
01-01-2017,USD,1
02-01-2017,USD,1
03-01-2017,USD,1
04-01-2017,USD,1
05-01-2017,USD,1
06-01-2017,USD,1
07-01-2017,USD,1
08-01-2017,USD,1
09-01-2017,USD,1
10-01-2017,USD,1
11-01-2017,USD,1
12-01-2017,USD,1
13-01-2017,USD,1
14-01-2017,USD,1
15-01-2017,USD,1
16-01-2017,USD,1
17-01-2017,USD,1
18-01-2017,USD,1
19-01-2017,USD,1
20-01-2017,USD,1
21-01-2017,USD,1
22-01-2017,USD,1
23-01-2017,USD,1
24-01-2017,USD,1
25-01-2017,USD,1
26-01-2017,USD,1
27-01-2017,USD,1
28-01-2017,USD,1
29-01-2017,USD,1
30-01-2017,USD,1
31-01-2017,USD,1
01-02-2017,USD,1
02-02-2017,USD,1
03-02-2017,USD,1
04-02-2017,USD,1
05-02-2017,USD,1
06-02-2017,USD,1
07-02-2017,USD,1
08-02-2017,USD,1
09-02-2017,USD,1
10-02-2017,USD,1
11-02-2017,USD,1
12-02-2017,USD,1
13-02-2017,USD,1
14-02-2017,USD,1
15-02-2017,USD,1
16-02-2017,USD,1
17-02-2017,USD,1
18-02-2017,USD,1
19-02-2017,USD,1
20-02-2017,USD,1
21-02-2017,USD,1
22-02-2017,USD,1
23-02-2017,USD,1
24-02-2017,USD,1
25-02-2017,USD,1
26-02-2017,USD,1
27-02-2017,USD,1
28-02-2017,USD,1
01-03-2017,USD,1
02-03-2017,USD,1
03-03-2017,USD,1
04-03-2017,USD,1
05-03-2017,USD,1
06-03-2017,USD,1
07-03-2017,USD,1
08-03-2017,USD,1
09-03-2017,USD,1
10-03-2017,USD,1
11-03-2017,USD,1
12-03-2017,USD,1
13-03-2017,USD,1
14-03-2017,USD,1
15-03-2017,USD,1
16-03-2017,USD,1
17-03-2017,USD,1
18-03-2017,USD,1
19-03-2017,USD,1
20-03-2017,USD,1
21-03-2017,USD,1
22-03-2017,USD,1
23-03-2017,USD,1
24-03-2017,USD,1
25-03-2017,USD,1
26-03-2017,USD,1
27-03-2017,USD,1
28-03-2017,USD,1
29-03-2017,USD,1
30-03-2017,USD,1
31-03-2017,USD,1
01-04-2017,USD,1
02-04-2017,USD,1
03-04-2017,USD,1
04-04-2017,USD,1
05-04-2017,USD,1
06-04-2017,USD,1
07-04-2017,USD,1
08-04-2017,USD,1
09-04-2017,USD,1
10-04-2017,USD,1
11-04-2017,USD,1
12-04-2017,USD,1
13-04-2017,USD,1
14-04-2017,USD,1
15-04-2017,USD,1
16-04-2017,USD,1
17-04-2017,USD,1
18-04-2017,USD,1
19-04-2017,USD,1
20-04-2017,USD,1
21-04-2017,USD,1
22-04-2017,USD,1
23-04-2017,USD,1
24-04-2017,USD,1
25-04-2017,USD,1
26-04-2017,USD,1
27-04-2017,USD,1
28-04-2017,USD,1
29-04-2017,USD,1
30-04-2017,USD,1
01-05-2017,USD,1
02-05-2017,USD,1
03-05-2017,USD,1
04-05-2017,USD,1
05-05-2017,USD,1
06-05-2017,USD,1
07-05-2017,USD,1
08-05-2017,USD,1
09-05-2017,USD,1
10-05-2017,USD,1
11-05-2017,USD,1
12-05-2017,USD,1
13-05-2017,USD,1
14-05-2017,USD,1
15-05-2017,USD,1
16-05-2017,USD,1
17-05-2017,USD,1
18-05-2017,USD,1
19-05-2017,USD,1
20-05-2017,USD,1
21-05-2017,USD,1
22-05-2017,USD,1
23-05-2017,USD,1
24-05-2017,USD,1
25-05-2017,USD,1
26-05-2017,USD,1
27-05-2017,USD,1
28-05-2017,USD,1
29-05-2017,USD,1
30-05-2017,USD,1
31-05-2017,USD,1
01-06-2017,USD,1
02-06-2017,USD,1
03-06-2017,USD,1
04-06-2017,USD,1
05-06-2017,USD,1
06-06-2017,USD,1
07-06-2017,USD,1
08-06-2017,USD,1
09-06-2017,USD,1
10-06-2017,USD,1
11-06-2017,USD,1
12-06-2017,USD,1
13-06-2017,USD,1
14-06-2017,USD,1
15-06-2017,USD,1
16-06-2017,USD,1
17-06-2017,USD,1
18-06-2017,USD,1
19-06-2017,USD,1
20-06-2017,USD,1
21-06-2017,USD,1
22-06-2017,USD,1
23-06-2017,USD,1
24-06-2017,USD,1
25-06-2017,USD,1
26-06-2017,USD,1
27-06-2017,USD,1
28-06-2017,USD,1
29-06-2017,USD,1
30-06-2017,USD,1
01-07-2017,USD,1
02-07-2017,USD,1
03-07-2017,USD,1
04-07-2017,USD,1
05-07-2017,USD,1
06-07-2017,USD,1
07-07-2017,USD,1
08-07-2017,USD,1
09-07-2017,USD,1
10-07-2017,USD,1
11-07-2017,USD,1
12-07-2017,USD,1
13-07-2017,USD,1
14-07-2017,USD,1
15-07-2017,USD,1
16-07-2017,USD,1
17-07-2017,USD,1
18-07-2017,USD,1
19-07-2017,USD,1
20-07-2017,USD,1
21-07-2017,USD,1
22-07-2017,USD,1
23-07-2017,USD,1
24-07-2017,USD,1
25-07-2017,USD,1
26-07-2017,USD,1
27-07-2017,USD,1
28-07-2017,USD,1
29-07-2017,USD,1
30-07-2017,USD,1
31-07-2017,USD,1
01-08-2017,USD,1
02-08-2017,USD,1
03-08-2017,USD,1
04-08-2017,USD,1
05-08-2017,USD,1
06-08-2017,USD,1
07-08-2017,USD,1
08-08-2017,USD,1
09-08-2017,USD,1
10-08-2017,USD,1
11-08-2017,USD,1
12-08-2017,USD,1
13-08-2017,USD,1
14-08-2017,USD,1
15-08-2017,USD,1
16-08-2017,USD,1
17-08-2017,USD,1
18-08-2017,USD,1
19-08-2017,USD,1
20-08-2017,USD,1
21-08-2017,USD,1
22-08-2017,USD,1
23-08-2017,USD,1
24-08-2017,USD,1
25-08-2017,USD,1
26-08-2017,USD,1
27-08-2017,USD,1
28-08-2017,USD,1
29-08-2017,USD,1
30-08-2017,USD,1
31-08-2017,USD,1
01-09-2017,USD,1
02-09-2017,USD,1
03-09-2017,USD,1
04-09-2017,USD,1
05-09-2017,USD,1
06-09-2017,USD,1
07-09-2017,USD,1
08-09-2017,USD,1
09-09-2017,USD,1
10-09-2017,USD,1
11-09-2017,USD,1
12-09-2017,USD,1
13-09-2017,USD,1
14-09-2017,USD,1
15-09-2017,USD,1
16-09-2017,USD,1
17-09-2017,USD,1
18-09-2017,USD,1
19-09-2017,USD,1
20-09-2017,USD,1
21-09-2017,USD,1
22-09-2017,USD,1
23-09-2017,USD,1
24-09-2017,USD,1
25-09-2017,USD,1
26-09-2017,USD,1
27-09-2017,USD,1
28-09-2017,USD,1
29-09-2017,USD,1
30-09-2017,USD,1
01-10-2017,USD,1
02-10-2017,USD,1
03-10-2017,USD,1
04-10-2017,USD,1
05-10-2017,USD,1
06-10-2017,USD,1
07-10-2017,USD,1
08-10-2017,USD,1
09-10-2017,USD,1
10-10-2017,USD,1
11-10-2017,USD,1
12-10-2017,USD,1
13-10-2017,USD,1
14-10-2017,USD,1
15-10-2017,USD,1
16-10-2017,USD,1
17-10-2017,USD,1
18-10-2017,USD,1
19-10-2017,USD,1
20-10-2017,USD,1
21-10-2017,USD,1
22-10-2017,USD,1
23-10-2017,USD,1
24-10-2017,USD,1
25-10-2017,USD,1
26-10-2017,USD,1
27-10-2017,USD,1
28-10-2017,USD,1
29-10-2017,USD,1
30-10-2017,USD,1
31-10-2017,USD,1
01-11-2017,USD,1
02-11-2017,USD,1
03-11-2017,USD,1
04-11-2017,USD,1
05-11-2017,USD,1
06-11-2017,USD,1
07-11-2017,USD,1
08-11-2017,USD,1
09-11-2017,USD,1
10-11-2017,USD,1
11-11-2017,USD,1
12-11-2017,USD,1
13-11-2017,USD,1
14-11-2017,USD,1
15-11-2017,USD,1
16-11-2017,USD,1
17-11-2017,USD,1
18-11-2017,USD,1
19-11-2017,USD,1
20-11-2017,USD,1
21-11-2017,USD,1
22-11-2017,USD,1
23-11-2017,USD,1
24-11-2017,USD,1
25-11-2017,USD,1
26-11-2017,USD,1
27-11-2017,USD,1
28-11-2017,USD,1
29-11-2017,USD,1
30-11-2017,USD,1
01-12-2017,USD,1
02-12-2017,USD,1
03-12-2017,USD,1
04-12-2017,USD,1
05-12-2017,USD,1
06-12-2017,USD,1
07-12-2017,USD,1
08-12-2017,USD,1
09-12-2017,USD,1
10-12-2017,USD,1
11-12-2017,USD,1
12-12-2017,USD,1
13-12-2017,USD,1
14-12-2017,USD,1
15-12-2017,USD,1
16-12-2017,USD,1
17-12-2017,USD,1
18-12-2017,USD,1
19-12-2017,USD,1
20-12-2017,USD,1
21-12-2017,USD,1
22-12-2017,USD,1
23-12-2017,USD,1
24-12-2017,USD,1
25-12-2017,USD,1
26-12-2017,USD,1
27-12-2017,USD,1
28-12-2017,USD,1
29-12-2017,USD,1
30-12-2017,USD,1
31-12-2017,USD,1
01-01-2018,USD,1
02-01-2018,USD,1
03-01-2018,USD,1
04-01-2018,USD,1
05-01-2018,USD,1
06-01-2018,USD,1
07-01-2018,USD,1
08-01-2018,USD,1
09-01-2018,USD,1
10-01-2018,USD,1
11-01-2018,USD,1
12-01-2018,USD,1
13-01-2018,USD,1
14-01-2018,USD,1
15-01-2018,USD,1
16-01-2018,USD,1
17-01-2018,USD,1
18-01-2018,USD,1
19-01-2018,USD,1
20-01-2018,USD,1
21-01-2018,USD,1
22-01-2018,USD,1
23-01-2018,USD,1
24-01-2018,USD,1
25-01-2018,USD,1
26-01-2018,USD,1
27-01-2018,USD,1
28-01-2018,USD,1
29-01-2018,USD,1
30-01-2018,USD,1
31-01-2018,USD,1
01-02-2018,USD,1
02-02-2018,USD,1
03-02-2018,USD,1
04-02-2018,USD,1
05-02-2018,USD,1
06-02-2018,USD,1
07-02-2018,USD,1
08-02-2018,USD,1
09-02-2018,USD,1
10-02-2018,USD,1
11-02-2018,USD,1
12-02-2018,USD,1
13-02-2018,USD,1
14-02-2018,USD,1
15-02-2018,USD,1
16-02-2018,USD,1
17-02-2018,USD,1
18-02-2018,USD,1
19-02-2018,USD,1
20-02-2018,USD,1
21-02-2018,USD,1
22-02-2018,USD,1
23-02-2018,USD,1
24-02-2018,USD,1
25-02-2018,USD,1
26-02-2018,USD,1
27-02-2018,USD,1
28-02-2018,USD,1
01-03-2018,USD,1
02-03-2018,USD,1
03-03-2018,USD,1
04-03-2018,USD,1
05-03-2018,USD,1
06-03-2018,USD,1
07-03-2018,USD,1
08-03-2018,USD,1
09-03-2018,USD,1
10-03-2018,USD,1
11-03-2018,USD,1
12-03-2018,USD,1
13-03-2018,USD,1
14-03-2018,USD,1
15-03-2018,USD,1
16-03-2018,USD,1
17-03-2018,USD,1
18-03-2018,USD,1
19-03-2018,USD,1
20-03-2018,USD,1
21-03-2018,USD,1
22-03-2018,USD,1
23-03-2018,USD,1
24-03-2018,USD,1
25-03-2018,USD,1
26-03-2018,USD,1
27-03-2018,USD,1
28-03-2018,USD,1
29-03-2018,USD,1
30-03-2018,USD,1
31-03-2018,USD,1
01-04-2018,USD,1
02-04-2018,USD,1
03-04-2018,USD,1
04-04-2018,USD,1
05-04-2018,USD,1
06-04-2018,USD,1
07-04-2018,USD,1
08-04-2018,USD,1
09-04-2018,USD,1
10-04-2018,USD,1
11-04-2018,USD,1
12-04-2018,USD,1
13-04-2018,USD,1
14-04-2018,USD,1
15-04-2018,USD,1
16-04-2018,USD,1
17-04-2018,USD,1
18-04-2018,USD,1
19-04-2018,USD,1
20-04-2018,USD,1
21-04-2018,USD,1
22-04-2018,USD,1
23-04-2018,USD,1
24-04-2018,USD,1
25-04-2018,USD,1
26-04-2018,USD,1
27-04-2018,USD,1
28-04-2018,USD,1
29-04-2018,USD,1
30-04-2018,USD,1
01-05-2018,USD,1
02-05-2018,USD,1
03-05-2018,USD,1
04-05-2018,USD,1
05-05-2018,USD,1
06-05-2018,USD,1
07-05-2018,USD,1
08-05-2018,USD,1
09-05-2018,USD,1
10-05-2018,USD,1
11-05-2018,USD,1
12-05-2018,USD,1
13-05-2018,USD,1
14-05-2018,USD,1
15-05-2018,USD,1
16-05-2018,USD,1
17-05-2018,USD,1
18-05-2018,USD,1
19-05-2018,USD,1
20-05-2018,USD,1
21-05-2018,USD,1
22-05-2018,USD,1
23-05-2018,USD,1
24-05-2018,USD,1
25-05-2018,USD,1
26-05-2018,USD,1
27-05-2018,USD,1
28-05-2018,USD,1
29-05-2018,USD,1
30-05-2018,USD,1
31-05-2018,USD,1
01-06-2018,USD,1
02-06-2018,USD,1
03-06-2018,USD,1
04-06-2018,USD,1
05-06-2018,USD,1
06-06-2018,USD,1
07-06-2018,USD,1
08-06-2018,USD,1
09-06-2018,USD,1
10-06-2018,USD,1
11-06-2018,USD,1
12-06-2018,USD,1
13-06-2018,USD,1
14-06-2018,USD,1
15-06-2018,USD,1
16-06-2018,USD,1
17-06-2018,USD,1
18-06-2018,USD,1
19-06-2018,USD,1
20-06-2018,USD,1
21-06-2018,USD,1
22-06-2018,USD,1
23-06-2018,USD,1
24-06-2018,USD,1
25-06-2018,USD,1
26-06-2018,USD,1
27-06-2018,USD,1
28-06-2018,USD,1
29-06-2018,USD,1
30-06-2018,USD,1
01-07-2018,USD,1
02-07-2018,USD,1
03-07-2018,USD,1
04-07-2018,USD,1
05-07-2018,USD,1
06-07-2018,USD,1
07-07-2018,USD,1
08-07-2018,USD,1
09-07-2018,USD,1
10-07-2018,USD,1
11-07-2018,USD,1
12-07-2018,USD,1
13-07-2018,USD,1
14-07-2018,USD,1
15-07-2018,USD,1
16-07-2018,USD,1
17-07-2018,USD,1
18-07-2018,USD,1
19-07-2018,USD,1
20-07-2018,USD,1
21-07-2018,USD,1
22-07-2018,USD,1
23-07-2018,USD,1
24-07-2018,USD,1
25-07-2018,USD,1
26-07-2018,USD,1
27-07-2018,USD,1
28-07-2018,USD,1
29-07-2018,USD,1
30-07-2018,USD,1
31-07-2018,USD,1
01-08-2018,USD,1
02-08-2018,USD,1
03-08-2018,USD,1
04-08-2018,USD,1
05-08-2018,USD,1
06-08-2018,USD,1
07-08-2018,USD,1
08-08-2018,USD,1
09-08-2018,USD,1
10-08-2018,USD,1
11-08-2018,USD,1
12-08-2018,USD,1
13-08-2018,USD,1
14-08-2018,USD,1
15-08-2018,USD,1
16-08-2018,USD,1
17-08-2018,USD,1
18-08-2018,USD,1
19-08-2018,USD,1
20-08-2018,USD,1
21-08-2018,USD,1
22-08-2018,USD,1
23-08-2018,USD,1
24-08-2018,USD,1
25-08-2018,USD,1
26-08-2018,USD,1
27-08-2018,USD,1
28-08-2018,USD,1
29-08-2018,USD,1
30-08-2018,USD,1
31-08-2018,USD,1
01-09-2018,USD,1
02-09-2018,USD,1
03-09-2018,USD,1
04-09-2018,USD,1
05-09-2018,USD,1
06-09-2018,USD,1
07-09-2018,USD,1
08-09-2018,USD,1
09-09-2018,USD,1
10-09-2018,USD,1
11-09-2018,USD,1
12-09-2018,USD,1
13-09-2018,USD,1
14-09-2018,USD,1
15-09-2018,USD,1
16-09-2018,USD,1
17-09-2018,USD,1
18-09-2018,USD,1
19-09-2018,USD,1
20-09-2018,USD,1
21-09-2018,USD,1
22-09-2018,USD,1
23-09-2018,USD,1
24-09-2018,USD,1
25-09-2018,USD,1
26-09-2018,USD,1
27-09-2018,USD,1
28-09-2018,USD,1
29-09-2018,USD,1
30-09-2018,USD,1
01-10-2018,USD,1
02-10-2018,USD,1
03-10-2018,USD,1
04-10-2018,USD,1
05-10-2018,USD,1
06-10-2018,USD,1
07-10-2018,USD,1
08-10-2018,USD,1
09-10-2018,USD,1
10-10-2018,USD,1
11-10-2018,USD,1
12-10-2018,USD,1
13-10-2018,USD,1
14-10-2018,USD,1
15-10-2018,USD,1
16-10-2018,USD,1
17-10-2018,USD,1
18-10-2018,USD,1
19-10-2018,USD,1
20-10-2018,USD,1
21-10-2018,USD,1
22-10-2018,USD,1
23-10-2018,USD,1
24-10-2018,USD,1
25-10-2018,USD,1
26-10-2018,USD,1
27-10-2018,USD,1
28-10-2018,USD,1
29-10-2018,USD,1
30-10-2018,USD,1
31-10-2018,USD,1
01-11-2018,USD,1
02-11-2018,USD,1
03-11-2018,USD,1
04-11-2018,USD,1
05-11-2018,USD,1
06-11-2018,USD,1
07-11-2018,USD,1
08-11-2018,USD,1
09-11-2018,USD,1
10-11-2018,USD,1
11-11-2018,USD,1
12-11-2018,USD,1
13-11-2018,USD,1
14-11-2018,USD,1
15-11-2018,USD,1
16-11-2018,USD,1
17-11-2018,USD,1
18-11-2018,USD,1
19-11-2018,USD,1
20-11-2018,USD,1
21-11-2018,USD,1
22-11-2018,USD,1
23-11-2018,USD,1
24-11-2018,USD,1
25-11-2018,USD,1
26-11-2018,USD,1
27-11-2018,USD,1
28-11-2018,USD,1
29-11-2018,USD,1
30-11-2018,USD,1
01-12-2018,USD,1
02-12-2018,USD,1
03-12-2018,USD,1
04-12-2018,USD,1
05-12-2018,USD,1
06-12-2018,USD,1
07-12-2018,USD,1
08-12-2018,USD,1
09-12-2018,USD,1
10-12-2018,USD,1
11-12-2018,USD,1
12-12-2018,USD,1
13-12-2018,USD,1
14-12-2018,USD,1
15-12-2018,USD,1
16-12-2018,USD,1
17-12-2018,USD,1
18-12-2018,USD,1
19-12-2018,USD,1
20-12-2018,USD,1
21-12-2018,USD,1
22-12-2018,USD,1
23-12-2018,USD,1
24-12-2018,USD,1
25-12-2018,USD,1
26-12-2018,USD,1
27-12-2018,USD,1
28-12-2018,USD,1
29-12-2018,USD,1
30-12-2018,USD,1
31-12-2018,USD,1
01-01-2019,USD,1
02-01-2019,USD,1
03-01-2019,USD,1
04-01-2019,USD,1
05-01-2019,USD,1
06-01-2019,USD,1
07-01-2019,USD,1
08-01-2019,USD,1
09-01-2019,USD,1
10-01-2019,USD,1
11-01-2019,USD,1
12-01-2019,USD,1
13-01-2019,USD,1
14-01-2019,USD,1
15-01-2019,USD,1
16-01-2019,USD,1
17-01-2019,USD,1
18-01-2019,USD,1
19-01-2019,USD,1
20-01-2019,USD,1
21-01-2019,USD,1
22-01-2019,USD,1
23-01-2019,USD,1
24-01-2019,USD,1
25-01-2019,USD,1
26-01-2019,USD,1
27-01-2019,USD,1
28-01-2019,USD,1
29-01-2019,USD,1
30-01-2019,USD,1
31-01-2019,USD,1
01-02-2019,USD,1
02-02-2019,USD,1
03-02-2019,USD,1
04-02-2019,USD,1
05-02-2019,USD,1
06-02-2019,USD,1
07-02-2019,USD,1
08-02-2019,USD,1
09-02-2019,USD,1
10-02-2019,USD,1
11-02-2019,USD,1
12-02-2019,USD,1
13-02-2019,USD,1
14-02-2019,USD,1
15-02-2019,USD,1
16-02-2019,USD,1
17-02-2019,USD,1
18-02-2019,USD,1
19-02-2019,USD,1
20-02-2019,USD,1
21-02-2019,USD,1
22-02-2019,USD,1
23-02-2019,USD,1
24-02-2019,USD,1
25-02-2019,USD,1
26-02-2019,USD,1
27-02-2019,USD,1
28-02-2019,USD,1
01-03-2019,USD,1
02-03-2019,USD,1
03-03-2019,USD,1
04-03-2019,USD,1
05-03-2019,USD,1
06-03-2019,USD,1
07-03-2019,USD,1
08-03-2019,USD,1
09-03-2019,USD,1
10-03-2019,USD,1
11-03-2019,USD,1
12-03-2019,USD,1
13-03-2019,USD,1
14-03-2019,USD,1
15-03-2019,USD,1
16-03-2019,USD,1
17-03-2019,USD,1
18-03-2019,USD,1
19-03-2019,USD,1
20-03-2019,USD,1
21-03-2019,USD,1
22-03-2019,USD,1
23-03-2019,USD,1
24-03-2019,USD,1
25-03-2019,USD,1
26-03-2019,USD,1
27-03-2019,USD,1
28-03-2019,USD,1
29-03-2019,USD,1
30-03-2019,USD,1
31-03-2019,USD,1
01-04-2019,USD,1
02-04-2019,USD,1
03-04-2019,USD,1
04-04-2019,USD,1
05-04-2019,USD,1
06-04-2019,USD,1
07-04-2019,USD,1
08-04-2019,USD,1
09-04-2019,USD,1
10-04-2019,USD,1
11-04-2019,USD,1
12-04-2019,USD,1
13-04-2019,USD,1
14-04-2019,USD,1
15-04-2019,USD,1
16-04-2019,USD,1
17-04-2019,USD,1
18-04-2019,USD,1
19-04-2019,USD,1
20-04-2019,USD,1
21-04-2019,USD,1
22-04-2019,USD,1
23-04-2019,USD,1
24-04-2019,USD,1
25-04-2019,USD,1
26-04-2019,USD,1
27-04-2019,USD,1
28-04-2019,USD,1
29-04-2019,USD,1
30-04-2019,USD,1
01-05-2019,USD,1
02-05-2019,USD,1
03-05-2019,USD,1
04-05-2019,USD,1
05-05-2019,USD,1
06-05-2019,USD,1
07-05-2019,USD,1
08-05-2019,USD,1
09-05-2019,USD,1
10-05-2019,USD,1
11-05-2019,USD,1
12-05-2019,USD,1
13-05-2019,USD,1
14-05-2019,USD,1
15-05-2019,USD,1
16-05-2019,USD,1
17-05-2019,USD,1
18-05-2019,USD,1
19-05-2019,USD,1
20-05-2019,USD,1
21-05-2019,USD,1
22-05-2019,USD,1
23-05-2019,USD,1
24-05-2019,USD,1
25-05-2019,USD,1
26-05-2019,USD,1
27-05-2019,USD,1
28-05-2019,USD,1
29-05-2019,USD,1
30-05-2019,USD,1
31-05-2019,USD,1
01-06-2019,USD,1
02-06-2019,USD,1
03-06-2019,USD,1
04-06-2019,USD,1
05-06-2019,USD,1
06-06-2019,USD,1
07-06-2019,USD,1
08-06-2019,USD,1
09-06-2019,USD,1
10-06-2019,USD,1
11-06-2019,USD,1
12-06-2019,USD,1
13-06-2019,USD,1
14-06-2019,USD,1
15-06-2019,USD,1
16-06-2019,USD,1
17-06-2019,USD,1
18-06-2019,USD,1
19-06-2019,USD,1
20-06-2019,USD,1
21-06-2019,USD,1
22-06-2019,USD,1
23-06-2019,USD,1
24-06-2019,USD,1
25-06-2019,USD,1
26-06-2019,USD,1
27-06-2019,USD,1
28-06-2019,USD,1
29-06-2019,USD,1
30-06-2019,USD,1
01-07-2019,USD,1
02-07-2019,USD,1
03-07-2019,USD,1
04-07-2019,USD,1
05-07-2019,USD,1
06-07-2019,USD,1
07-07-2019,USD,1
08-07-2019,USD,1
09-07-2019,USD,1
10-07-2019,USD,1
11-07-2019,USD,1
12-07-2019,USD,1
13-07-2019,USD,1
14-07-2019,USD,1
15-07-2019,USD,1
16-07-2019,USD,1
17-07-2019,USD,1
18-07-2019,USD,1
19-07-2019,USD,1
20-07-2019,USD,1
21-07-2019,USD,1
22-07-2019,USD,1
23-07-2019,USD,1
24-07-2019,USD,1
25-07-2019,USD,1
26-07-2019,USD,1
27-07-2019,USD,1
28-07-2019,USD,1
29-07-2019,USD,1
30-07-2019,USD,1
31-07-2019,USD,1
01-08-2019,USD,1
02-08-2019,USD,1
03-08-2019,USD,1
04-08-2019,USD,1
05-08-2019,USD,1
06-08-2019,USD,1
07-08-2019,USD,1
08-08-2019,USD,1
09-08-2019,USD,1
10-08-2019,USD,1
11-08-2019,USD,1
12-08-2019,USD,1
13-08-2019,USD,1
14-08-2019,USD,1
15-08-2019,USD,1
16-08-2019,USD,1
17-08-2019,USD,1
18-08-2019,USD,1
19-08-2019,USD,1
20-08-2019,USD,1
21-08-2019,USD,1
22-08-2019,USD,1
23-08-2019,USD,1
24-08-2019,USD,1
25-08-2019,USD,1
26-08-2019,USD,1
27-08-2019,USD,1
28-08-2019,USD,1
29-08-2019,USD,1
30-08-2019,USD,1
31-08-2019,USD,1
01-09-2019,USD,1
02-09-2019,USD,1
03-09-2019,USD,1
04-09-2019,USD,1
05-09-2019,USD,1
06-09-2019,USD,1
07-09-2019,USD,1
08-09-2019,USD,1
09-09-2019,USD,1
10-09-2019,USD,1
11-09-2019,USD,1
12-09-2019,USD,1
13-09-2019,USD,1
14-09-2019,USD,1
15-09-2019,USD,1
16-09-2019,USD,1
17-09-2019,USD,1
18-09-2019,USD,1
19-09-2019,USD,1
20-09-2019,USD,1
21-09-2019,USD,1
22-09-2019,USD,1
23-09-2019,USD,1
24-09-2019,USD,1
25-09-2019,USD,1
26-09-2019,USD,1
27-09-2019,USD,1
28-09-2019,USD,1
29-09-2019,USD,1
30-09-2019,USD,1
01-10-2019,USD,1
02-10-2019,USD,1
03-10-2019,USD,1
04-10-2019,USD,1
05-10-2019,USD,1
06-10-2019,USD,1
07-10-2019,USD,1
08-10-2019,USD,1
09-10-2019,USD,1
10-10-2019,USD,1
11-10-2019,USD,1
12-10-2019,USD,1
13-10-2019,USD,1
14-10-2019,USD,1
15-10-2019,USD,1
16-10-2019,USD,1
17-10-2019,USD,1
18-10-2019,USD,1
19-10-2019,USD,1
20-10-2019,USD,1
21-10-2019,USD,1
22-10-2019,USD,1
23-10-2019,USD,1
24-10-2019,USD,1
25-10-2019,USD,1
26-10-2019,USD,1
27-10-2019,USD,1
28-10-2019,USD,1
29-10-2019,USD,1
30-10-2019,USD,1
31-10-2019,USD,1
01-11-2019,USD,1
02-11-2019,USD,1
03-11-2019,USD,1
04-11-2019,USD,1
05-11-2019,USD,1
06-11-2019,USD,1
07-11-2019,USD,1
08-11-2019,USD,1
09-11-2019,USD,1
10-11-2019,USD,1
11-11-2019,USD,1
12-11-2019,USD,1
13-11-2019,USD,1
14-11-2019,USD,1
15-11-2019,USD,1
16-11-2019,USD,1
17-11-2019,USD,1
18-11-2019,USD,1
19-11-2019,USD,1
20-11-2019,USD,1
21-11-2019,USD,1
22-11-2019,USD,1
23-11-2019,USD,1
24-11-2019,USD,1
25-11-2019,USD,1
26-11-2019,USD,1
27-11-2019,USD,1
28-11-2019,USD,1
29-11-2019,USD,1
30-11-2019,USD,1
01-12-2019,USD,1
02-12-2019,USD,1
03-12-2019,USD,1
04-12-2019,USD,1
05-12-2019,USD,1
06-12-2019,USD,1
07-12-2019,USD,1
08-12-2019,USD,1
09-12-2019,USD,1
10-12-2019,USD,1
11-12-2019,USD,1
12-12-2019,USD,1
13-12-2019,USD,1
14-12-2019,USD,1
15-12-2019,USD,1
16-12-2019,USD,1
17-12-2019,USD,1
18-12-2019,USD,1
19-12-2019,USD,1
20-12-2019,USD,1
21-12-2019,USD,1
22-12-2019,USD,1
23-12-2019,USD,1
24-12-2019,USD,1
25-12-2019,USD,1
26-12-2019,USD,1
27-12-2019,USD,1
28-12-2019,USD,1
29-12-2019,USD,1
30-12-2019,USD,1
31-12-2019,USD,1
01-01-2020,USD,1
02-01-2020,USD,1
03-01-2020,USD,1
04-01-2020,USD,1
05-01-2020,USD,1
06-01-2020,USD,1
07-01-2020,USD,1
08-01-2020,USD,1
09-01-2020,USD,1
10-01-2020,USD,1
11-01-2020,USD,1
12-01-2020,USD,1
13-01-2020,USD,1
14-01-2020,USD,1
15-01-2020,USD,1
16-01-2020,USD,1
17-01-2020,USD,1
18-01-2020,USD,1
19-01-2020,USD,1
20-01-2020,USD,1
21-01-2020,USD,1
22-01-2020,USD,1
23-01-2020,USD,1
24-01-2020,USD,1
25-01-2020,USD,1
26-01-2020,USD,1
27-01-2020,USD,1
28-01-2020,USD,1
29-01-2020,USD,1
30-01-2020,USD,1
31-01-2020,USD,1
01-02-2020,USD,1
02-02-2020,USD,1
03-02-2020,USD,1
04-02-2020,USD,1
05-02-2020,USD,1
06-02-2020,USD,1
07-02-2020,USD,1
08-02-2020,USD,1
09-02-2020,USD,1
10-02-2020,USD,1
11-02-2020,USD,1
12-02-2020,USD,1
13-02-2020,USD,1
14-02-2020,USD,1
15-02-2020,USD,1
16-02-2020,USD,1
17-02-2020,USD,1
18-02-2020,USD,1
19-02-2020,USD,1
20-02-2020,USD,1
21-02-2020,USD,1
22-02-2020,USD,1
23-02-2020,USD,1
24-02-2020,USD,1
25-02-2020,USD,1
26-02-2020,USD,1
27-02-2020,USD,1
28-02-2020,USD,1
29-02-2020,USD,1
01-03-2020,USD,1
02-03-2020,USD,1
03-03-2020,USD,1
04-03-2020,USD,1
05-03-2020,USD,1
06-03-2020,USD,1
07-03-2020,USD,1
08-03-2020,USD,1
09-03-2020,USD,1
10-03-2020,USD,1
11-03-2020,USD,1
12-03-2020,USD,1
13-03-2020,USD,1
14-03-2020,USD,1
15-03-2020,USD,1
16-03-2020,USD,1
17-03-2020,USD,1
18-03-2020,USD,1
19-03-2020,USD,1
20-03-2020,USD,1
21-03-2020,USD,1
22-03-2020,USD,1
23-03-2020,USD,1
24-03-2020,USD,1
25-03-2020,USD,1
26-03-2020,USD,1
27-03-2020,USD,1
28-03-2020,USD,1
29-03-2020,USD,1
30-03-2020,USD,1
31-03-2020,USD,1
01-04-2020,USD,1
02-04-2020,USD,1
03-04-2020,USD,1
04-04-2020,USD,1
05-04-2020,USD,1
06-04-2020,USD,1
07-04-2020,USD,1
08-04-2020,USD,1
09-04-2020,USD,1
10-04-2020,USD,1
11-04-2020,USD,1
12-04-2020,USD,1
13-04-2020,USD,1
14-04-2020,USD,1
15-04-2020,USD,1
16-04-2020,USD,1
17-04-2020,USD,1
18-04-2020,USD,1
19-04-2020,USD,1
20-04-2020,USD,1
21-04-2020,USD,1
22-04-2020,USD,1
23-04-2020,USD,1
24-04-2020,USD,1
25-04-2020,USD,1
26-04-2020,USD,1
27-04-2020,USD,1
28-04-2020,USD,1
29-04-2020,USD,1
30-04-2020,USD,1
01-05-2020,USD,1
02-05-2020,USD,1
03-05-2020,USD,1
04-05-2020,USD,1
05-05-2020,USD,1
06-05-2020,USD,1
07-05-2020,USD,1
08-05-2020,USD,1
09-05-2020,USD,1
10-05-2020,USD,1
11-05-2020,USD,1
12-05-2020,USD,1
13-05-2020,USD,1
14-05-2020,USD,1
15-05-2020,USD,1
16-05-2020,USD,1
17-05-2020,USD,1
18-05-2020,USD,1
19-05-2020,USD,1
20-05-2020,USD,1
21-05-2020,USD,1
22-05-2020,USD,1
23-05-2020,USD,1
24-05-2020,USD,1
25-05-2020,USD,1
26-05-2020,USD,1
27-05-2020,USD,1
28-05-2020,USD,1
29-05-2020,USD,1
30-05-2020,USD,1
31-05-2020,USD,1
01-06-2020,USD,1
02-06-2020,USD,1
03-06-2020,USD,1
04-06-2020,USD,1
05-06-2020,USD,1
06-06-2020,USD,1
07-06-2020,USD,1
08-06-2020,USD,1
09-06-2020,USD,1
10-06-2020,USD,1
11-06-2020,USD,1
12-06-2020,USD,1
13-06-2020,USD,1
14-06-2020,USD,1
15-06-2020,USD,1
16-06-2020,USD,1
17-06-2020,USD,1
18-06-2020,USD,1
19-06-2020,USD,1
20-06-2020,USD,1
21-06-2020,USD,1
22-06-2020,USD,1
23-06-2020,USD,1
24-06-2020,USD,1
25-06-2020,USD,1
26-06-2020,USD,1
27-06-2020,USD,1
28-06-2020,USD,1
29-06-2020,USD,1
30-06-2020,USD,1
01-07-2020,USD,1
02-07-2020,USD,1
03-07-2020,USD,1
04-07-2020,USD,1
05-07-2020,USD,1
06-07-2020,USD,1
07-07-2020,USD,1
08-07-2020,USD,1
09-07-2020,USD,1
10-07-2020,USD,1
11-07-2020,USD,1
12-07-2020,USD,1
13-07-2020,USD,1
14-07-2020,USD,1
15-07-2020,USD,1
16-07-2020,USD,1
17-07-2020,USD,1
18-07-2020,USD,1
19-07-2020,USD,1
20-07-2020,USD,1
21-07-2020,USD,1
22-07-2020,USD,1
23-07-2020,USD,1
24-07-2020,USD,1
25-07-2020,USD,1
26-07-2020,USD,1
27-07-2020,USD,1
28-07-2020,USD,1
29-07-2020,USD,1
30-07-2020,USD,1
31-07-2020,USD,1
01-08-2020,USD,1
02-08-2020,USD,1
03-08-2020,USD,1
04-08-2020,USD,1
05-08-2020,USD,1
06-08-2020,USD,1
07-08-2020,USD,1
08-08-2020,USD,1
09-08-2020,USD,1
10-08-2020,USD,1
11-08-2020,USD,1
12-08-2020,USD,1
13-08-2020,USD,1
14-08-2020,USD,1
15-08-2020,USD,1
16-08-2020,USD,1
17-08-2020,USD,1
18-08-2020,USD,1
19-08-2020,USD,1
20-08-2020,USD,1
21-08-2020,USD,1
22-08-2020,USD,1
23-08-2020,USD,1
24-08-2020,USD,1
25-08-2020,USD,1
26-08-2020,USD,1
27-08-2020,USD,1
28-08-2020,USD,1
29-08-2020,USD,1
30-08-2020,USD,1
31-08-2020,USD,1
01-09-2020,USD,1
02-09-2020,USD,1
03-09-2020,USD,1
04-09-2020,USD,1
05-09-2020,USD,1
06-09-2020,USD,1
07-09-2020,USD,1
08-09-2020,USD,1
09-09-2020,USD,1
10-09-2020,USD,1
11-09-2020,USD,1
12-09-2020,USD,1
13-09-2020,USD,1
14-09-2020,USD,1
15-09-2020,USD,1
16-09-2020,USD,1
17-09-2020,USD,1
18-09-2020,USD,1
19-09-2020,USD,1
20-09-2020,USD,1
21-09-2020,USD,1
22-09-2020,USD,1
23-09-2020,USD,1
24-09-2020,USD,1
25-09-2020,USD,1
26-09-2020,USD,1
27-09-2020,USD,1
28-09-2020,USD,1
29-09-2020,USD,1
30-09-2020,USD,1
01-10-2020,USD,1
02-10-2020,USD,1
03-10-2020,USD,1
04-10-2020,USD,1
05-10-2020,USD,1
06-10-2020,USD,1
07-10-2020,USD,1
08-10-2020,USD,1
09-10-2020,USD,1
10-10-2020,USD,1
11-10-2020,USD,1
12-10-2020,USD,1
13-10-2020,USD,1
14-10-2020,USD,1
15-10-2020,USD,1
16-10-2020,USD,1
17-10-2020,USD,1
18-10-2020,USD,1
19-10-2020,USD,1
20-10-2020,USD,1
21-10-2020,USD,1
22-10-2020,USD,1
23-10-2020,USD,1
24-10-2020,USD,1
25-10-2020,USD,1
26-10-2020,USD,1
27-10-2020,USD,1
28-10-2020,USD,1
29-10-2020,USD,1
30-10-2020,USD,1
31-10-2020,USD,1
01-11-2020,USD,1
02-11-2020,USD,1
03-11-2020,USD,1
04-11-2020,USD,1
05-11-2020,USD,1
06-11-2020,USD,1
07-11-2020,USD,1
08-11-2020,USD,1
09-11-2020,USD,1
10-11-2020,USD,1
11-11-2020,USD,1
12-11-2020,USD,1
13-11-2020,USD,1
14-11-2020,USD,1
15-11-2020,USD,1
16-11-2020,USD,1
17-11-2020,USD,1
18-11-2020,USD,1
19-11-2020,USD,1
20-11-2020,USD,1
21-11-2020,USD,1
22-11-2020,USD,1
23-11-2020,USD,1
24-11-2020,USD,1
25-11-2020,USD,1
26-11-2020,USD,1
27-11-2020,USD,1
28-11-2020,USD,1
29-11-2020,USD,1
30-11-2020,USD,1
01-12-2020,USD,1
02-12-2020,USD,1
03-12-2020,USD,1
04-12-2020,USD,1
05-12-2020,USD,1
06-12-2020,USD,1
07-12-2020,USD,1
08-12-2020,USD,1
09-12-2020,USD,1
10-12-2020,USD,1
11-12-2020,USD,1
12-12-2020,USD,1
13-12-2020,USD,1
14-12-2020,USD,1
15-12-2020,USD,1
16-12-2020,USD,1
17-12-2020,USD,1
18-12-2020,USD,1
19-12-2020,USD,1
20-12-2020,USD,1
21-12-2020,USD,1
22-12-2020,USD,1
23-12-2020,USD,1
24-12-2020,USD,1
25-12-2020,USD,1
26-12-2020,USD,1
27-12-2020,USD,1
28-12-2020,USD,1
29-12-2020,USD,1
30-12-2020,USD,1
31-12-2020,USD,1
01-01-2021,USD,1
02-01-2021,USD,1
03-01-2021,USD,1
04-01-2021,USD,1
05-01-2021,USD,1
06-01-2021,USD,1
07-01-2021,USD,1
08-01-2021,USD,1
09-01-2021,USD,1
10-01-2021,USD,1
11-01-2021,USD,1
12-01-2021,USD,1
13-01-2021,USD,1
14-01-2021,USD,1
15-01-2021,USD,1
16-01-2021,USD,1
17-01-2021,USD,1
18-01-2021,USD,1
19-01-2021,USD,1
20-01-2021,USD,1
21-01-2021,USD,1
22-01-2021,USD,1
23-01-2021,USD,1
24-01-2021,USD,1
25-01-2021,USD,1
26-01-2021,USD,1
27-01-2021,USD,1
28-01-2021,USD,1
29-01-2021,USD,1
30-01-2021,USD,1
31-01-2021,USD,1
01-02-2021,USD,1
02-02-2021,USD,1
03-02-2021,USD,1
04-02-2021,USD,1
05-02-2021,USD,1
06-02-2021,USD,1
07-02-2021,USD,1
08-02-2021,USD,1
09-02-2021,USD,1
10-02-2021,USD,1
11-02-2021,USD,1
12-02-2021,USD,1
13-02-2021,USD,1
14-02-2021,USD,1
15-02-2021,USD,1
16-02-2021,USD,1
17-02-2021,USD,1
18-02-2021,USD,1
19-02-2021,USD,1
20-02-2021,USD,1
01-01-2015,GBP,0.6415
02-01-2015,GBP,0.6477
03-01-2015,GBP,0.6477
04-01-2015,GBP,0.6477
05-01-2015,GBP,0.6569
06-01-2015,GBP,0.6582
07-01-2015,GBP,0.6612
08-01-2015,GBP,0.6637
09-01-2015,GBP,0.6602
10-01-2015,GBP,0.6602
11-01-2015,GBP,0.6602
12-01-2015,GBP,0.66
13-01-2015,GBP,0.6592
14-01-2015,GBP,0.6584
15-01-2015,GBP,0.6553
16-01-2015,GBP,0.659
17-01-2015,GBP,0.659
18-01-2015,GBP,0.659
19-01-2015,GBP,0.6604
20-01-2015,GBP,0.6596
21-01-2015,GBP,0.6617
22-01-2015,GBP,0.6579
23-01-2015,GBP,0.6674
24-01-2015,GBP,0.6674
25-01-2015,GBP,0.6674
26-01-2015,GBP,0.6661
27-01-2015,GBP,0.6609
28-01-2015,GBP,0.6581
29-01-2015,GBP,0.6608
30-01-2015,GBP,0.6644
31-01-2015,GBP,0.6644
01-02-2015,GBP,0.6644
02-02-2015,GBP,0.6654
03-02-2015,GBP,0.6628
04-02-2015,GBP,0.6566
05-02-2015,GBP,0.6557
06-02-2015,GBP,0.6528
07-02-2015,GBP,0.6528
08-02-2015,GBP,0.6528
09-02-2015,GBP,0.6576
10-02-2015,GBP,0.6568
11-02-2015,GBP,0.6537
12-02-2015,GBP,0.6511
13-02-2015,GBP,0.6503
14-02-2015,GBP,0.6503
15-02-2015,GBP,0.6503
16-02-2015,GBP,0.6505
17-02-2015,GBP,0.6512
18-02-2015,GBP,0.6483
19-02-2015,GBP,0.648
20-02-2015,GBP,0.6504
21-02-2015,GBP,0.6504
22-02-2015,GBP,0.6504
23-02-2015,GBP,0.6507
24-02-2015,GBP,0.6483
25-02-2015,GBP,0.6459
26-02-2015,GBP,0.6451
27-02-2015,GBP,0.6475
28-02-2015,GBP,0.6475
01-03-2015,GBP,0.6475
02-03-2015,GBP,0.6497
03-03-2015,GBP,0.6515
04-03-2015,GBP,0.6526
05-03-2015,GBP,0.6551
06-03-2015,GBP,0.6586
07-03-2015,GBP,0.6586
08-03-2015,GBP,0.6586
09-03-2015,GBP,0.6617
10-03-2015,GBP,0.6638
11-03-2015,GBP,0.6651
12-03-2015,GBP,0.6681
13-03-2015,GBP,0.6766
14-03-2015,GBP,0.6766
15-03-2015,GBP,0.6766
16-03-2015,GBP,0.6755
17-03-2015,GBP,0.677
18-03-2015,GBP,0.6826
19-03-2015,GBP,0.6728
20-03-2015,GBP,0.6733
21-03-2015,GBP,0.6733
22-03-2015,GBP,0.6733
23-03-2015,GBP,0.6706
24-03-2015,GBP,0.6707
25-03-2015,GBP,0.6705
26-03-2015,GBP,0.6717
27-03-2015,GBP,0.6723
28-03-2015,GBP,0.6723
29-03-2015,GBP,0.6723
30-03-2015,GBP,0.6757
31-03-2015,GBP,0.676
01-04-2015,GBP,0.6774
02-04-2015,GBP,0.6755
03-04-2015,GBP,0.6755
04-04-2015,GBP,0.6755
05-04-2015,GBP,0.6755
06-04-2015,GBP,0.6755
07-04-2015,GBP,0.6717
08-04-2015,GBP,0.6688
09-04-2015,GBP,0.6746
10-04-2015,GBP,0.6853
11-04-2015,GBP,0.6853
12-04-2015,GBP,0.6853
13-04-2015,GBP,0.6838
14-04-2015,GBP,0.6832
15-04-2015,GBP,0.6776
16-04-2015,GBP,0.6712
17-04-2015,GBP,0.6657
18-04-2015,GBP,0.6657
19-04-2015,GBP,0.6657
20-04-2015,GBP,0.671
21-04-2015,GBP,0.6717
22-04-2015,GBP,0.6636
23-04-2015,GBP,0.6656
24-04-2015,GBP,0.6614
25-04-2015,GBP,0.6614
26-04-2015,GBP,0.6614
27-04-2015,GBP,0.6618
28-04-2015,GBP,0.6543
29-04-2015,GBP,0.6509
30-04-2015,GBP,0.648
01-05-2015,GBP,0.648
02-05-2015,GBP,0.648
03-05-2015,GBP,0.648
04-05-2015,GBP,0.6617
05-05-2015,GBP,0.6611
06-05-2015,GBP,0.6568
07-05-2015,GBP,0.6568
08-05-2015,GBP,0.6488
09-05-2015,GBP,0.6488
10-05-2015,GBP,0.6488
11-05-2015,GBP,0.6458
12-05-2015,GBP,0.6374
13-05-2015,GBP,0.6393
14-05-2015,GBP,0.6332
15-05-2015,GBP,0.6366
16-05-2015,GBP,0.6366
17-05-2015,GBP,0.6366
18-05-2015,GBP,0.6383
19-05-2015,GBP,0.6457
20-05-2015,GBP,0.6437
21-05-2015,GBP,0.6377
22-05-2015,GBP,0.6394
23-05-2015,GBP,0.6394
24-05-2015,GBP,0.6394
25-05-2015,GBP,0.6467
26-05-2015,GBP,0.6495
27-05-2015,GBP,0.6508
28-05-2015,GBP,0.6538
29-05-2015,GBP,0.6554
30-05-2015,GBP,0.6554
31-05-2015,GBP,0.6554
01-06-2015,GBP,0.6572
02-06-2015,GBP,0.6567
03-06-2015,GBP,0.6534
04-06-2015,GBP,0.6498
05-06-2015,GBP,0.6523
06-06-2015,GBP,0.6523
07-06-2015,GBP,0.6523
08-06-2015,GBP,0.6556
09-06-2015,GBP,0.6537
10-06-2015,GBP,0.6458
11-06-2015,GBP,0.6469
12-06-2015,GBP,0.6457
13-06-2015,GBP,0.6457
14-06-2015,GBP,0.6457
15-06-2015,GBP,0.6449
16-06-2015,GBP,0.6404
17-06-2015,GBP,0.6357
18-06-2015,GBP,0.6285
19-06-2015,GBP,0.6314
20-06-2015,GBP,0.6314
21-06-2015,GBP,0.6314
22-06-2015,GBP,0.6319
23-06-2015,GBP,0.6338
24-06-2015,GBP,0.6348
25-06-2015,GBP,0.6359
26-06-2015,GBP,0.6359
27-06-2015,GBP,0.6359
28-06-2015,GBP,0.6359
29-06-2015,GBP,0.6364
30-06-2015,GBP,0.6358
01-07-2015,GBP,0.6388
02-07-2015,GBP,0.6419
03-07-2015,GBP,0.6401
04-07-2015,GBP,0.6401
05-07-2015,GBP,0.6401
06-07-2015,GBP,0.6432
07-07-2015,GBP,0.6474
08-07-2015,GBP,0.6507
09-07-2015,GBP,0.6492
10-07-2015,GBP,0.6444
11-07-2015,GBP,0.6444
12-07-2015,GBP,0.6444
13-07-2015,GBP,0.6439
14-07-2015,GBP,0.6422
15-07-2015,GBP,0.6399
16-07-2015,GBP,0.6424
17-07-2015,GBP,0.6413
18-07-2015,GBP,0.6413
19-07-2015,GBP,0.6413
20-07-2015,GBP,0.6424
21-07-2015,GBP,0.643
22-07-2015,GBP,0.6404
23-07-2015,GBP,0.6404
24-07-2015,GBP,0.6462
25-07-2015,GBP,0.6462
26-07-2015,GBP,0.6462
27-07-2015,GBP,0.6445
28-07-2015,GBP,0.6416
29-07-2015,GBP,0.6394
30-07-2015,GBP,0.6399
31-07-2015,GBP,0.642
01-08-2015,GBP,0.642
02-08-2015,GBP,0.642
03-08-2015,GBP,0.6418
04-08-2015,GBP,0.6404
05-08-2015,GBP,0.6398
06-08-2015,GBP,0.6444
07-08-2015,GBP,0.6445
08-08-2015,GBP,0.6445
09-08-2015,GBP,0.6445
10-08-2015,GBP,0.6452
11-08-2015,GBP,0.6412
12-08-2015,GBP,0.6409
13-08-2015,GBP,0.6397
14-08-2015,GBP,0.6396
15-08-2015,GBP,0.6396
16-08-2015,GBP,0.6396
17-08-2015,GBP,0.6401
18-08-2015,GBP,0.6367
19-08-2015,GBP,0.6384
20-08-2015,GBP,0.6383
21-08-2015,GBP,0.6381
22-08-2015,GBP,0.6381
23-08-2015,GBP,0.6381
24-08-2015,GBP,0.6351
25-08-2015,GBP,0.6336
26-08-2015,GBP,0.6415
27-08-2015,GBP,0.648
28-08-2015,GBP,0.6497
29-08-2015,GBP,0.6497
30-08-2015,GBP,0.6497
31-08-2015,GBP,0.6487
01-09-2015,GBP,0.6522
02-09-2015,GBP,0.6547
03-09-2015,GBP,0.6541
04-09-2015,GBP,0.6568
05-09-2015,GBP,0.6568
06-09-2015,GBP,0.6568
07-09-2015,GBP,0.6553
08-09-2015,GBP,0.649
09-09-2015,GBP,0.651
10-09-2015,GBP,0.6496
11-09-2015,GBP,0.6484
12-09-2015,GBP,0.6484
13-09-2015,GBP,0.6484
14-09-2015,GBP,0.6487
15-09-2015,GBP,0.6489
16-09-2015,GBP,0.6472
17-09-2015,GBP,0.6441
18-09-2015,GBP,0.6391
19-09-2015,GBP,0.6391
20-09-2015,GBP,0.6391
21-09-2015,GBP,0.6438
22-09-2015,GBP,0.6475
23-09-2015,GBP,0.6544
24-09-2015,GBP,0.6571
25-09-2015,GBP,0.6589
26-09-2015,GBP,0.6589
27-09-2015,GBP,0.6589
28-09-2015,GBP,0.6582
29-09-2015,GBP,0.6597
30-09-2015,GBP,0.6592
01-10-2015,GBP,0.6605
02-10-2015,GBP,0.6593
03-10-2015,GBP,0.6593
04-10-2015,GBP,0.6593
05-10-2015,GBP,0.6588
06-10-2015,GBP,0.6592
07-10-2015,GBP,0.6531
08-10-2015,GBP,0.6545
09-10-2015,GBP,0.6519
10-10-2015,GBP,0.6519
11-10-2015,GBP,0.6519
12-10-2015,GBP,0.6508
13-10-2015,GBP,0.6576
14-10-2015,GBP,0.6501
15-10-2015,GBP,0.6466
16-10-2015,GBP,0.6475
17-10-2015,GBP,0.6475
18-10-2015,GBP,0.6475
19-10-2015,GBP,0.6456
20-10-2015,GBP,0.6464
21-10-2015,GBP,0.6473
22-10-2015,GBP,0.6465
23-10-2015,GBP,0.6492
24-10-2015,GBP,0.6492
25-10-2015,GBP,0.6492
26-10-2015,GBP,0.6524
27-10-2015,GBP,0.6522
28-10-2015,GBP,0.6539
29-10-2015,GBP,0.6557
30-10-2015,GBP,0.6519
31-10-2015,GBP,0.6519
01-11-2015,GBP,0.6519
02-11-2015,GBP,0.6465
03-11-2015,GBP,0.6497
04-11-2015,GBP,0.6487
05-11-2015,GBP,0.6548
06-11-2015,GBP,0.6606
07-11-2015,GBP,0.6606
08-11-2015,GBP,0.6606
09-11-2015,GBP,0.6627
10-11-2015,GBP,0.6614
11-11-2015,GBP,0.6588
12-11-2015,GBP,0.6586
13-11-2015,GBP,0.6569
14-11-2015,GBP,0.6569
15-11-2015,GBP,0.6569
16-11-2015,GBP,0.6582
17-11-2015,GBP,0.6576
18-11-2015,GBP,0.6571
19-11-2015,GBP,0.6548
20-11-2015,GBP,0.6559
21-11-2015,GBP,0.6559
22-11-2015,GBP,0.6559
23-11-2015,GBP,0.6608
24-11-2015,GBP,0.663
25-11-2015,GBP,0.6629
26-11-2015,GBP,0.6623
27-11-2015,GBP,0.6644
28-11-2015,GBP,0.6644
29-11-2015,GBP,0.6644
30-11-2015,GBP,0.6662
01-12-2015,GBP,0.6638
02-12-2015,GBP,0.6652
03-12-2015,GBP,0.6674
04-12-2015,GBP,0.6605
05-12-2015,GBP,0.6605
06-12-2015,GBP,0.6605
07-12-2015,GBP,0.664
08-12-2015,GBP,0.6686
09-12-2015,GBP,0.6627
10-12-2015,GBP,0.6612
11-12-2015,GBP,0.6597
12-12-2015,GBP,0.6597
13-12-2015,GBP,0.6597
14-12-2015,GBP,0.661
15-12-2015,GBP,0.6599
16-12-2015,GBP,0.6661
17-12-2015,GBP,0.6702
18-12-2015,GBP,0.6706
19-12-2015,GBP,0.6706
20-12-2015,GBP,0.6706
21-12-2015,GBP,0.6714
22-12-2015,GBP,0.6722
23-12-2015,GBP,0.6715
24-12-2015,GBP,0.6707
25-12-2015,GBP,0.6707
26-12-2015,GBP,0.6707
27-12-2015,GBP,0.6707
28-12-2015,GBP,0.6708
29-12-2015,GBP,0.6757
30-12-2015,GBP,0.6754
31-12-2015,GBP,0.6742
01-01-2016,GBP,0.6742
02-01-2016,GBP,0.6742
03-01-2016,GBP,0.6742
04-01-2016,GBP,0.6773
05-01-2016,GBP,0.6815
06-01-2016,GBP,0.6837
07-01-2016,GBP,0.6859
08-01-2016,GBP,0.6861
09-01-2016,GBP,0.6861
10-01-2016,GBP,0.6861
11-01-2016,GBP,0.6861
12-01-2016,GBP,0.6929
13-01-2016,GBP,0.6936
14-01-2016,GBP,0.695
15-01-2016,GBP,0.6977
16-01-2016,GBP,0.6977
17-01-2016,GBP,0.6977
18-01-2016,GBP,0.7002
19-01-2016,GBP,0.7037
20-01-2016,GBP,0.706
21-01-2016,GBP,0.7085
22-01-2016,GBP,0.6982
23-01-2016,GBP,0.6982
24-01-2016,GBP,0.6982
25-01-2016,GBP,0.7017
26-01-2016,GBP,0.7022
27-01-2016,GBP,0.6977
28-01-2016,GBP,0.6991
29-01-2016,GBP,0.6997
30-01-2016,GBP,0.6997
31-01-2016,GBP,0.6997
01-02-2016,GBP,0.6992
02-02-2016,GBP,0.6948
03-02-2016,GBP,0.689
04-02-2016,GBP,0.6835
05-02-2016,GBP,0.6872
06-02-2016,GBP,0.6872
07-02-2016,GBP,0.6872
08-02-2016,GBP,0.6958
09-02-2016,GBP,0.6937
10-02-2016,GBP,0.6869
11-02-2016,GBP,0.6939
12-02-2016,GBP,0.6894
13-02-2016,GBP,0.6894
14-02-2016,GBP,0.6894
15-02-2016,GBP,0.6905
16-02-2016,GBP,0.6948
17-02-2016,GBP,0.6989
18-02-2016,GBP,0.696
19-02-2016,GBP,0.7004
20-02-2016,GBP,0.7004
21-02-2016,GBP,0.7004
22-02-2016,GBP,0.7096
23-02-2016,GBP,0.7088
24-02-2016,GBP,0.7188
25-02-2016,GBP,0.7157
26-02-2016,GBP,0.7155
27-02-2016,GBP,0.7155
28-02-2016,GBP,0.7155
29-02-2016,GBP,0.7217
01-03-2016,GBP,0.7156
02-03-2016,GBP,0.7131
03-03-2016,GBP,0.7103
04-03-2016,GBP,0.7063
05-03-2016,GBP,0.7063
06-03-2016,GBP,0.7063
07-03-2016,GBP,0.707
08-03-2016,GBP,0.7037
09-03-2016,GBP,0.703
10-03-2016,GBP,0.7067
11-03-2016,GBP,0.6997
12-03-2016,GBP,0.6997
13-03-2016,GBP,0.6997
14-03-2016,GBP,0.6964
15-03-2016,GBP,0.7054
16-03-2016,GBP,0.7116
17-03-2016,GBP,0.6915
18-03-2016,GBP,0.6903
19-03-2016,GBP,0.6903
20-03-2016,GBP,0.6903
21-03-2016,GBP,0.6947
22-03-2016,GBP,0.7027
23-03-2016,GBP,0.7071
24-03-2016,GBP,0.7077
25-03-2016,GBP,0.7077
26-03-2016,GBP,0.7077
27-03-2016,GBP,0.7077
28-03-2016,GBP,0.7077
29-03-2016,GBP,0.7008
30-03-2016,GBP,0.6939
31-03-2016,GBP,0.6953
01-04-2016,GBP,0.6988
02-04-2016,GBP,0.6988
03-04-2016,GBP,0.6988
04-04-2016,GBP,0.7007
05-04-2016,GBP,0.7052
06-04-2016,GBP,0.7128
07-04-2016,GBP,0.7104
08-04-2016,GBP,0.7105
09-04-2016,GBP,0.7105
10-04-2016,GBP,0.7105
11-04-2016,GBP,0.7029
12-04-2016,GBP,0.7006
13-04-2016,GBP,0.7027
14-04-2016,GBP,0.7071
15-04-2016,GBP,0.7052
16-04-2016,GBP,0.7052
17-04-2016,GBP,0.7052
18-04-2016,GBP,0.7056
19-04-2016,GBP,0.6962
20-04-2016,GBP,0.6951
21-04-2016,GBP,0.693
22-04-2016,GBP,0.6955
23-04-2016,GBP,0.6955
24-04-2016,GBP,0.6955
25-04-2016,GBP,0.6893
26-04-2016,GBP,0.6865
27-04-2016,GBP,0.6854
28-04-2016,GBP,0.6853
29-04-2016,GBP,0.6842
30-04-2016,GBP,0.6842
01-05-2016,GBP,0.6842
02-05-2016,GBP,0.6808
03-05-2016,GBP,0.6837
04-05-2016,GBP,0.6891
05-05-2016,GBP,0.6894
06-05-2016,GBP,0.69
07-05-2016,GBP,0.69
08-05-2016,GBP,0.69
09-05-2016,GBP,0.6933
10-05-2016,GBP,0.6924
11-05-2016,GBP,0.6921
12-05-2016,GBP,0.6927
13-05-2016,GBP,0.694
14-05-2016,GBP,0.694
15-05-2016,GBP,0.694
16-05-2016,GBP,0.6959
17-05-2016,GBP,0.6905
18-05-2016,GBP,0.687
19-05-2016,GBP,0.684
20-05-2016,GBP,0.6864
21-05-2016,GBP,0.6864
22-05-2016,GBP,0.6864
23-05-2016,GBP,0.6905
24-05-2016,GBP,0.6851
25-05-2016,GBP,0.6812
26-05-2016,GBP,0.6802
27-05-2016,GBP,0.6827
28-05-2016,GBP,0.6827
29-05-2016,GBP,0.6827
30-05-2016,GBP,0.6834
31-05-2016,GBP,0.683
01-06-2016,GBP,0.6923
02-06-2016,GBP,0.6912
03-06-2016,GBP,0.6929
04-06-2016,GBP,0.6929
05-06-2016,GBP,0.6929
06-06-2016,GBP,0.6936
07-06-2016,GBP,0.6863
08-06-2016,GBP,0.686
09-06-2016,GBP,0.6915
10-06-2016,GBP,0.6943
11-06-2016,GBP,0.6943
12-06-2016,GBP,0.6943
13-06-2016,GBP,0.7057
14-06-2016,GBP,0.708
15-06-2016,GBP,0.7049
16-06-2016,GBP,0.7073
17-06-2016,GBP,0.6999
18-06-2016,GBP,0.6999
19-06-2016,GBP,0.6999
20-06-2016,GBP,0.6828
21-06-2016,GBP,0.6784
22-06-2016,GBP,0.6806
23-06-2016,GBP,0.6725
24-06-2016,GBP,0.7297
25-06-2016,GBP,0.7297
26-06-2016,GBP,0.7297
27-06-2016,GBP,0.7583
28-06-2016,GBP,0.747
29-06-2016,GBP,0.7444
30-06-2016,GBP,0.7445
01-07-2016,GBP,0.7529
02-07-2016,GBP,0.7529
03-07-2016,GBP,0.7529
04-07-2016,GBP,0.7533
05-07-2016,GBP,0.7626
06-07-2016,GBP,0.7706
07-07-2016,GBP,0.7679
08-07-2016,GBP,0.77
09-07-2016,GBP,0.77
10-07-2016,GBP,0.77
11-07-2016,GBP,0.7702
12-07-2016,GBP,0.7598
13-07-2016,GBP,0.7532
14-07-2016,GBP,0.7467
15-07-2016,GBP,0.7483
16-07-2016,GBP,0.7483
17-07-2016,GBP,0.7483
18-07-2016,GBP,0.7543
19-07-2016,GBP,0.7608
20-07-2016,GBP,0.7591
21-07-2016,GBP,0.7589
22-07-2016,GBP,0.7636
23-07-2016,GBP,0.7636
24-07-2016,GBP,0.7636
25-07-2016,GBP,0.7619
26-07-2016,GBP,0.7612
27-07-2016,GBP,0.7631
28-07-2016,GBP,0.7594
29-07-2016,GBP,0.7595
30-07-2016,GBP,0.7595
31-07-2016,GBP,0.7595
01-08-2016,GBP,0.7573
02-08-2016,GBP,0.7532
03-08-2016,GBP,0.7492
04-08-2016,GBP,0.7597
05-08-2016,GBP,0.7602
06-08-2016,GBP,0.7602
07-08-2016,GBP,0.7602
08-08-2016,GBP,0.7663
09-08-2016,GBP,0.7709
10-08-2016,GBP,0.7649
11-08-2016,GBP,0.7714
12-08-2016,GBP,0.7712
13-08-2016,GBP,0.7712
14-08-2016,GBP,0.7712
15-08-2016,GBP,0.7753
16-08-2016,GBP,0.7708
17-08-2016,GBP,0.7684
18-08-2016,GBP,0.7603
19-08-2016,GBP,0.7641
20-08-2016,GBP,0.7641
21-08-2016,GBP,0.7641
22-08-2016,GBP,0.7628
23-08-2016,GBP,0.7584
24-08-2016,GBP,0.7555
25-08-2016,GBP,0.7579
26-08-2016,GBP,0.7569
27-08-2016,GBP,0.7569
28-08-2016,GBP,0.7569
29-08-2016,GBP,0.7652
30-08-2016,GBP,0.7626
31-08-2016,GBP,0.7618
01-09-2016,GBP,0.7541
02-09-2016,GBP,0.7528
03-09-2016,GBP,0.7528
04-09-2016,GBP,0.7528
05-09-2016,GBP,0.7498
06-09-2016,GBP,0.7486
07-09-2016,GBP,0.7472
08-09-2016,GBP,0.7486
09-09-2016,GBP,0.7504
10-09-2016,GBP,0.7504
11-09-2016,GBP,0.7504
12-09-2016,GBP,0.7525
13-09-2016,GBP,0.7536
14-09-2016,GBP,0.7584
15-09-2016,GBP,0.757
16-09-2016,GBP,0.759
17-09-2016,GBP,0.759
18-09-2016,GBP,0.759
19-09-2016,GBP,0.7658
20-09-2016,GBP,0.7709
21-09-2016,GBP,0.7685
22-09-2016,GBP,0.7646
23-09-2016,GBP,0.7708
24-09-2016,GBP,0.7708
25-09-2016,GBP,0.7708
26-09-2016,GBP,0.7733
27-09-2016,GBP,0.7702
28-09-2016,GBP,0.768
29-09-2016,GBP,0.7676
30-09-2016,GBP,0.7715
01-10-2016,GBP,0.7715
02-10-2016,GBP,0.7715
03-10-2016,GBP,0.7771
04-10-2016,GBP,0.7843
05-10-2016,GBP,0.7863
06-10-2016,GBP,0.7897
07-10-2016,GBP,0.8111
08-10-2016,GBP,0.8111
09-10-2016,GBP,0.8111
10-10-2016,GBP,0.8071
11-10-2016,GBP,0.8145
12-10-2016,GBP,0.8166
13-10-2016,GBP,0.8193
14-10-2016,GBP,0.8172
15-10-2016,GBP,0.8172
16-10-2016,GBP,0.8172
17-10-2016,GBP,0.823
18-10-2016,GBP,0.8147
19-10-2016,GBP,0.8137
20-10-2016,GBP,0.8157
21-10-2016,GBP,0.8205
22-10-2016,GBP,0.8205
23-10-2016,GBP,0.8205
24-10-2016,GBP,0.8173
25-10-2016,GBP,0.8186
26-10-2016,GBP,0.8189
27-10-2016,GBP,0.8159
28-10-2016,GBP,0.8232
29-10-2016,GBP,0.8232
30-10-2016,GBP,0.8232
31-10-2016,GBP,0.8227
01-11-2016,GBP,0.8179
02-11-2016,GBP,0.8117
03-11-2016,GBP,0.8013
04-11-2016,GBP,0.8006
05-11-2016,GBP,0.8006
06-11-2016,GBP,0.8006
07-11-2016,GBP,0.8049
08-11-2016,GBP,0.8071
09-11-2016,GBP,0.8077
10-11-2016,GBP,0.8057
11-11-2016,GBP,0.7899
12-11-2016,GBP,0.7899
13-11-2016,GBP,0.7899
14-11-2016,GBP,0.7979
15-11-2016,GBP,0.8048
16-11-2016,GBP,0.8046
17-11-2016,GBP,0.803
18-11-2016,GBP,0.8112
19-11-2016,GBP,0.8112
20-11-2016,GBP,0.8112
21-11-2016,GBP,0.8064
22-11-2016,GBP,0.8046
23-11-2016,GBP,0.8054
24-11-2016,GBP,0.8039
25-11-2016,GBP,0.8042
26-11-2016,GBP,0.8042
27-11-2016,GBP,0.8042
28-11-2016,GBP,0.8057
29-11-2016,GBP,0.802
30-11-2016,GBP,0.8016
01-12-2016,GBP,0.7914
02-12-2016,GBP,0.7922
03-12-2016,GBP,0.7922
04-12-2016,GBP,0.7922
05-12-2016,GBP,0.7865
06-12-2016,GBP,0.7845
07-12-2016,GBP,0.7931
08-12-2016,GBP,0.7898
09-12-2016,GBP,0.7949
10-12-2016,GBP,0.7949
11-12-2016,GBP,0.7949
12-12-2016,GBP,0.7918
13-12-2016,GBP,0.7869
14-12-2016,GBP,0.7888
15-12-2016,GBP,0.8024
16-12-2016,GBP,0.8036
17-12-2016,GBP,0.8036
18-12-2016,GBP,0.8036
19-12-2016,GBP,0.8073
20-12-2016,GBP,0.8103
21-12-2016,GBP,0.8084
22-12-2016,GBP,0.8105
23-12-2016,GBP,0.8164
24-12-2016,GBP,0.8164
25-12-2016,GBP,0.8164
26-12-2016,GBP,0.8164
27-12-2016,GBP,0.8167
28-12-2016,GBP,0.8185
29-12-2016,GBP,0.816
30-12-2016,GBP,0.8122
31-12-2016,GBP,0.8122
01-01-2017,GBP,0.8122
02-01-2017,GBP,0.8136
03-01-2017,GBP,0.8143
04-01-2017,GBP,0.8139
05-01-2017,GBP,0.8136
06-01-2017,GBP,0.8088
07-01-2017,GBP,0.8088
08-01-2017,GBP,0.8088
09-01-2017,GBP,0.8241
10-01-2017,GBP,0.8228
11-01-2017,GBP,0.8257
12-01-2017,GBP,0.8132
13-01-2017,GBP,0.8212
14-01-2017,GBP,0.8212
15-01-2017,GBP,0.8212
16-01-2017,GBP,0.8288
17-01-2017,GBP,0.8123
18-01-2017,GBP,0.8143
19-01-2017,GBP,0.8114
20-01-2017,GBP,0.8145
21-01-2017,GBP,0.8145
22-01-2017,GBP,0.8145
23-01-2017,GBP,0.804
24-01-2017,GBP,0.8034
25-01-2017,GBP,0.7942
26-01-2017,GBP,0.7957
27-01-2017,GBP,0.7974
28-01-2017,GBP,0.7974
29-01-2017,GBP,0.7974
30-01-2017,GBP,0.799
31-01-2017,GBP,0.8006
01-02-2017,GBP,0.7916
02-02-2017,GBP,0.7963
03-02-2017,GBP,0.8008
04-02-2017,GBP,0.8008
05-02-2017,GBP,0.8008
06-02-2017,GBP,0.8024
07-02-2017,GBP,0.8087
08-02-2017,GBP,0.8
09-02-2017,GBP,0.7958
10-02-2017,GBP,0.8024
11-02-2017,GBP,0.8024
12-02-2017,GBP,0.8024
13-02-2017,GBP,0.7987
14-02-2017,GBP,0.8011
15-02-2017,GBP,0.8053
16-02-2017,GBP,0.799
17-02-2017,GBP,0.8049
18-02-2017,GBP,0.8049
19-02-2017,GBP,0.8049
20-02-2017,GBP,0.802
21-02-2017,GBP,0.8054
22-02-2017,GBP,0.8033
23-02-2017,GBP,0.8004
24-02-2017,GBP,0.7965
25-02-2017,GBP,0.7965
26-02-2017,GBP,0.7965
27-02-2017,GBP,0.8055
28-02-2017,GBP,0.805
01-03-2017,GBP,0.8122
02-03-2017,GBP,0.8138
03-03-2017,GBP,0.8174
04-03-2017,GBP,0.8174
05-03-2017,GBP,0.8174
06-03-2017,GBP,0.8148
07-03-2017,GBP,0.8199
08-03-2017,GBP,0.8218
09-03-2017,GBP,0.8213
10-03-2017,GBP,0.8226
11-03-2017,GBP,0.8226
12-03-2017,GBP,0.8226
13-03-2017,GBP,0.8183
14-03-2017,GBP,0.8237
15-03-2017,GBP,0.8197
16-03-2017,GBP,0.8093
17-03-2017,GBP,0.8091
18-03-2017,GBP,0.8091
19-03-2017,GBP,0.8091
20-03-2017,GBP,0.8072
21-03-2017,GBP,0.8031
22-03-2017,GBP,0.8031
23-03-2017,GBP,0.7999
24-03-2017,GBP,0.8015
25-03-2017,GBP,0.8015
26-03-2017,GBP,0.8015
27-03-2017,GBP,0.7935
28-03-2017,GBP,0.7962
29-03-2017,GBP,0.8037
30-03-2017,GBP,0.8026
31-03-2017,GBP,0.8002
01-04-2017,GBP,0.8002
02-04-2017,GBP,0.8002
03-04-2017,GBP,0.7997
04-04-2017,GBP,0.8039
05-04-2017,GBP,0.8008
06-04-2017,GBP,0.8025
07-04-2017,GBP,0.805
08-04-2017,GBP,0.805
09-04-2017,GBP,0.805
10-04-2017,GBP,0.8067
11-04-2017,GBP,0.8038
12-04-2017,GBP,0.8
13-04-2017,GBP,0.7974
14-04-2017,GBP,0.7974
15-04-2017,GBP,0.7974
16-04-2017,GBP,0.7974
17-04-2017,GBP,0.7974
18-04-2017,GBP,0.7899
19-04-2017,GBP,0.7779
20-04-2017,GBP,0.781
21-04-2017,GBP,0.7826
22-04-2017,GBP,0.7826
23-04-2017,GBP,0.7826
24-04-2017,GBP,0.782
25-04-2017,GBP,0.7798
26-04-2017,GBP,0.7794
27-04-2017,GBP,0.7758
28-04-2017,GBP,0.7729
29-04-2017,GBP,0.7729
30-04-2017,GBP,0.7729
01-05-2017,GBP,0.7729
02-05-2017,GBP,0.7743
03-05-2017,GBP,0.7733
04-05-2017,GBP,0.7757
05-05-2017,GBP,0.7728
06-05-2017,GBP,0.7728
07-05-2017,GBP,0.7728
08-05-2017,GBP,0.7722
09-05-2017,GBP,0.7742
10-05-2017,GBP,0.7718
11-05-2017,GBP,0.7779
12-05-2017,GBP,0.7777
13-05-2017,GBP,0.7777
14-05-2017,GBP,0.7777
15-05-2017,GBP,0.774
16-05-2017,GBP,0.7765
17-05-2017,GBP,0.7713
18-05-2017,GBP,0.767
19-05-2017,GBP,0.7685
20-05-2017,GBP,0.7685
21-05-2017,GBP,0.7685
22-05-2017,GBP,0.7681
23-05-2017,GBP,0.771
24-05-2017,GBP,0.7714
25-05-2017,GBP,0.7716
26-05-2017,GBP,0.7788
27-05-2017,GBP,0.7788
28-05-2017,GBP,0.7788
29-05-2017,GBP,0.7785
30-05-2017,GBP,0.7768
31-05-2017,GBP,0.7786
01-06-2017,GBP,0.7775
02-06-2017,GBP,0.778
03-06-2017,GBP,0.778
04-06-2017,GBP,0.778
05-06-2017,GBP,0.7746
06-06-2017,GBP,0.7748
07-06-2017,GBP,0.7748
08-06-2017,GBP,0.7726
09-06-2017,GBP,0.7842
10-06-2017,GBP,0.7842
11-06-2017,GBP,0.7842
12-06-2017,GBP,0.7891
13-06-2017,GBP,0.7852
14-06-2017,GBP,0.7851
15-06-2017,GBP,0.7849
16-06-2017,GBP,0.7831
17-06-2017,GBP,0.7831
18-06-2017,GBP,0.7831
19-06-2017,GBP,0.7815
20-06-2017,GBP,0.7901
21-06-2017,GBP,0.7877
22-06-2017,GBP,0.7894
23-06-2017,GBP,0.7859
24-06-2017,GBP,0.7859
25-06-2017,GBP,0.7859
26-06-2017,GBP,0.7851
27-06-2017,GBP,0.7836
28-06-2017,GBP,0.7782
29-06-2017,GBP,0.771
30-06-2017,GBP,0.7705
01-07-2017,GBP,0.7705
02-07-2017,GBP,0.7705
03-07-2017,GBP,0.7714
04-07-2017,GBP,0.7734
05-07-2017,GBP,0.7744
06-07-2017,GBP,0.7731
07-07-2017,GBP,0.7754
08-07-2017,GBP,0.7754
09-07-2017,GBP,0.7754
10-07-2017,GBP,0.7767
11-07-2017,GBP,0.7744
12-07-2017,GBP,0.7767
13-07-2017,GBP,0.7727
14-07-2017,GBP,0.7708
15-07-2017,GBP,0.7708
16-07-2017,GBP,0.7708
17-07-2017,GBP,0.7656
18-07-2017,GBP,0.7683
19-07-2017,GBP,0.7672
20-07-2017,GBP,0.7725
21-07-2017,GBP,0.7697
22-07-2017,GBP,0.7697
23-07-2017,GBP,0.7697
24-07-2017,GBP,0.7671
25-07-2017,GBP,0.7645
26-07-2017,GBP,0.7667
27-07-2017,GBP,0.7609
28-07-2017,GBP,0.7636
29-07-2017,GBP,0.7636
30-07-2017,GBP,0.7636
31-07-2017,GBP,0.7625
01-08-2017,GBP,0.7572
02-08-2017,GBP,0.756
03-08-2017,GBP,0.7615
04-08-2017,GBP,0.7607
05-08-2017,GBP,0.7607
06-08-2017,GBP,0.7607
07-08-2017,GBP,0.7666
08-08-2017,GBP,0.7675
09-08-2017,GBP,0.7701
10-08-2017,GBP,0.7697
11-08-2017,GBP,0.7705
12-08-2017,GBP,0.7705
13-08-2017,GBP,0.7705
14-08-2017,GBP,0.7708
15-08-2017,GBP,0.7761
16-08-2017,GBP,0.7771
17-08-2017,GBP,0.7771
18-08-2017,GBP,0.7767
19-08-2017,GBP,0.7767
20-08-2017,GBP,0.7767
21-08-2017,GBP,0.7764
22-08-2017,GBP,0.7791
23-08-2017,GBP,0.7809
24-08-2017,GBP,0.7793
25-08-2017,GBP,0.7798
26-08-2017,GBP,0.7798
27-08-2017,GBP,0.7798
28-08-2017,GBP,0.7742
29-08-2017,GBP,0.7716
30-08-2017,GBP,0.7741
31-08-2017,GBP,0.7778
01-09-2017,GBP,0.7724
02-09-2017,GBP,0.7724
03-09-2017,GBP,0.7724
04-09-2017,GBP,0.7716
05-09-2017,GBP,0.7716
06-09-2017,GBP,0.7663
07-09-2017,GBP,0.7635
08-09-2017,GBP,0.7568
09-09-2017,GBP,0.7568
10-09-2017,GBP,0.7568
11-09-2017,GBP,0.7566
12-09-2017,GBP,0.7532
13-09-2017,GBP,0.7533
14-09-2017,GBP,0.7499
15-09-2017,GBP,0.736
16-09-2017,GBP,0.736
17-09-2017,GBP,0.736
18-09-2017,GBP,0.7386
19-09-2017,GBP,0.7402
20-09-2017,GBP,0.7386
21-09-2017,GBP,0.7412
22-09-2017,GBP,0.737
23-09-2017,GBP,0.737
24-09-2017,GBP,0.737
25-09-2017,GBP,0.741
26-09-2017,GBP,0.7447
27-09-2017,GBP,0.7458
28-09-2017,GBP,0.7441
29-09-2017,GBP,0.7469
30-09-2017,GBP,0.7469
01-10-2017,GBP,0.7469
02-10-2017,GBP,0.7529
03-10-2017,GBP,0.7555
04-10-2017,GBP,0.7531
05-10-2017,GBP,0.7593
06-10-2017,GBP,0.7648
07-10-2017,GBP,0.7648
08-10-2017,GBP,0.7648
09-10-2017,GBP,0.7594
10-10-2017,GBP,0.7579
11-10-2017,GBP,0.7583
12-10-2017,GBP,0.7611
13-10-2017,GBP,0.7534
14-10-2017,GBP,0.7534
15-10-2017,GBP,0.7534
16-10-2017,GBP,0.752
17-10-2017,GBP,0.7581
18-10-2017,GBP,0.7599
19-10-2017,GBP,0.759
20-10-2017,GBP,0.7584
21-10-2017,GBP,0.7584
22-10-2017,GBP,0.7584
23-10-2017,GBP,0.7589
24-10-2017,GBP,0.7593
25-10-2017,GBP,0.7542
26-10-2017,GBP,0.7573
27-10-2017,GBP,0.7637
28-10-2017,GBP,0.7637
29-10-2017,GBP,0.7637
30-10-2017,GBP,0.7577
31-10-2017,GBP,0.7549
01-11-2017,GBP,0.7525
02-11-2017,GBP,0.7616
03-11-2017,GBP,0.7628
04-11-2017,GBP,0.7628
05-11-2017,GBP,0.7628
06-11-2017,GBP,0.7626
07-11-2017,GBP,0.7614
08-11-2017,GBP,0.7628
09-11-2017,GBP,0.7621
10-11-2017,GBP,0.7583
11-11-2017,GBP,0.7583
12-11-2017,GBP,0.7583
13-11-2017,GBP,0.7637
14-11-2017,GBP,0.7628
15-11-2017,GBP,0.7594
16-11-2017,GBP,0.7577
17-11-2017,GBP,0.7578
18-11-2017,GBP,0.7578
19-11-2017,GBP,0.7578
20-11-2017,GBP,0.7549
21-11-2017,GBP,0.7552
22-11-2017,GBP,0.7559
23-11-2017,GBP,0.7512
24-11-2017,GBP,0.7504
25-11-2017,GBP,0.7504
26-11-2017,GBP,0.7504
27-11-2017,GBP,0.7478
28-11-2017,GBP,0.7532
29-11-2017,GBP,0.7465
30-11-2017,GBP,0.7426
01-12-2017,GBP,0.7414
02-12-2017,GBP,0.7414
03-12-2017,GBP,0.7414
04-12-2017,GBP,0.7394
05-12-2017,GBP,0.7443
06-12-2017,GBP,0.7475
07-12-2017,GBP,0.7472
08-12-2017,GBP,0.7454
09-12-2017,GBP,0.7454
10-12-2017,GBP,0.7454
11-12-2017,GBP,0.7481
12-12-2017,GBP,0.7485
13-12-2017,GBP,0.749
14-12-2017,GBP,0.7443
15-12-2017,GBP,0.7475
16-12-2017,GBP,0.7475
17-12-2017,GBP,0.7475
18-12-2017,GBP,0.7478
19-12-2017,GBP,0.7485
20-12-2017,GBP,0.7456
21-12-2017,GBP,0.7485
22-12-2017,GBP,0.7472
23-12-2017,GBP,0.7472
24-12-2017,GBP,0.7472
25-12-2017,GBP,0.7472
26-12-2017,GBP,0.7472
27-12-2017,GBP,0.7448
28-12-2017,GBP,0.7438
29-12-2017,GBP,0.7398
30-12-2017,GBP,0.7398
31-12-2017,GBP,0.7398
01-01-2018,GBP,0.7398
02-01-2018,GBP,0.7373
03-01-2018,GBP,0.7373
04-01-2018,GBP,0.7385
05-01-2018,GBP,0.7379
06-01-2018,GBP,0.7379
07-01-2018,GBP,0.7379
08-01-2018,GBP,0.7384
09-01-2018,GBP,0.7398
10-01-2018,GBP,0.7394
11-01-2018,GBP,0.7412
12-01-2018,GBP,0.7332
13-01-2018,GBP,0.7332
14-01-2018,GBP,0.7332
15-01-2018,GBP,0.7253
16-01-2018,GBP,0.7266
17-01-2018,GBP,0.7258
18-01-2018,GBP,0.7209
19-01-2018,GBP,0.7211
20-01-2018,GBP,0.7211
21-01-2018,GBP,0.7211
22-01-2018,GBP,0.7197
23-01-2018,GBP,0.717
24-01-2018,GBP,0.7058
25-01-2018,GBP,0.7015
26-01-2018,GBP,0.7023
27-01-2018,GBP,0.7023
28-01-2018,GBP,0.7023
29-01-2018,GBP,0.7104
30-01-2018,GBP,0.7079
31-01-2018,GBP,0.7057
01-02-2018,GBP,0.7025
02-02-2018,GBP,0.7033
03-02-2018,GBP,0.7033
04-02-2018,GBP,0.7033
05-02-2018,GBP,0.712
06-02-2018,GBP,0.7209
07-02-2018,GBP,0.7187
08-02-2018,GBP,0.7143
09-02-2018,GBP,0.7231
10-02-2018,GBP,0.7231
11-02-2018,GBP,0.7231
12-02-2018,GBP,0.7225
13-02-2018,GBP,0.7211
14-02-2018,GBP,0.7211
15-02-2018,GBP,0.7097
16-02-2018,GBP,0.7125
17-02-2018,GBP,0.7125
18-02-2018,GBP,0.7125
19-02-2018,GBP,0.7139
20-02-2018,GBP,0.7145
21-02-2018,GBP,0.7185
22-02-2018,GBP,0.7196
23-02-2018,GBP,0.715
24-02-2018,GBP,0.715
25-02-2018,GBP,0.715
26-02-2018,GBP,0.7128
27-02-2018,GBP,0.7186
28-02-2018,GBP,0.7239
01-03-2018,GBP,0.7273
02-03-2018,GBP,0.7255
03-03-2018,GBP,0.7255
04-03-2018,GBP,0.7255
05-03-2018,GBP,0.7237
06-03-2018,GBP,0.7184
07-03-2018,GBP,0.7209
08-03-2018,GBP,0.7203
09-03-2018,GBP,0.7232
10-03-2018,GBP,0.7232
11-03-2018,GBP,0.7232
12-03-2018,GBP,0.7201
13-03-2018,GBP,0.7162
14-03-2018,GBP,0.7165
15-03-2018,GBP,0.717
16-03-2018,GBP,0.7174
17-03-2018,GBP,0.7174
18-03-2018,GBP,0.7174
19-03-2018,GBP,0.7116
20-03-2018,GBP,0.7145
21-03-2018,GBP,0.7114
22-03-2018,GBP,0.708
23-03-2018,GBP,0.707
24-03-2018,GBP,0.707
25-03-2018,GBP,0.707
26-03-2018,GBP,0.703
27-03-2018,GBP,0.7106
28-03-2018,GBP,0.7066
29-03-2018,GBP,0.7101
30-03-2018,GBP,0.7101
31-03-2018,GBP,0.7101
01-04-2018,GBP,0.7101
02-04-2018,GBP,0.7101
03-04-2018,GBP,0.7111
04-04-2018,GBP,0.7134
05-04-2018,GBP,0.7128
06-04-2018,GBP,0.7135
07-04-2018,GBP,0.7135
08-04-2018,GBP,0.7135
09-04-2018,GBP,0.7078
10-04-2018,GBP,0.7053
11-04-2018,GBP,0.7054
12-04-2018,GBP,0.7039
13-04-2018,GBP,0.7015
14-04-2018,GBP,0.7015
15-04-2018,GBP,0.7015
16-04-2018,GBP,0.699
17-04-2018,GBP,0.6982
18-04-2018,GBP,0.7031
19-04-2018,GBP,0.7024
20-04-2018,GBP,0.7117
21-04-2018,GBP,0.7117
22-04-2018,GBP,0.7117
23-04-2018,GBP,0.7161
24-04-2018,GBP,0.7162
25-04-2018,GBP,0.7171
26-04-2018,GBP,0.7158
27-04-2018,GBP,0.7266
28-04-2018,GBP,0.7266
29-04-2018,GBP,0.7266
30-04-2018,GBP,0.7282
01-05-2018,GBP,0.7282
02-05-2018,GBP,0.7332
03-05-2018,GBP,0.7353
04-05-2018,GBP,0.7372
05-05-2018,GBP,0.7372
06-05-2018,GBP,0.7372
07-05-2018,GBP,0.7395
08-05-2018,GBP,0.7408
09-05-2018,GBP,0.7361
10-05-2018,GBP,0.7393
11-05-2018,GBP,0.7374
12-05-2018,GBP,0.7374
13-05-2018,GBP,0.7374
14-05-2018,GBP,0.7361
15-05-2018,GBP,0.7397
16-05-2018,GBP,0.7418
17-05-2018,GBP,0.7399
18-05-2018,GBP,0.7412
19-05-2018,GBP,0.7412
20-05-2018,GBP,0.7412
21-05-2018,GBP,0.7453
22-05-2018,GBP,0.7435
23-05-2018,GBP,0.7512
24-05-2018,GBP,0.7459
25-05-2018,GBP,0.7498
26-05-2018,GBP,0.7498
27-05-2018,GBP,0.7498
28-05-2018,GBP,0.7512
29-05-2018,GBP,0.754
30-05-2018,GBP,0.7522
31-05-2018,GBP,0.7495
01-06-2018,GBP,0.7514
02-06-2018,GBP,0.7514
03-06-2018,GBP,0.7514
04-06-2018,GBP,0.747
05-06-2018,GBP,0.7485
06-06-2018,GBP,0.7453
07-06-2018,GBP,0.7445
08-06-2018,GBP,0.7464
09-06-2018,GBP,0.7464
10-06-2018,GBP,0.7464
11-06-2018,GBP,0.7479
12-06-2018,GBP,0.748
13-06-2018,GBP,0.7498
14-06-2018,GBP,0.7475
15-06-2018,GBP,0.753
16-06-2018,GBP,0.753
17-06-2018,GBP,0.753
18-06-2018,GBP,0.7548
19-06-2018,GBP,0.7603
20-06-2018,GBP,0.759
21-06-2018,GBP,0.7572
22-06-2018,GBP,0.7526
23-06-2018,GBP,0.7526
24-06-2018,GBP,0.7526
25-06-2018,GBP,0.7525
26-06-2018,GBP,0.7553
27-06-2018,GBP,0.7591
28-06-2018,GBP,0.7642
29-06-2018,GBP,0.76
30-06-2018,GBP,0.76
01-07-2018,GBP,0.76
02-07-2018,GBP,0.7617
03-07-2018,GBP,0.7574
04-07-2018,GBP,0.7568
05-07-2018,GBP,0.7542
06-07-2018,GBP,0.7557
07-07-2018,GBP,0.7557
08-07-2018,GBP,0.7557
09-07-2018,GBP,0.7494
10-07-2018,GBP,0.7542
11-07-2018,GBP,0.754
12-07-2018,GBP,0.7571
13-07-2018,GBP,0.76
14-07-2018,GBP,0.76
15-07-2018,GBP,0.76
16-07-2018,GBP,0.7532
17-07-2018,GBP,0.7579
18-07-2018,GBP,0.7675
19-07-2018,GBP,0.7706
20-07-2018,GBP,0.7665
21-07-2018,GBP,0.7665
22-07-2018,GBP,0.7665
23-07-2018,GBP,0.7611
24-07-2018,GBP,0.7618
25-07-2018,GBP,0.7601
26-07-2018,GBP,0.7584
27-07-2018,GBP,0.7641
28-07-2018,GBP,0.7641
29-07-2018,GBP,0.7641
30-07-2018,GBP,0.7623
31-07-2018,GBP,0.7602
01-08-2018,GBP,0.7613
02-08-2018,GBP,0.7674
03-08-2018,GBP,0.7685
04-08-2018,GBP,0.7685
05-08-2018,GBP,0.7685
06-08-2018,GBP,0.7735
07-08-2018,GBP,0.7713
08-08-2018,GBP,0.7773
09-08-2018,GBP,0.7758
10-08-2018,GBP,0.7828
11-08-2018,GBP,0.7828
12-08-2018,GBP,0.7828
13-08-2018,GBP,0.7834
14-08-2018,GBP,0.7829
15-08-2018,GBP,0.7873
16-08-2018,GBP,0.7871
17-08-2018,GBP,0.7864
18-08-2018,GBP,0.7864
19-08-2018,GBP,0.7864
20-08-2018,GBP,0.7835
21-08-2018,GBP,0.7802
22-08-2018,GBP,0.7742
23-08-2018,GBP,0.7762
24-08-2018,GBP,0.7784
25-08-2018,GBP,0.7784
26-08-2018,GBP,0.7784
27-08-2018,GBP,0.7768
28-08-2018,GBP,0.7744
29-08-2018,GBP,0.7762
30-08-2018,GBP,0.7677
31-08-2018,GBP,0.7702
01-09-2018,GBP,0.7702
02-09-2018,GBP,0.7702
03-09-2018,GBP,0.7766
04-09-2018,GBP,0.7789
05-09-2018,GBP,0.7799
06-09-2018,GBP,0.7721
07-09-2018,GBP,0.7686
08-09-2018,GBP,0.7686
09-09-2018,GBP,0.7686
10-09-2018,GBP,0.7721
11-09-2018,GBP,0.7696
12-09-2018,GBP,0.7685
13-09-2018,GBP,0.7659
14-09-2018,GBP,0.7634
15-09-2018,GBP,0.7634
16-09-2018,GBP,0.7634
17-09-2018,GBP,0.7615
18-09-2018,GBP,0.7606
19-09-2018,GBP,0.7612
20-09-2018,GBP,0.7527
21-09-2018,GBP,0.7603
22-09-2018,GBP,0.7603
23-09-2018,GBP,0.7603
24-09-2018,GBP,0.7599
25-09-2018,GBP,0.7593
26-09-2018,GBP,0.759
27-09-2018,GBP,0.76
28-09-2018,GBP,0.7665
29-09-2018,GBP,0.7665
30-09-2018,GBP,0.7665
01-10-2018,GBP,0.7675
02-10-2018,GBP,0.7714
03-10-2018,GBP,0.7698
04-10-2018,GBP,0.7701
05-10-2018,GBP,0.7663
06-10-2018,GBP,0.7663
07-10-2018,GBP,0.7663
08-10-2018,GBP,0.7668
09-10-2018,GBP,0.7668
10-10-2018,GBP,0.7604
11-10-2018,GBP,0.7559
12-10-2018,GBP,0.7572
13-10-2018,GBP,0.7572
14-10-2018,GBP,0.7572
15-10-2018,GBP,0.7603
16-10-2018,GBP,0.756
17-10-2018,GBP,0.7627
18-10-2018,GBP,0.7635
19-10-2018,GBP,0.7674
20-10-2018,GBP,0.7674
21-10-2018,GBP,0.7674
22-10-2018,GBP,0.7693
23-10-2018,GBP,0.7676
24-10-2018,GBP,0.7747
25-10-2018,GBP,0.7755
26-10-2018,GBP,0.7817
27-10-2018,GBP,0.7817
28-10-2018,GBP,0.7817
29-10-2018,GBP,0.7801
30-10-2018,GBP,0.7839
31-10-2018,GBP,0.7852
01-11-2018,GBP,0.7739
02-11-2018,GBP,0.7696
03-11-2018,GBP,0.7696
04-11-2018,GBP,0.7696
05-11-2018,GBP,0.7699
06-11-2018,GBP,0.764
07-11-2018,GBP,0.7609
08-11-2018,GBP,0.763
09-11-2018,GBP,0.7673
10-11-2018,GBP,0.7673
11-11-2018,GBP,0.7673
12-11-2018,GBP,0.7773
13-11-2018,GBP,0.7721
14-11-2018,GBP,0.7706
15-11-2018,GBP,0.7817
16-11-2018,GBP,0.7787
17-11-2018,GBP,0.7787
18-11-2018,GBP,0.7787
19-11-2018,GBP,0.7796
20-11-2018,GBP,0.7785
21-11-2018,GBP,0.781
22-11-2018,GBP,0.777
23-11-2018,GBP,0.7794
24-11-2018,GBP,0.7794
25-11-2018,GBP,0.7794
26-11-2018,GBP,0.7783
27-11-2018,GBP,0.7834
28-11-2018,GBP,0.782
29-11-2018,GBP,0.7828
30-11-2018,GBP,0.7841
01-12-2018,GBP,0.7841
02-12-2018,GBP,0.7841
03-12-2018,GBP,0.7867
04-12-2018,GBP,0.7806
05-12-2018,GBP,0.7829
06-12-2018,GBP,0.7835
07-12-2018,GBP,0.7834
08-12-2018,GBP,0.7834
09-12-2018,GBP,0.7834
10-12-2018,GBP,0.7899
11-12-2018,GBP,0.7929
12-12-2018,GBP,0.7944
13-12-2018,GBP,0.7902
14-12-2018,GBP,0.7961
15-12-2018,GBP,0.7961
16-12-2018,GBP,0.7961
17-12-2018,GBP,0.7926
18-12-2018,GBP,0.7886
19-12-2018,GBP,0.7919
20-12-2018,GBP,0.7889
21-12-2018,GBP,0.7904
22-12-2018,GBP,0.7904
23-12-2018,GBP,0.7904
24-12-2018,GBP,0.7893
25-12-2018,GBP,0.7893
26-12-2018,GBP,0.7893
27-12-2018,GBP,0.7917
28-12-2018,GBP,0.7881
29-12-2018,GBP,0.7881
30-12-2018,GBP,0.7881
31-12-2018,GBP,0.7812
01-01-2019,GBP,0.7812
02-01-2019,GBP,0.7911
03-01-2019,GBP,0.7958
04-01-2019,GBP,0.7892
05-01-2019,GBP,0.7892
06-01-2019,GBP,0.7892
07-01-2019,GBP,0.7839
08-01-2019,GBP,0.7845
09-01-2019,GBP,0.7849
10-01-2019,GBP,0.7839
11-01-2019,GBP,0.7805
12-01-2019,GBP,0.7805
13-01-2019,GBP,0.7805
14-01-2019,GBP,0.7784
15-01-2019,GBP,0.7793
16-01-2019,GBP,0.7779
17-01-2019,GBP,0.7745
18-01-2019,GBP,0.7729
19-01-2019,GBP,0.7729
20-01-2019,GBP,0.7729
21-01-2019,GBP,0.7772
22-01-2019,GBP,0.7751
23-01-2019,GBP,0.7672
24-01-2019,GBP,0.7679
25-01-2019,GBP,0.7631
26-01-2019,GBP,0.7631
27-01-2019,GBP,0.7631
28-01-2019,GBP,0.761
29-01-2019,GBP,0.7594
30-01-2019,GBP,0.7642
31-01-2019,GBP,0.7623
01-02-2019,GBP,0.7662
02-02-2019,GBP,0.7662
03-02-2019,GBP,0.7662
04-02-2019,GBP,0.7661
05-02-2019,GBP,0.7687
06-02-2019,GBP,0.7712
07-02-2019,GBP,0.7735
08-02-2019,GBP,0.7711
09-02-2019,GBP,0.7711
10-02-2019,GBP,0.7711
11-02-2019,GBP,0.7747
12-02-2019,GBP,0.7764
13-02-2019,GBP,0.7745
14-02-2019,GBP,0.7805
15-02-2019,GBP,0.781
16-02-2019,GBP,0.781
17-02-2019,GBP,0.781
18-02-2019,GBP,0.7735
19-02-2019,GBP,0.772
20-02-2019,GBP,0.7666
21-02-2019,GBP,0.7645
22-02-2019,GBP,0.7705
23-02-2019,GBP,0.7705
24-02-2019,GBP,0.7705
25-02-2019,GBP,0.7647
26-02-2019,GBP,0.7575
27-02-2019,GBP,0.7509
28-02-2019,GBP,0.7519
01-03-2019,GBP,0.7552
02-03-2019,GBP,0.7552
03-03-2019,GBP,0.7552
04-03-2019,GBP,0.7566
05-03-2019,GBP,0.7623
06-03-2019,GBP,0.7605
07-03-2019,GBP,0.762
08-03-2019,GBP,0.7655
09-03-2019,GBP,0.7655
10-03-2019,GBP,0.7655
11-03-2019,GBP,0.767
12-03-2019,GBP,0.764
13-03-2019,GBP,0.7598
14-03-2019,GBP,0.7546
15-03-2019,GBP,0.7554
16-03-2019,GBP,0.7554
17-03-2019,GBP,0.7554
18-03-2019,GBP,0.7548
19-03-2019,GBP,0.7532
20-03-2019,GBP,0.7599
21-03-2019,GBP,0.761
22-03-2019,GBP,0.76
23-03-2019,GBP,0.76
24-03-2019,GBP,0.76
25-03-2019,GBP,0.7562
26-03-2019,GBP,0.7557
27-03-2019,GBP,0.7559
28-03-2019,GBP,0.7627
29-03-2019,GBP,0.764
30-03-2019,GBP,0.764
31-03-2019,GBP,0.764
01-04-2019,GBP,0.7624
02-04-2019,GBP,0.7679
03-04-2019,GBP,0.7595
04-04-2019,GBP,0.7614
05-04-2019,GBP,0.765
06-04-2019,GBP,0.765
07-04-2019,GBP,0.765
08-04-2019,GBP,0.7663
09-04-2019,GBP,0.7656
10-04-2019,GBP,0.7632
11-04-2019,GBP,0.765
12-04-2019,GBP,0.7622
13-04-2019,GBP,0.7622
14-04-2019,GBP,0.7622
15-04-2019,GBP,0.7629
16-04-2019,GBP,0.7642
17-04-2019,GBP,0.7662
18-04-2019,GBP,0.7686
19-04-2019,GBP,0.7686
20-04-2019,GBP,0.7686
21-04-2019,GBP,0.7686
22-04-2019,GBP,0.7686
23-04-2019,GBP,0.7688
24-04-2019,GBP,0.7721
25-04-2019,GBP,0.7771
26-04-2019,GBP,0.7755
27-04-2019,GBP,0.7755
28-04-2019,GBP,0.7755
29-04-2019,GBP,0.7743
30-04-2019,GBP,0.7688
01-05-2019,GBP,0.7688
02-05-2019,GBP,0.7664
03-05-2019,GBP,0.769
04-05-2019,GBP,0.769
05-05-2019,GBP,0.769
06-05-2019,GBP,0.7632
07-05-2019,GBP,0.7657
08-05-2019,GBP,0.7686
09-05-2019,GBP,0.7694
10-05-2019,GBP,0.768
11-05-2019,GBP,0.768
12-05-2019,GBP,0.768
13-05-2019,GBP,0.7679
14-05-2019,GBP,0.7725
15-05-2019,GBP,0.7764
16-05-2019,GBP,0.7807
17-05-2019,GBP,0.7841
18-05-2019,GBP,0.7841
19-05-2019,GBP,0.7841
20-05-2019,GBP,0.7846
21-05-2019,GBP,0.785
22-05-2019,GBP,0.7903
23-05-2019,GBP,0.7909
24-05-2019,GBP,0.7895
25-05-2019,GBP,0.7895
26-05-2019,GBP,0.7895
27-05-2019,GBP,0.7879
28-05-2019,GBP,0.7896
29-05-2019,GBP,0.7908
30-05-2019,GBP,0.792
31-05-2019,GBP,0.7954
01-06-2019,GBP,0.7954
02-06-2019,GBP,0.7954
03-06-2019,GBP,0.7923
04-06-2019,GBP,0.7892
05-06-2019,GBP,0.7873
06-06-2019,GBP,0.7861
07-06-2019,GBP,0.7866
08-06-2019,GBP,0.7866
09-06-2019,GBP,0.7866
10-06-2019,GBP,0.7897
11-06-2019,GBP,0.787
12-06-2019,GBP,0.7843
13-06-2019,GBP,0.7879
14-06-2019,GBP,0.7909
15-06-2019,GBP,0.7909
16-06-2019,GBP,0.7909
17-06-2019,GBP,0.7941
18-06-2019,GBP,0.7992
19-06-2019,GBP,0.7943
20-06-2019,GBP,0.7885
21-06-2019,GBP,0.7903
22-06-2019,GBP,0.7903
23-06-2019,GBP,0.7903
24-06-2019,GBP,0.7843
25-06-2019,GBP,0.7858
26-06-2019,GBP,0.7886
27-06-2019,GBP,0.7865
28-06-2019,GBP,0.7878
29-06-2019,GBP,0.7878
30-06-2019,GBP,0.7878
01-07-2019,GBP,0.7905
02-07-2019,GBP,0.7915
03-07-2019,GBP,0.7947
04-07-2019,GBP,0.7949
05-07-2019,GBP,0.7967
06-07-2019,GBP,0.7967
07-07-2019,GBP,0.7967
08-07-2019,GBP,0.7992
09-07-2019,GBP,0.803
10-07-2019,GBP,0.8015
11-07-2019,GBP,0.7957
12-07-2019,GBP,0.7979
13-07-2019,GBP,0.7979
14-07-2019,GBP,0.7979
15-07-2019,GBP,0.7975
16-07-2019,GBP,0.8042
17-07-2019,GBP,0.8055
18-07-2019,GBP,0.8011
19-07-2019,GBP,0.7985
20-07-2019,GBP,0.7985
21-07-2019,GBP,0.7985
22-07-2019,GBP,0.8022
23-07-2019,GBP,0.804
24-07-2019,GBP,0.8002
25-07-2019,GBP,0.8004
26-07-2019,GBP,0.8047
27-07-2019,GBP,0.8047
28-07-2019,GBP,0.8047
29-07-2019,GBP,0.8134
30-07-2019,GBP,0.8217
31-07-2019,GBP,0.8217
01-08-2019,GBP,0.8259
02-08-2019,GBP,0.8239
03-08-2019,GBP,0.8239
04-08-2019,GBP,0.8239
05-08-2019,GBP,0.8217
06-08-2019,GBP,0.8209
07-08-2019,GBP,0.8244
08-08-2019,GBP,0.823
09-08-2019,GBP,0.8289
10-08-2019,GBP,0.8289
11-08-2019,GBP,0.8289
12-08-2019,GBP,0.8274
13-08-2019,GBP,0.8272
14-08-2019,GBP,0.8283
15-08-2019,GBP,0.8239
16-08-2019,GBP,0.8219
17-08-2019,GBP,0.8219
18-08-2019,GBP,0.8219
19-08-2019,GBP,0.8248
20-08-2019,GBP,0.8272
21-08-2019,GBP,0.8244
22-08-2019,GBP,0.8224
23-08-2019,GBP,0.8175
24-08-2019,GBP,0.8175
25-08-2019,GBP,0.8175
26-08-2019,GBP,0.8169
27-08-2019,GBP,0.8144
28-08-2019,GBP,0.8195
29-08-2019,GBP,0.8177
30-08-2019,GBP,0.8206
31-08-2019,GBP,0.8206
01-09-2019,GBP,0.8206
02-09-2019,GBP,0.828
03-09-2019,GBP,0.831
04-09-2019,GBP,0.8192
05-09-2019,GBP,0.8101
06-09-2019,GBP,0.8129
07-09-2019,GBP,0.8129
08-09-2019,GBP,0.8129
09-09-2019,GBP,0.8092
10-09-2019,GBP,0.8089
11-09-2019,GBP,0.8101
12-09-2019,GBP,0.8111
13-09-2019,GBP,0.8029
14-09-2019,GBP,0.8029
15-09-2019,GBP,0.8029
16-09-2019,GBP,0.8024
17-09-2019,GBP,0.8055
18-09-2019,GBP,0.8027
19-09-2019,GBP,0.8018
20-09-2019,GBP,0.7999
21-09-2019,GBP,0.7999
22-09-2019,GBP,0.7999
23-09-2019,GBP,0.8042
24-09-2019,GBP,0.8012
25-09-2019,GBP,0.8074
26-09-2019,GBP,0.8092
27-09-2019,GBP,0.8119
28-09-2019,GBP,0.8119
29-09-2019,GBP,0.8119
30-09-2019,GBP,0.8134
01-10-2019,GBP,0.8163
02-10-2019,GBP,0.8144
03-10-2019,GBP,0.8108
04-10-2019,GBP,0.811
05-10-2019,GBP,0.811
06-10-2019,GBP,0.811
07-10-2019,GBP,0.811
08-10-2019,GBP,0.8174
09-10-2019,GBP,0.8182
10-10-2019,GBP,0.8174
11-10-2019,GBP,0.7925
12-10-2019,GBP,0.7925
13-10-2019,GBP,0.7925
14-10-2019,GBP,0.7976
15-10-2019,GBP,0.7909
16-10-2019,GBP,0.7851
17-10-2019,GBP,0.7814
18-10-2019,GBP,0.7756
19-10-2019,GBP,0.7756
20-10-2019,GBP,0.7756
21-10-2019,GBP,0.7691
22-10-2019,GBP,0.7733
23-10-2019,GBP,0.7768
24-10-2019,GBP,0.7754
25-10-2019,GBP,0.7797
26-10-2019,GBP,0.7797
27-10-2019,GBP,0.7797
28-10-2019,GBP,0.7786
29-10-2019,GBP,0.7781
30-10-2019,GBP,0.7762
31-10-2019,GBP,0.7722
01-11-2019,GBP,0.7721
02-11-2019,GBP,0.7721
03-11-2019,GBP,0.7721
04-11-2019,GBP,0.774
05-11-2019,GBP,0.7752
06-11-2019,GBP,0.7758
07-11-2019,GBP,0.7804
08-11-2019,GBP,0.7808
09-11-2019,GBP,0.7808
10-11-2019,GBP,0.7808
11-11-2019,GBP,0.7766
12-11-2019,GBP,0.7791
13-11-2019,GBP,0.7792
14-11-2019,GBP,0.7788
15-11-2019,GBP,0.7763
16-11-2019,GBP,0.7763
17-11-2019,GBP,0.7763
18-11-2019,GBP,0.7714
19-11-2019,GBP,0.7725
20-11-2019,GBP,0.7751
21-11-2019,GBP,0.7713
22-11-2019,GBP,0.7775
23-11-2019,GBP,0.7775
24-11-2019,GBP,0.7775
25-11-2019,GBP,0.7768
26-11-2019,GBP,0.7778
27-11-2019,GBP,0.7762
28-11-2019,GBP,0.774
29-11-2019,GBP,0.776
30-11-2019,GBP,0.776
01-12-2019,GBP,0.776
02-12-2019,GBP,0.7731
03-12-2019,GBP,0.7696
04-12-2019,GBP,0.7636
05-12-2019,GBP,0.7614
06-12-2019,GBP,0.7612
07-12-2019,GBP,0.7612
08-12-2019,GBP,0.7612
09-12-2019,GBP,0.7602
10-12-2019,GBP,0.759
11-12-2019,GBP,0.7607
12-12-2019,GBP,0.7593
13-12-2019,GBP,0.7473
14-12-2019,GBP,0.7473
15-12-2019,GBP,0.7473
16-12-2019,GBP,0.7484
17-12-2019,GBP,0.7593
18-12-2019,GBP,0.7652
19-12-2019,GBP,0.7653
20-12-2019,GBP,0.7672
21-12-2019,GBP,0.7672
22-12-2019,GBP,0.7672
23-12-2019,GBP,0.7739
24-12-2019,GBP,0.772
25-12-2019,GBP,0.772
26-12-2019,GBP,0.772
27-12-2019,GBP,0.7633
28-12-2019,GBP,0.7633
29-12-2019,GBP,0.7633
30-12-2019,GBP,0.7615
31-12-2019,GBP,0.7573
01-01-2020,GBP,0.7573
02-01-2020,GBP,0.7579
03-01-2020,GBP,0.7636
04-01-2020,GBP,0.7636
05-01-2020,GBP,0.7636
06-01-2020,GBP,0.7613
07-01-2020,GBP,0.7625
08-01-2020,GBP,0.7635
09-01-2020,GBP,0.7676
10-01-2020,GBP,0.7647
11-01-2020,GBP,0.7647
12-01-2020,GBP,0.7647
13-01-2020,GBP,0.7708
14-01-2020,GBP,0.7703
15-01-2020,GBP,0.769
16-01-2020,GBP,0.7652
17-01-2020,GBP,0.7662
18-01-2020,GBP,0.7662
19-01-2020,GBP,0.7662
20-01-2020,GBP,0.7693
21-01-2020,GBP,0.765
22-01-2020,GBP,0.7616
23-01-2020,GBP,0.7619
24-01-2020,GBP,0.7641
25-01-2020,GBP,0.7641
26-01-2020,GBP,0.7641
27-01-2020,GBP,0.7652
28-01-2020,GBP,0.7688
29-01-2020,GBP,0.7688
30-01-2020,GBP,0.7633
31-01-2020,GBP,0.7616
01-02-2020,GBP,0.7616
02-02-2020,GBP,0.7616
03-02-2020,GBP,0.7661
04-02-2020,GBP,0.7683
05-02-2020,GBP,0.7661
06-02-2020,GBP,0.771
07-02-2020,GBP,0.7724
08-02-2020,GBP,0.7724
09-02-2020,GBP,0.7724
10-02-2020,GBP,0.7728
11-02-2020,GBP,0.7736
12-02-2020,GBP,0.7702
13-02-2020,GBP,0.7672
14-02-2020,GBP,0.7675
15-02-2020,GBP,0.7675
16-02-2020,GBP,0.7675
17-02-2020,GBP,0.7682
18-02-2020,GBP,0.7672
19-02-2020,GBP,0.7699
20-02-2020,GBP,0.777
21-02-2020,GBP,0.7732
22-02-2020,GBP,0.7732
23-02-2020,GBP,0.7732
24-02-2020,GBP,0.7749
25-02-2020,GBP,0.7715
26-02-2020,GBP,0.7738
27-02-2020,GBP,0.7752
28-02-2020,GBP,0.7772
29-02-2020,GBP,0.7772
01-03-2020,GBP,0.7772
02-03-2020,GBP,0.7832
03-03-2020,GBP,0.7827
04-03-2020,GBP,0.7807
05-03-2020,GBP,0.7747
06-03-2020,GBP,0.7689
07-03-2020,GBP,0.7689
08-03-2020,GBP,0.7689
09-03-2020,GBP,0.7628
10-03-2020,GBP,0.7672
11-03-2020,GBP,0.7736
12-03-2020,GBP,0.7885
13-03-2020,GBP,0.8021
14-03-2020,GBP,0.8021
15-03-2020,GBP,0.8021
16-03-2020,GBP,0.8149
17-03-2020,GBP,0.827
18-03-2020,GBP,0.8431
19-03-2020,GBP,0.8609
20-03-2020,GBP,0.8502
21-03-2020,GBP,0.8502
22-03-2020,GBP,0.8502
23-03-2020,GBP,0.8622
24-03-2020,GBP,0.8494
25-03-2020,GBP,0.8451
26-03-2020,GBP,0.8319
27-03-2020,GBP,0.8176
28-03-2020,GBP,0.8176
29-03-2020,GBP,0.8176
30-03-2020,GBP,0.8057
31-03-2020,GBP,0.8091
01-04-2020,GBP,0.8089
02-04-2020,GBP,0.8045
03-04-2020,GBP,0.8146
04-04-2020,GBP,0.8146
05-04-2020,GBP,0.8146
06-04-2020,GBP,0.8136
07-04-2020,GBP,0.8093
08-04-2020,GBP,0.809
09-04-2020,GBP,0.8058
10-04-2020,GBP,0.8058
11-04-2020,GBP,0.8058
12-04-2020,GBP,0.8058
13-04-2020,GBP,0.8058
14-04-2020,GBP,0.7959
15-04-2020,GBP,0.8015
16-04-2020,GBP,0.8005
17-04-2020,GBP,0.8009
18-04-2020,GBP,0.8009
19-04-2020,GBP,0.8009
20-04-2020,GBP,0.8043
21-04-2020,GBP,0.8131
22-04-2020,GBP,0.8091
23-04-2020,GBP,0.8095
24-04-2020,GBP,0.8102
25-04-2020,GBP,0.8102
26-04-2020,GBP,0.8102
27-04-2020,GBP,0.8041
28-04-2020,GBP,0.8006
29-04-2020,GBP,0.8059
30-04-2020,GBP,0.7991
01-05-2020,GBP,0.7991
02-05-2020,GBP,0.7991
03-05-2020,GBP,0.7991
04-05-2020,GBP,0.8033
05-05-2020,GBP,0.8029
06-05-2020,GBP,0.8074
07-05-2020,GBP,0.8113
08-05-2020,GBP,0.8073
09-05-2020,GBP,0.8073
10-05-2020,GBP,0.8073
11-05-2020,GBP,0.8119
12-05-2020,GBP,0.8084
13-05-2020,GBP,0.8114
14-05-2020,GBP,0.82
15-05-2020,GBP,0.8218
16-05-2020,GBP,0.8218
17-05-2020,GBP,0.8218
18-05-2020,GBP,0.8231
19-05-2020,GBP,0.8177
20-05-2020,GBP,0.8155
21-05-2020,GBP,0.8177
22-05-2020,GBP,0.8214
23-05-2020,GBP,0.8214
24-05-2020,GBP,0.8214
25-05-2020,GBP,0.8205
26-05-2020,GBP,0.8098
27-05-2020,GBP,0.8152
28-05-2020,GBP,0.8145
29-05-2020,GBP,0.809
30-05-2020,GBP,0.809
31-05-2020,GBP,0.809
01-06-2020,GBP,0.8067
02-06-2020,GBP,0.7972
03-06-2020,GBP,0.7956
04-06-2020,GBP,0.7972
05-06-2020,GBP,0.7895
06-06-2020,GBP,0.7895
07-06-2020,GBP,0.7895
08-06-2020,GBP,0.7902
09-06-2020,GBP,0.7891
10-06-2020,GBP,0.7821
11-06-2020,GBP,0.7901
12-06-2020,GBP,0.7931
13-06-2020,GBP,0.7931
14-06-2020,GBP,0.7931
15-06-2020,GBP,0.7967
16-06-2020,GBP,0.7903
17-06-2020,GBP,0.7964
18-06-2020,GBP,0.8022
19-06-2020,GBP,0.8074
20-06-2020,GBP,0.8074
21-06-2020,GBP,0.8074
22-06-2020,GBP,0.8056
23-06-2020,GBP,0.8008
24-06-2020,GBP,0.8009
25-06-2020,GBP,0.8048
26-06-2020,GBP,0.8078
27-06-2020,GBP,0.8078
28-06-2020,GBP,0.8078
29-06-2020,GBP,0.8112
30-06-2020,GBP,0.8148
01-07-2020,GBP,0.8074
02-07-2020,GBP,0.7994
03-07-2020,GBP,0.8029
04-07-2020,GBP,0.8029
05-07-2020,GBP,0.8029
06-07-2020,GBP,0.7992
07-07-2020,GBP,0.7985
08-07-2020,GBP,0.7968
09-07-2020,GBP,0.7905
10-07-2020,GBP,0.7943
11-07-2020,GBP,0.7943
12-07-2020,GBP,0.7943
13-07-2020,GBP,0.7939
14-07-2020,GBP,0.798
15-07-2020,GBP,0.7912
16-07-2020,GBP,0.7962
17-07-2020,GBP,0.797
18-07-2020,GBP,0.797
19-07-2020,GBP,0.797
20-07-2020,GBP,0.7912
21-07-2020,GBP,0.787
22-07-2020,GBP,0.787
23-07-2020,GBP,0.7883
24-07-2020,GBP,0.7838
25-07-2020,GBP,0.7838
26-07-2020,GBP,0.7838
27-07-2020,GBP,0.7767
28-07-2020,GBP,0.7764
29-07-2020,GBP,0.7709
30-07-2020,GBP,0.7687
31-07-2020,GBP,0.7601
01-08-2020,GBP,0.7601
02-08-2020,GBP,0.7601
03-08-2020,GBP,0.7676
04-08-2020,GBP,0.7678
05-08-2020,GBP,0.7615
06-08-2020,GBP,0.7602
07-08-2020,GBP,0.7648
08-08-2020,GBP,0.7648
09-08-2020,GBP,0.7648
10-08-2020,GBP,0.7664
11-08-2020,GBP,0.7625
12-08-2020,GBP,0.7686
13-08-2020,GBP,0.7637
14-08-2020,GBP,0.7633
15-08-2020,GBP,0.7633
16-08-2020,GBP,0.7633
17-08-2020,GBP,0.7646
18-08-2020,GBP,0.7591
19-08-2020,GBP,0.7571
20-08-2020,GBP,0.761
21-08-2020,GBP,0.7626
22-08-2020,GBP,0.7626
23-08-2020,GBP,0.7626
24-08-2020,GBP,0.7612
25-08-2020,GBP,0.7613
26-08-2020,GBP,0.7608
27-08-2020,GBP,0.7581
28-08-2020,GBP,0.7509
29-08-2020,GBP,0.7509
30-08-2020,GBP,0.7509
31-08-2020,GBP,0.7505
01-09-2020,GBP,0.7423
02-09-2020,GBP,0.749
03-09-2020,GBP,0.7546
04-09-2020,GBP,0.7543
05-09-2020,GBP,0.7543
06-09-2020,GBP,0.7543
07-09-2020,GBP,0.7598
08-09-2020,GBP,0.7675
09-09-2020,GBP,0.7748
10-09-2020,GBP,0.773
11-09-2020,GBP,0.7796
12-09-2020,GBP,0.7796
13-09-2020,GBP,0.7796
14-09-2020,GBP,0.7763
15-09-2020,GBP,0.7744
16-09-2020,GBP,0.7703
17-09-2020,GBP,0.7759
18-09-2020,GBP,0.7717
19-09-2020,GBP,0.7717
20-09-2020,GBP,0.7717
21-09-2020,GBP,0.7772
22-09-2020,GBP,0.7815
23-09-2020,GBP,0.7859
24-09-2020,GBP,0.7834
25-09-2020,GBP,0.7851
26-09-2020,GBP,0.7851
27-09-2020,GBP,0.7851
28-09-2020,GBP,0.7756
29-09-2020,GBP,0.7773
30-09-2020,GBP,0.7793
01-10-2020,GBP,0.772
02-10-2020,GBP,0.773
03-10-2020,GBP,0.773
04-10-2020,GBP,0.773
05-10-2020,GBP,0.7717
06-10-2020,GBP,0.772
07-10-2020,GBP,0.7767
08-10-2020,GBP,0.7738
09-10-2020,GBP,0.7729
10-10-2020,GBP,0.7729
11-10-2020,GBP,0.7729
12-10-2020,GBP,0.7678
13-10-2020,GBP,0.7686
14-10-2020,GBP,0.7693
15-10-2020,GBP,0.7739
16-10-2020,GBP,0.7743
17-10-2020,GBP,0.7743
18-10-2020,GBP,0.7743
19-10-2020,GBP,0.7687
20-10-2020,GBP,0.7733
21-10-2020,GBP,0.7657
22-10-2020,GBP,0.7637
23-10-2020,GBP,0.7648
24-10-2020,GBP,0.7648
25-10-2020,GBP,0.7648
26-10-2020,GBP,0.7679
27-10-2020,GBP,0.7667
28-10-2020,GBP,0.7731
29-10-2020,GBP,0.7726
30-10-2020,GBP,0.7711
31-10-2020,GBP,0.7711
01-11-2020,GBP,0.7711
02-11-2020,GBP,0.7729
03-11-2020,GBP,0.7695
04-11-2020,GBP,0.7675
05-11-2020,GBP,0.763
06-11-2020,GBP,0.7618
07-11-2020,GBP,0.7618
08-11-2020,GBP,0.7618
09-11-2020,GBP,0.7593
10-11-2020,GBP,0.7553
11-11-2020,GBP,0.7559
12-11-2020,GBP,0.7613
13-11-2020,GBP,0.7591
14-11-2020,GBP,0.7591
15-11-2020,GBP,0.7591
16-11-2020,GBP,0.7592
17-11-2020,GBP,0.754
18-11-2020,GBP,0.7531
19-11-2020,GBP,0.7554
20-11-2020,GBP,0.7535
21-11-2020,GBP,0.7535
22-11-2020,GBP,0.7535
23-11-2020,GBP,0.7469
24-11-2020,GBP,0.7502
25-11-2020,GBP,0.7496
26-11-2020,GBP,0.749
27-11-2020,GBP,0.7502
28-11-2020,GBP,0.7502
29-11-2020,GBP,0.7502
30-11-2020,GBP,0.75
01-12-2020,GBP,0.7503
02-12-2020,GBP,0.75
03-12-2020,GBP,0.7436
04-12-2020,GBP,0.7425
05-12-2020,GBP,0.7425
06-12-2020,GBP,0.7425
07-12-2020,GBP,0.7521
08-12-2020,GBP,0.7524
09-12-2020,GBP,0.7432
10-12-2020,GBP,0.752
11-12-2020,GBP,0.7611
12-12-2020,GBP,0.7611
13-12-2020,GBP,0.7611
14-12-2020,GBP,0.7458
15-12-2020,GBP,0.7479
16-12-2020,GBP,0.738
17-12-2020,GBP,0.7353
18-12-2020,GBP,0.7409
19-12-2020,GBP,0.7409
20-12-2020,GBP,0.7409
21-12-2020,GBP,0.7526
22-12-2020,GBP,0.7447
23-12-2020,GBP,0.7455
24-12-2020,GBP,0.7364
25-12-2020,GBP,0.7364
26-12-2020,GBP,0.7364
27-12-2020,GBP,0.7364
28-12-2020,GBP,0.7399
29-12-2020,GBP,0.7412
30-12-2020,GBP,0.7353
31-12-2020,GBP,0.7326
01-01-2021,GBP,0.7326
02-01-2021,GBP,0.7326
03-01-2021,GBP,0.7326
04-01-2021,GBP,0.7332
05-01-2021,GBP,0.7362
06-01-2021,GBP,0.7346
07-01-2021,GBP,0.7347
08-01-2021,GBP,0.7357
09-01-2021,GBP,0.7357
10-01-2021,GBP,0.7357
11-01-2021,GBP,0.7419
12-01-2021,GBP,0.7355
13-01-2021,GBP,0.7314
14-01-2021,GBP,0.7336
15-01-2021,GBP,0.7341
16-01-2021,GBP,0.7341
17-01-2021,GBP,0.7341
18-01-2021,GBP,0.7383
19-01-2021,GBP,0.7344
20-01-2021,GBP,0.7319
21-01-2021,GBP,0.7289
22-01-2021,GBP,0.7324
23-01-2021,GBP,0.7324
24-01-2021,GBP,0.7324
25-01-2021,GBP,0.7307
26-01-2021,GBP,0.7304
27-01-2021,GBP,0.7297
28-01-2021,GBP,0.7328
29-01-2021,GBP,0.7283
30-01-2021,GBP,0.7283
31-01-2021,GBP,0.7283
01-02-2021,GBP,0.7299
02-02-2021,GBP,0.7313
03-02-2021,GBP,0.7335
04-02-2021,GBP,0.731
05-02-2021,GBP,0.7305
06-02-2021,GBP,0.7305
07-02-2021,GBP,0.7305
08-02-2021,GBP,0.7304
09-02-2021,GBP,0.7256
10-02-2021,GBP,0.7228
11-02-2021,GBP,0.7224
12-02-2021,GBP,0.7248
13-02-2021,GBP,0.7248
14-02-2021,GBP,0.7248
15-02-2021,GBP,0.7191
16-02-2021,GBP,0.7192
17-02-2021,GBP,0.7211
18-02-2021,GBP,0.7162
19-02-2021,GBP,0.7126
20-02-2021,GBP,0.7126
01-01-2015,EUR,0.8237
02-01-2015,EUR,0.8304
03-01-2015,EUR,0.8304
04-01-2015,EUR,0.8304
05-01-2015,EUR,0.8393
06-01-2015,EUR,0.8393
07-01-2015,EUR,0.8452
08-01-2015,EUR,0.8498
09-01-2015,EUR,0.8465
10-01-2015,EUR,0.8465
11-01-2015,EUR,0.8465
12-01-2015,EUR,0.8472
13-01-2015,EUR,0.8488
14-01-2015,EUR,0.8493
15-01-2015,EUR,0.8541
16-01-2015,EUR,0.863
17-01-2015,EUR,0.863
18-01-2015,EUR,0.863
19-01-2015,EUR,0.8617
20-01-2015,EUR,0.8636
21-01-2015,EUR,0.8626
22-01-2015,EUR,0.8607
23-01-2015,EUR,0.893
24-01-2015,EUR,0.893
25-01-2015,EUR,0.893
26-01-2015,EUR,0.8894
27-01-2015,EUR,0.8845
28-01-2015,EUR,0.8815
29-01-2015,EUR,0.8838
30-01-2015,EUR,0.8846
31-01-2015,EUR,0.8846
01-02-2015,EUR,0.8846
02-02-2015,EUR,0.8842
03-02-2015,EUR,0.879
04-02-2015,EUR,0.8737
05-02-2015,EUR,0.8764
06-02-2015,EUR,0.8736
07-02-2015,EUR,0.8736
08-02-2015,EUR,0.8736
09-02-2015,EUR,0.8869
10-02-2015,EUR,0.8852
11-02-2015,EUR,0.8839
12-02-2015,EUR,0.8828
13-02-2015,EUR,0.8787
14-02-2015,EUR,0.8787
15-02-2015,EUR,0.8787
16-02-2015,EUR,0.8766
17-02-2015,EUR,0.876
18-02-2015,EUR,0.8794
19-02-2015,EUR,0.8782
20-02-2015,EUR,0.8851
21-02-2015,EUR,0.8851
22-02-2015,EUR,0.8851
23-02-2015,EUR,0.8851
24-02-2015,EUR,0.8828
25-02-2015,EUR,0.8814
26-02-2015,EUR,0.8836
27-02-2015,EUR,0.8897
28-02-2015,EUR,0.8897
01-03-2015,EUR,0.8897
02-03-2015,EUR,0.8907
03-03-2015,EUR,0.8954
04-03-2015,EUR,0.899
05-03-2015,EUR,0.9034
06-03-2015,EUR,0.9122
07-03-2015,EUR,0.9122
08-03-2015,EUR,0.9122
09-03-2015,EUR,0.9208
10-03-2015,EUR,0.9313
11-03-2015,EUR,0.9454
12-03-2015,EUR,0.9422
13-03-2015,EUR,0.9459
14-03-2015,EUR,0.9459
15-03-2015,EUR,0.9459
16-03-2015,EUR,0.9472
17-03-2015,EUR,0.9403
18-03-2015,EUR,0.9441
19-03-2015,EUR,0.9366
20-03-2015,EUR,0.928
21-03-2015,EUR,0.928
22-03-2015,EUR,0.928
23-03-2015,EUR,0.9164
24-03-2015,EUR,0.9132
25-03-2015,EUR,0.9103
26-03-2015,EUR,0.9113
27-03-2015,EUR,0.9211
28-03-2015,EUR,0.9211
29-03-2015,EUR,0.9211
30-03-2015,EUR,0.9221
31-03-2015,EUR,0.9295
01-04-2015,EUR,0.9298
02-04-2015,EUR,0.9234
03-04-2015,EUR,0.9234
04-04-2015,EUR,0.9234
05-04-2015,EUR,0.9234
06-04-2015,EUR,0.9234
07-04-2015,EUR,0.9219
08-04-2015,EUR,0.9206
09-04-2015,EUR,0.9282
10-04-2015,EUR,0.9461
11-04-2015,EUR,0.9461
12-04-2015,EUR,0.9461
13-04-2015,EUR,0.9477
14-04-2015,EUR,0.9466
15-04-2015,EUR,0.9453
16-04-2015,EUR,0.9336
17-04-2015,EUR,0.9247
18-04-2015,EUR,0.9247
19-04-2015,EUR,0.9247
20-04-2015,EUR,0.9326
21-04-2015,EUR,0.9346
22-04-2015,EUR,0.9308
23-04-2015,EUR,0.9283
24-04-2015,EUR,0.9239
25-04-2015,EUR,0.9239
26-04-2015,EUR,0.9239
27-04-2015,EUR,0.924
28-04-2015,EUR,0.9152
29-04-2015,EUR,0.9089
30-04-2015,EUR,0.8917
01-05-2015,EUR,0.8917
02-05-2015,EUR,0.8917
03-05-2015,EUR,0.8917
04-05-2015,EUR,0.8967
05-05-2015,EUR,0.8995
06-05-2015,EUR,0.8905
07-05-2015,EUR,0.8846
08-05-2015,EUR,0.8912
09-05-2015,EUR,0.8912
10-05-2015,EUR,0.8912
11-05-2015,EUR,0.8975
12-05-2015,EUR,0.8898
13-05-2015,EUR,0.8912
14-05-2015,EUR,0.8757
15-05-2015,EUR,0.8828
16-05-2015,EUR,0.8828
17-05-2015,EUR,0.8828
18-05-2015,EUR,0.878
19-05-2015,EUR,0.8945
20-05-2015,EUR,0.8994
21-05-2015,EUR,0.8982
22-05-2015,EUR,0.8957
23-05-2015,EUR,0.8957
24-05-2015,EUR,0.8957
25-05-2015,EUR,0.9109
26-05-2015,EUR,0.9152
27-05-2015,EUR,0.9206
28-05-2015,EUR,0.9178
29-05-2015,EUR,0.9116
30-05-2015,EUR,0.9116
31-05-2015,EUR,0.9116
01-06-2015,EUR,0.9137
02-06-2015,EUR,0.9067
03-06-2015,EUR,0.8981
04-06-2015,EUR,0.8836
05-06-2015,EUR,0.8914
06-06-2015,EUR,0.8914
07-06-2015,EUR,0.8914
08-06-2015,EUR,0.8959
09-06-2015,EUR,0.889
10-06-2015,EUR,0.8866
11-06-2015,EUR,0.8903
12-06-2015,EUR,0.8913
13-06-2015,EUR,0.8913
14-06-2015,EUR,0.8913
15-06-2015,EUR,0.8914
16-06-2015,EUR,0.8917
17-06-2015,EUR,0.8866
18-06-2015,EUR,0.8769
19-06-2015,EUR,0.885
20-06-2015,EUR,0.885
21-06-2015,EUR,0.885
22-06-2015,EUR,0.8814
23-06-2015,EUR,0.8925
24-06-2015,EUR,0.8918
25-06-2015,EUR,0.8924
26-06-2015,EUR,0.8927
27-06-2015,EUR,0.8927
28-06-2015,EUR,0.8927
29-06-2015,EUR,0.8982
30-06-2015,EUR,0.8937
01-07-2015,EUR,0.9009
02-07-2015,EUR,0.9037
03-07-2015,EUR,0.9012
04-07-2015,EUR,0.9012
05-07-2015,EUR,0.9012
06-07-2015,EUR,0.9084
07-07-2015,EUR,0.9148
08-07-2015,EUR,0.9071
09-07-2015,EUR,0.9046
10-07-2015,EUR,0.8941
11-07-2015,EUR,0.8941
12-07-2015,EUR,0.8941
13-07-2015,EUR,0.9051
14-07-2015,EUR,0.9065
15-07-2015,EUR,0.9083
16-07-2015,EUR,0.9202
17-07-2015,EUR,0.9184
18-07-2015,EUR,0.9184
19-07-2015,EUR,0.9184
20-07-2015,EUR,0.9215
21-07-2015,EUR,0.9202
22-07-2015,EUR,0.9173
23-07-2015,EUR,0.9092
24-07-2015,EUR,0.9142
25-07-2015,EUR,0.9142
26-07-2015,EUR,0.9142
27-07-2015,EUR,0.9043
28-07-2015,EUR,0.907
29-07-2015,EUR,0.9066
30-07-2015,EUR,0.9128
31-07-2015,EUR,0.9118
01-08-2015,EUR,0.9118
02-08-2015,EUR,0.9118
03-08-2015,EUR,0.9132
04-08-2015,EUR,0.9113
05-08-2015,EUR,0.9189
06-08-2015,EUR,0.9187
07-08-2015,EUR,0.914
08-08-2015,EUR,0.914
09-08-2015,EUR,0.914
10-08-2015,EUR,0.9124
11-08-2015,EUR,0.9046
12-08-2015,EUR,0.8965
13-08-2015,EUR,0.9002
14-08-2015,EUR,0.8952
15-08-2015,EUR,0.8952
16-08-2015,EUR,0.8952
17-08-2015,EUR,0.9009
18-08-2015,EUR,0.9042
19-08-2015,EUR,0.9057
20-08-2015,EUR,0.8942
21-08-2015,EUR,0.8864
22-08-2015,EUR,0.8864
23-08-2015,EUR,0.8864
24-08-2015,EUR,0.8698
25-08-2015,EUR,0.8691
26-08-2015,EUR,0.877
27-08-2015,EUR,0.8862
28-08-2015,EUR,0.8875
29-08-2015,EUR,0.8875
30-08-2015,EUR,0.8875
31-08-2015,EUR,0.8917
01-09-2015,EUR,0.89
02-09-2015,EUR,0.8885
03-09-2015,EUR,0.8906
04-09-2015,EUR,0.8978
05-09-2015,EUR,0.8978
06-09-2015,EUR,0.8978
07-09-2015,EUR,0.8972
08-09-2015,EUR,0.8959
09-09-2015,EUR,0.8977
10-09-2015,EUR,0.8941
11-09-2015,EUR,0.8875
12-09-2015,EUR,0.8875
13-09-2015,EUR,0.8875
14-09-2015,EUR,0.8846
15-09-2015,EUR,0.8834
16-09-2015,EUR,0.8906
17-09-2015,EUR,0.884
18-09-2015,EUR,0.8757
19-09-2015,EUR,0.8757
20-09-2015,EUR,0.8757
21-09-2015,EUR,0.8889
22-09-2015,EUR,0.8965
23-09-2015,EUR,0.8969
24-09-2015,EUR,0.8896
25-09-2015,EUR,0.8968
26-09-2015,EUR,0.8968
27-09-2015,EUR,0.8968
28-09-2015,EUR,0.8953
29-09-2015,EUR,0.8925
30-09-2015,EUR,0.8926
01-10-2015,EUR,0.8966
02-10-2015,EUR,0.8961
03-10-2015,EUR,0.8961
04-10-2015,EUR,0.8961
05-10-2015,EUR,0.89
06-10-2015,EUR,0.8909
07-10-2015,EUR,0.8876
08-10-2015,EUR,0.8886
09-10-2015,EUR,0.8801
10-10-2015,EUR,0.8801
11-10-2015,EUR,0.8801
12-10-2015,EUR,0.8793
13-10-2015,EUR,0.8792
14-10-2015,EUR,0.8764
15-10-2015,EUR,0.8742
16-10-2015,EUR,0.8803
17-10-2015,EUR,0.8803
18-10-2015,EUR,0.8803
19-10-2015,EUR,0.8824
20-10-2015,EUR,0.8793
21-10-2015,EUR,0.8807
22-10-2015,EUR,0.8839
23-10-2015,EUR,0.9022
24-10-2015,EUR,0.9022
25-10-2015,EUR,0.9022
26-10-2015,EUR,0.9082
27-10-2015,EUR,0.9041
28-10-2015,EUR,0.9021
29-10-2015,EUR,0.9149
30-10-2015,EUR,0.9077
31-10-2015,EUR,0.9077
01-11-2015,EUR,0.9077
02-11-2015,EUR,0.9065
03-11-2015,EUR,0.9111
04-11-2015,EUR,0.9145
05-11-2015,EUR,0.9189
06-11-2015,EUR,0.9205
07-11-2015,EUR,0.9205
08-11-2015,EUR,0.9205
09-11-2015,EUR,0.928
10-11-2015,EUR,0.9336
11-11-2015,EUR,0.9332
12-11-2015,EUR,0.9323
13-11-2015,EUR,0.929
14-11-2015,EUR,0.929
15-11-2015,EUR,0.929
16-11-2015,EUR,0.9326
17-11-2015,EUR,0.9372
18-11-2015,EUR,0.9376
19-11-2015,EUR,0.9357
20-11-2015,EUR,0.9356
21-11-2015,EUR,0.9356
22-11-2015,EUR,0.9356
23-11-2015,EUR,0.9406
24-11-2015,EUR,0.9389
25-11-2015,EUR,0.9446
26-11-2015,EUR,0.9423
27-11-2015,EUR,0.9452
28-11-2015,EUR,0.9452
29-11-2015,EUR,0.9452
30-11-2015,EUR,0.9453
01-12-2015,EUR,0.9434
02-12-2015,EUR,0.9423
03-12-2015,EUR,0.9371
04-12-2015,EUR,0.9173
05-12-2015,EUR,0.9173
06-12-2015,EUR,0.9173
07-12-2015,EUR,0.9252
08-12-2015,EUR,0.9195
09-12-2015,EUR,0.914
10-12-2015,EUR,0.9138
11-12-2015,EUR,0.9132
12-12-2015,EUR,0.9132
13-12-2015,EUR,0.9132
14-12-2015,EUR,0.9105
15-12-2015,EUR,0.9099
16-12-2015,EUR,0.9147
17-12-2015,EUR,0.9224
18-12-2015,EUR,0.9228
19-12-2015,EUR,0.9228
20-12-2015,EUR,0.9228
21-12-2015,EUR,0.92
22-12-2015,EUR,0.9131
23-12-2015,EUR,0.9161
24-12-2015,EUR,0.9135
25-12-2015,EUR,0.9135
26-12-2015,EUR,0.9135
27-12-2015,EUR,0.9135
28-12-2015,EUR,0.9122
29-12-2015,EUR,0.9131
30-12-2015,EUR,0.9152
31-12-2015,EUR,0.9185
01-01-2016,EUR,0.9185
02-01-2016,EUR,0.9185
03-01-2016,EUR,0.9185
04-01-2016,EUR,0.9176
05-01-2016,EUR,0.9306
06-01-2016,EUR,0.9309
07-01-2016,EUR,0.9201
08-01-2016,EUR,0.9207
09-01-2016,EUR,0.9207
10-01-2016,EUR,0.9207
11-01-2016,EUR,0.9184
12-01-2016,EUR,0.9228
13-01-2016,EUR,0.9246
14-01-2016,EUR,0.918
15-01-2016,EUR,0.9163
16-01-2016,EUR,0.9163
17-01-2016,EUR,0.9163
18-01-2016,EUR,0.9181
19-01-2016,EUR,0.9201
20-01-2016,EUR,0.9168
21-01-2016,EUR,0.918
22-01-2016,EUR,0.9252
23-01-2016,EUR,0.9252
24-01-2016,EUR,0.9252
25-01-2016,EUR,0.9246
26-01-2016,EUR,0.9228
27-01-2016,EUR,0.9184
28-01-2016,EUR,0.9172
29-01-2016,EUR,0.9158
30-01-2016,EUR,0.9158
31-01-2016,EUR,0.9158
01-02-2016,EUR,0.9188
02-02-2016,EUR,0.9158
03-02-2016,EUR,0.9147
04-02-2016,EUR,0.8924
05-02-2016,EUR,0.8927
06-02-2016,EUR,0.8927
07-02-2016,EUR,0.8927
08-02-2016,EUR,0.9008
09-02-2016,EUR,0.89
10-02-2016,EUR,0.8883
11-02-2016,EUR,0.8813
12-02-2016,EUR,0.8869
13-02-2016,EUR,0.8869
14-02-2016,EUR,0.8869
15-02-2016,EUR,0.8945
16-02-2016,EUR,0.8956
17-02-2016,EUR,0.898
18-02-2016,EUR,0.9022
19-02-2016,EUR,0.9012
20-02-2016,EUR,0.9012
21-02-2016,EUR,0.9012
22-02-2016,EUR,0.9069
23-02-2016,EUR,0.9089
24-02-2016,EUR,0.9107
25-02-2016,EUR,0.9069
26-02-2016,EUR,0.9086
27-02-2016,EUR,0.9086
28-02-2016,EUR,0.9086
29-02-2016,EUR,0.9184
01-03-2016,EUR,0.9198
02-03-2016,EUR,0.9211
03-03-2016,EUR,0.9173
04-03-2016,EUR,0.9116
05-03-2016,EUR,0.9116
06-03-2016,EUR,0.9116
07-03-2016,EUR,0.913
08-03-2016,EUR,0.9068
09-03-2016,EUR,0.9113
10-03-2016,EUR,0.9211
11-03-2016,EUR,0.9017
12-03-2016,EUR,0.9017
13-03-2016,EUR,0.9017
14-03-2016,EUR,0.8994
15-03-2016,EUR,0.9002
16-03-2016,EUR,0.9038
17-03-2016,EUR,0.8841
18-03-2016,EUR,0.8866
19-03-2016,EUR,0.8866
20-03-2016,EUR,0.8866
21-03-2016,EUR,0.8872
22-03-2016,EUR,0.8919
23-03-2016,EUR,0.8952
24-03-2016,EUR,0.8965
25-03-2016,EUR,0.8965
26-03-2016,EUR,0.8965
27-03-2016,EUR,0.8965
28-03-2016,EUR,0.8965
29-03-2016,EUR,0.8933
30-03-2016,EUR,0.8831
31-03-2016,EUR,0.8783
01-04-2016,EUR,0.8747
02-04-2016,EUR,0.8747
03-04-2016,EUR,0.8747
04-04-2016,EUR,0.8787
05-04-2016,EUR,0.8797
06-04-2016,EUR,0.8821
07-04-2016,EUR,0.88
08-04-2016,EUR,0.88
09-04-2016,EUR,0.88
10-04-2016,EUR,0.88
11-04-2016,EUR,0.878
12-04-2016,EUR,0.8775
13-04-2016,EUR,0.8851
14-04-2016,EUR,0.8887
15-04-2016,EUR,0.8862
16-04-2016,EUR,0.8862
17-04-2016,EUR,0.8862
18-04-2016,EUR,0.8845
19-04-2016,EUR,0.8816
20-04-2016,EUR,0.8788
21-04-2016,EUR,0.8807
22-04-2016,EUR,0.8879
23-04-2016,EUR,0.8879
24-04-2016,EUR,0.8879
25-04-2016,EUR,0.8878
26-04-2016,EUR,0.886
27-04-2016,EUR,0.8847
28-04-2016,EUR,0.8804
29-04-2016,EUR,0.877
30-04-2016,EUR,0.877
01-05-2016,EUR,0.877
02-05-2016,EUR,0.8701
03-05-2016,EUR,0.8644
04-05-2016,EUR,0.8692
05-05-2016,EUR,0.8742
06-05-2016,EUR,0.8751
07-05-2016,EUR,0.8751
08-05-2016,EUR,0.8751
09-05-2016,EUR,0.8776
10-05-2016,EUR,0.8791
11-05-2016,EUR,0.8765
12-05-2016,EUR,0.878
13-05-2016,EUR,0.8812
14-05-2016,EUR,0.8812
15-05-2016,EUR,0.8812
16-05-2016,EUR,0.8831
17-05-2016,EUR,0.8835
18-05-2016,EUR,0.8866
19-05-2016,EUR,0.8931
20-05-2016,EUR,0.8913
21-05-2016,EUR,0.8913
22-05-2016,EUR,0.8913
23-05-2016,EUR,0.8917
24-05-2016,EUR,0.8954
25-05-2016,EUR,0.8972
26-05-2016,EUR,0.8954
27-05-2016,EUR,0.8954
28-05-2016,EUR,0.8954
29-05-2016,EUR,0.8954
30-05-2016,EUR,0.8977
31-05-2016,EUR,0.8965
01-06-2016,EUR,0.8949
02-06-2016,EUR,0.8938
03-06-2016,EUR,0.8965
04-06-2016,EUR,0.8965
05-06-2016,EUR,0.8965
06-06-2016,EUR,0.8811
07-06-2016,EUR,0.8812
08-06-2016,EUR,0.8789
09-06-2016,EUR,0.8816
10-06-2016,EUR,0.8846
11-06-2016,EUR,0.8846
12-06-2016,EUR,0.8846
13-06-2016,EUR,0.8875
14-06-2016,EUR,0.8909
15-06-2016,EUR,0.8905
16-06-2016,EUR,0.8949
17-06-2016,EUR,0.8886
18-06-2016,EUR,0.8886
19-06-2016,EUR,0.8886
20-06-2016,EUR,0.8825
21-06-2016,EUR,0.8839
22-06-2016,EUR,0.8863
23-06-2016,EUR,0.878
24-06-2016,EUR,0.9037
25-06-2016,EUR,0.9037
26-06-2016,EUR,0.9037
27-06-2016,EUR,0.9093
28-06-2016,EUR,0.9031
29-06-2016,EUR,0.9017
30-06-2016,EUR,0.9007
01-07-2016,EUR,0.8981
02-07-2016,EUR,0.8981
03-07-2016,EUR,0.8981
04-07-2016,EUR,0.8978
05-07-2016,EUR,0.8972
06-07-2016,EUR,0.9034
07-07-2016,EUR,0.9025
08-07-2016,EUR,0.9033
09-07-2016,EUR,0.9033
10-07-2016,EUR,0.9033
11-07-2016,EUR,0.9051
12-07-2016,EUR,0.9016
13-07-2016,EUR,0.9032
14-07-2016,EUR,0.8963
15-07-2016,EUR,0.8986
16-07-2016,EUR,0.8986
17-07-2016,EUR,0.8986
18-07-2016,EUR,0.9047
19-07-2016,EUR,0.9062
20-07-2016,EUR,0.908
21-07-2016,EUR,0.9079
22-07-2016,EUR,0.9079
23-07-2016,EUR,0.9079
24-07-2016,EUR,0.9079
25-07-2016,EUR,0.9106
26-07-2016,EUR,0.9093
27-07-2016,EUR,0.9098
28-07-2016,EUR,0.9017
29-07-2016,EUR,0.8998
30-07-2016,EUR,0.8998
31-07-2016,EUR,0.8998
01-08-2016,EUR,0.8957
02-08-2016,EUR,0.8934
03-08-2016,EUR,0.8929
04-08-2016,EUR,0.898
05-08-2016,EUR,0.8964
06-08-2016,EUR,0.8964
07-08-2016,EUR,0.8964
08-08-2016,EUR,0.902
09-08-2016,EUR,0.9027
10-08-2016,EUR,0.8941
11-08-2016,EUR,0.8966
12-08-2016,EUR,0.8962
13-08-2016,EUR,0.8962
14-08-2016,EUR,0.8962
15-08-2016,EUR,0.8945
16-08-2016,EUR,0.8853
17-08-2016,EUR,0.8868
18-08-2016,EUR,0.8833
19-08-2016,EUR,0.8829
20-08-2016,EUR,0.8829
21-08-2016,EUR,0.8829
22-08-2016,EUR,0.8845
23-08-2016,EUR,0.8819
24-08-2016,EUR,0.8875
25-08-2016,EUR,0.8857
26-08-2016,EUR,0.8857
27-08-2016,EUR,0.8857
28-08-2016,EUR,0.8857
29-08-2016,EUR,0.8953
30-08-2016,EUR,0.8954
31-08-2016,EUR,0.8983
01-09-2016,EUR,0.8972
02-09-2016,EUR,0.8934
03-09-2016,EUR,0.8934
04-09-2016,EUR,0.8934
05-09-2016,EUR,0.8964
06-09-2016,EUR,0.8961
07-09-2016,EUR,0.8899
08-09-2016,EUR,0.8853
09-09-2016,EUR,0.8875
10-09-2016,EUR,0.8875
11-09-2016,EUR,0.8875
12-09-2016,EUR,0.8908
13-09-2016,EUR,0.8891
14-09-2016,EUR,0.8914
15-09-2016,EUR,0.8886
16-09-2016,EUR,0.8908
17-09-2016,EUR,0.8908
18-09-2016,EUR,0.8908
19-09-2016,EUR,0.8957
20-09-2016,EUR,0.8941
21-09-2016,EUR,0.8969
22-09-2016,EUR,0.8898
23-09-2016,EUR,0.8917
24-09-2016,EUR,0.8917
25-09-2016,EUR,0.8917
26-09-2016,EUR,0.8879
27-09-2016,EUR,0.8913
28-09-2016,EUR,0.8909
29-09-2016,EUR,0.8912
30-09-2016,EUR,0.896
01-10-2016,EUR,0.896
02-10-2016,EUR,0.896
03-10-2016,EUR,0.89
04-10-2016,EUR,0.896
05-10-2016,EUR,0.892
06-10-2016,EUR,0.8941
07-10-2016,EUR,0.8977
08-10-2016,EUR,0.8977
09-10-2016,EUR,0.8977
10-10-2016,EUR,0.8961
11-10-2016,EUR,0.9026
12-10-2016,EUR,0.9074
13-10-2016,EUR,0.906
14-10-2016,EUR,0.9089
15-10-2016,EUR,0.9089
16-10-2016,EUR,0.9089
17-10-2016,EUR,0.9096
18-10-2016,EUR,0.9097
19-10-2016,EUR,0.9108
20-10-2016,EUR,0.9107
21-10-2016,EUR,0.9186
22-10-2016,EUR,0.9186
23-10-2016,EUR,0.9186
24-10-2016,EUR,0.9182
25-10-2016,EUR,0.9198
26-10-2016,EUR,0.9153
27-10-2016,EUR,0.9152
28-10-2016,EUR,0.9156
29-10-2016,EUR,0.9156
30-10-2016,EUR,0.9156
31-10-2016,EUR,0.9136
01-11-2016,EUR,0.907
02-11-2016,EUR,0.9013
03-11-2016,EUR,0.9038
04-11-2016,EUR,0.9015
05-11-2016,EUR,0.9015
06-11-2016,EUR,0.9015
07-11-2016,EUR,0.904
08-11-2016,EUR,0.906
09-11-2016,EUR,0.9073
10-11-2016,EUR,0.9179
11-11-2016,EUR,0.9171
12-11-2016,EUR,0.9171
13-11-2016,EUR,0.9171
14-11-2016,EUR,0.9279
15-11-2016,EUR,0.9289
16-11-2016,EUR,0.9344
17-11-2016,EUR,0.9331
18-11-2016,EUR,0.9408
19-11-2016,EUR,0.9408
20-11-2016,EUR,0.9408
21-11-2016,EUR,0.9406
22-11-2016,EUR,0.9419
23-11-2016,EUR,0.9432
24-11-2016,EUR,0.948
25-11-2016,EUR,0.9441
26-11-2016,EUR,0.9441
27-11-2016,EUR,0.9441
28-11-2016,EUR,0.9445
29-11-2016,EUR,0.9455
30-11-2016,EUR,0.9403
01-12-2016,EUR,0.941
02-12-2016,EUR,0.9397
03-12-2016,EUR,0.9397
04-12-2016,EUR,0.9397
05-12-2016,EUR,0.9344
06-12-2016,EUR,0.9316
07-12-2016,EUR,0.932
08-12-2016,EUR,0.9292
09-12-2016,EUR,0.9471
10-12-2016,EUR,0.9471
11-12-2016,EUR,0.9471
12-12-2016,EUR,0.9438
13-12-2016,EUR,0.9425
14-12-2016,EUR,0.9395
15-12-2016,EUR,0.9598
16-12-2016,EUR,0.9579
17-12-2016,EUR,0.9579
18-12-2016,EUR,0.9579
19-12-2016,EUR,0.9595
20-12-2016,EUR,0.9649
21-12-2016,EUR,0.9596
22-12-2016,EUR,0.9575
23-12-2016,EUR,0.9573
24-12-2016,EUR,0.9573
25-12-2016,EUR,0.9573
26-12-2016,EUR,0.9573
27-12-2016,EUR,0.9574
28-12-2016,EUR,0.9614
29-12-2016,EUR,0.9567
30-12-2016,EUR,0.9487
31-12-2016,EUR,0.9487
01-01-2017,EUR,0.9487
02-01-2017,EUR,0.9556
03-01-2017,EUR,0.9629
04-01-2017,EUR,0.9581
05-01-2017,EUR,0.9523
06-01-2017,EUR,0.9444
07-01-2017,EUR,0.9444
08-01-2017,EUR,0.9444
09-01-2017,EUR,0.9509
10-01-2017,EUR,0.9463
11-01-2017,EUR,0.9521
12-01-2017,EUR,0.9364
13-01-2017,EUR,0.938
14-01-2017,EUR,0.938
15-01-2017,EUR,0.938
16-01-2017,EUR,0.9439
17-01-2017,EUR,0.936
18-01-2017,EUR,0.9377
19-01-2017,EUR,0.9374
20-01-2017,EUR,0.9406
21-01-2017,EUR,0.9406
22-01-2017,EUR,0.9406
23-01-2017,EUR,0.9333
24-01-2017,EUR,0.9304
25-01-2017,EUR,0.9308
26-01-2017,EUR,0.9346
27-01-2017,EUR,0.9362
28-01-2017,EUR,0.9362
29-01-2017,EUR,0.9362
30-01-2017,EUR,0.9407
31-01-2017,EUR,0.9298
01-02-2017,EUR,0.9268
02-02-2017,EUR,0.9252
03-02-2017,EUR,0.931
04-02-2017,EUR,0.931
05-02-2017,EUR,0.931
06-02-2017,EUR,0.9335
07-02-2017,EUR,0.9368
08-02-2017,EUR,0.9376
09-02-2017,EUR,0.9353
10-02-2017,EUR,0.9408
11-02-2017,EUR,0.9408
12-02-2017,EUR,0.9408
13-02-2017,EUR,0.9408
14-02-2017,EUR,0.9414
15-02-2017,EUR,0.9474
16-02-2017,EUR,0.9388
17-02-2017,EUR,0.939
18-02-2017,EUR,0.939
19-02-2017,EUR,0.939
20-02-2017,EUR,0.942
21-02-2017,EUR,0.949
22-02-2017,EUR,0.9512
23-02-2017,EUR,0.9458
24-02-2017,EUR,0.9426
25-02-2017,EUR,0.9426
26-02-2017,EUR,0.9426
27-02-2017,EUR,0.9446
28-02-2017,EUR,0.9437
01-03-2017,EUR,0.9494
02-03-2017,EUR,0.9511
03-03-2017,EUR,0.9465
04-03-2017,EUR,0.9465
05-03-2017,EUR,0.9465
06-03-2017,EUR,0.9441
07-03-2017,EUR,0.9455
08-03-2017,EUR,0.9473
09-03-2017,EUR,0.9478
10-03-2017,EUR,0.9429
11-03-2017,EUR,0.9429
12-03-2017,EUR,0.9429
13-03-2017,EUR,0.9378
14-03-2017,EUR,0.9406
15-03-2017,EUR,0.9414
16-03-2017,EUR,0.9323
17-03-2017,EUR,0.9314
18-03-2017,EUR,0.9314
19-03-2017,EUR,0.9314
20-03-2017,EUR,0.9301
21-03-2017,EUR,0.9258
22-03-2017,EUR,0.9253
23-03-2017,EUR,0.9271
24-03-2017,EUR,0.9255
25-03-2017,EUR,0.9255
26-03-2017,EUR,0.9255
27-03-2017,EUR,0.9184
28-03-2017,EUR,0.9209
29-03-2017,EUR,0.9304
30-03-2017,EUR,0.9314
31-03-2017,EUR,0.9354
01-04-2017,EUR,0.9354
02-04-2017,EUR,0.9354
03-04-2017,EUR,0.938
04-04-2017,EUR,0.9389
05-04-2017,EUR,0.9365
06-04-2017,EUR,0.9376
07-04-2017,EUR,0.9407
08-04-2017,EUR,0.9407
09-04-2017,EUR,0.9407
10-04-2017,EUR,0.9454
11-04-2017,EUR,0.942
12-04-2017,EUR,0.943
13-04-2017,EUR,0.9407
14-04-2017,EUR,0.9407
15-04-2017,EUR,0.9407
16-04-2017,EUR,0.9407
17-04-2017,EUR,0.9407
18-04-2017,EUR,0.9362
19-04-2017,EUR,0.9324
20-04-2017,EUR,0.9307
21-04-2017,EUR,0.9348
22-04-2017,EUR,0.9348
23-04-2017,EUR,0.9348
24-04-2017,EUR,0.9218
25-04-2017,EUR,0.9182
26-04-2017,EUR,0.918
27-04-2017,EUR,0.919
28-04-2017,EUR,0.9149
29-04-2017,EUR,0.9149
30-04-2017,EUR,0.9149
01-05-2017,EUR,0.9149
02-05-2017,EUR,0.9162
03-05-2017,EUR,0.9158
04-05-2017,EUR,0.9152
05-05-2017,EUR,0.9123
06-05-2017,EUR,0.9123
07-05-2017,EUR,0.9123
08-05-2017,EUR,0.9142
09-05-2017,EUR,0.9184
10-05-2017,EUR,0.9189
11-05-2017,EUR,0.9208
12-05-2017,EUR,0.9195
13-05-2017,EUR,0.9195
14-05-2017,EUR,0.9195
15-05-2017,EUR,0.9114
16-05-2017,EUR,0.9042
17-05-2017,EUR,0.8995
18-05-2017,EUR,0.8986
19-05-2017,EUR,0.8945
20-05-2017,EUR,0.8945
21-05-2017,EUR,0.8945
22-05-2017,EUR,0.8894
23-05-2017,EUR,0.8917
24-05-2017,EUR,0.8934
25-05-2017,EUR,0.8917
26-05-2017,EUR,0.8932
27-05-2017,EUR,0.8932
28-05-2017,EUR,0.8932
29-05-2017,EUR,0.8938
30-05-2017,EUR,0.895
31-05-2017,EUR,0.8912
01-06-2017,EUR,0.8913
02-06-2017,EUR,0.8915
03-06-2017,EUR,0.8915
04-06-2017,EUR,0.8915
05-06-2017,EUR,0.889
06-06-2017,EUR,0.8883
07-06-2017,EUR,0.8915
08-06-2017,EUR,0.8906
09-06-2017,EUR,0.8948
10-06-2017,EUR,0.8948
11-06-2017,EUR,0.8948
12-06-2017,EUR,0.8912
13-06-2017,EUR,0.8915
14-06-2017,EUR,0.8926
15-06-2017,EUR,0.8956
16-06-2017,EUR,0.8955
17-06-2017,EUR,0.8955
18-06-2017,EUR,0.8955
19-06-2017,EUR,0.8929
20-06-2017,EUR,0.8964
21-06-2017,EUR,0.8971
22-06-2017,EUR,0.8953
23-06-2017,EUR,0.895
24-06-2017,EUR,0.895
25-06-2017,EUR,0.895
26-06-2017,EUR,0.8939
27-06-2017,EUR,0.8867
28-06-2017,EUR,0.8791
29-06-2017,EUR,0.8762
30-06-2017,EUR,0.8763
01-07-2017,EUR,0.8763
02-07-2017,EUR,0.8763
03-07-2017,EUR,0.8796
04-07-2017,EUR,0.8808
05-07-2017,EUR,0.8827
06-07-2017,EUR,0.8783
07-07-2017,EUR,0.8763
08-07-2017,EUR,0.8763
09-07-2017,EUR,0.8763
10-07-2017,EUR,0.8782
11-07-2017,EUR,0.8768
12-07-2017,EUR,0.8734
13-07-2017,EUR,0.8759
14-07-2017,EUR,0.876
15-07-2017,EUR,0.876
16-07-2017,EUR,0.876
17-07-2017,EUR,0.8724
18-07-2017,EUR,0.8654
19-07-2017,EUR,0.8671
20-07-2017,EUR,0.8707
21-07-2017,EUR,0.859
22-07-2017,EUR,0.859
23-07-2017,EUR,0.859
24-07-2017,EUR,0.8585
25-07-2017,EUR,0.8551
26-07-2017,EUR,0.8588
27-07-2017,EUR,0.8551
28-07-2017,EUR,0.8526
29-07-2017,EUR,0.8526
30-07-2017,EUR,0.8526
31-07-2017,EUR,0.8527
01-08-2017,EUR,0.8466
02-08-2017,EUR,0.8454
03-08-2017,EUR,0.8432
04-08-2017,EUR,0.8426
05-08-2017,EUR,0.8426
06-08-2017,EUR,0.8426
07-08-2017,EUR,0.8477
08-08-2017,EUR,0.8465
09-08-2017,EUR,0.8524
10-08-2017,EUR,0.8524
11-08-2017,EUR,0.85
12-08-2017,EUR,0.85
13-08-2017,EUR,0.85
14-08-2017,EUR,0.8477
15-08-2017,EUR,0.8515
16-08-2017,EUR,0.854
17-08-2017,EUR,0.8549
18-08-2017,EUR,0.8518
19-08-2017,EUR,0.8518
20-08-2017,EUR,0.8518
21-08-2017,EUR,0.8503
22-08-2017,EUR,0.8495
23-08-2017,EUR,0.8475
24-08-2017,EUR,0.847
25-08-2017,EUR,0.8469
26-08-2017,EUR,0.8469
27-08-2017,EUR,0.8469
28-08-2017,EUR,0.8386
29-08-2017,EUR,0.83
30-08-2017,EUR,0.8392
31-08-2017,EUR,0.8457
01-09-2017,EUR,0.8389
02-09-2017,EUR,0.8389
03-09-2017,EUR,0.8389
04-09-2017,EUR,0.84
05-09-2017,EUR,0.841
06-09-2017,EUR,0.8382
07-09-2017,EUR,0.8354
08-09-2017,EUR,0.8292
09-09-2017,EUR,0.8292
10-09-2017,EUR,0.8292
11-09-2017,EUR,0.8335
12-09-2017,EUR,0.838
13-09-2017,EUR,0.8348
14-09-2017,EUR,0.8414
15-09-2017,EUR,0.8359
16-09-2017,EUR,0.8359
17-09-2017,EUR,0.8359
18-09-2017,EUR,0.837
19-09-2017,EUR,0.8353
20-09-2017,EUR,0.8328
21-09-2017,EUR,0.84
22-09-2017,EUR,0.8361
23-09-2017,EUR,0.8361
24-09-2017,EUR,0.8361
25-09-2017,EUR,0.8427
26-09-2017,EUR,0.8484
27-09-2017,EUR,0.8517
28-09-2017,EUR,0.849
29-09-2017,EUR,0.847
30-09-2017,EUR,0.847
01-10-2017,EUR,0.847
02-10-2017,EUR,0.8515
03-10-2017,EUR,0.8508
04-10-2017,EUR,0.8484
05-10-2017,EUR,0.8516
06-10-2017,EUR,0.8542
07-10-2017,EUR,0.8542
08-10-2017,EUR,0.8542
09-10-2017,EUR,0.8514
10-10-2017,EUR,0.8477
11-10-2017,EUR,0.8453
12-10-2017,EUR,0.8435
13-10-2017,EUR,0.8467
14-10-2017,EUR,0.8467
15-10-2017,EUR,0.8467
16-10-2017,EUR,0.8472
17-10-2017,EUR,0.8504
18-10-2017,EUR,0.8511
19-10-2017,EUR,0.845
20-10-2017,EUR,0.8462
21-10-2017,EUR,0.8462
22-10-2017,EUR,0.8462
23-10-2017,EUR,0.8518
24-10-2017,EUR,0.8503
25-10-2017,EUR,0.8485
26-10-2017,EUR,0.8508
27-10-2017,EUR,0.8617
28-10-2017,EUR,0.8617
29-10-2017,EUR,0.8617
30-10-2017,EUR,0.8612
31-10-2017,EUR,0.8593
01-11-2017,EUR,0.8612
02-11-2017,EUR,0.8587
03-11-2017,EUR,0.8579
04-11-2017,EUR,0.8579
05-11-2017,EUR,0.8579
06-11-2017,EUR,0.8628
07-11-2017,EUR,0.8649
08-11-2017,EUR,0.8628
09-11-2017,EUR,0.8598
10-11-2017,EUR,0.8581
11-11-2017,EUR,0.8581
12-11-2017,EUR,0.8581
13-11-2017,EUR,0.8579
14-11-2017,EUR,0.8514
15-11-2017,EUR,0.8446
16-11-2017,EUR,0.8495
17-11-2017,EUR,0.8478
18-11-2017,EUR,0.8478
19-11-2017,EUR,0.8478
20-11-2017,EUR,0.8488
21-11-2017,EUR,0.8534
22-11-2017,EUR,0.8511
23-11-2017,EUR,0.844
24-11-2017,EUR,0.842
25-11-2017,EUR,0.842
26-11-2017,EUR,0.842
27-11-2017,EUR,0.8367
28-11-2017,EUR,0.8412
29-11-2017,EUR,0.8455
30-11-2017,EUR,0.844
01-12-2017,EUR,0.8414
02-12-2017,EUR,0.8414
03-12-2017,EUR,0.8414
04-12-2017,EUR,0.8428
05-12-2017,EUR,0.8441
06-12-2017,EUR,0.8462
07-12-2017,EUR,0.8485
08-12-2017,EUR,0.8516
09-12-2017,EUR,0.8516
10-12-2017,EUR,0.8516
11-12-2017,EUR,0.8477
12-12-2017,EUR,0.8499
13-12-2017,EUR,0.8521
14-12-2017,EUR,0.8442
15-12-2017,EUR,0.847
16-12-2017,EUR,0.847
17-12-2017,EUR,0.847
18-12-2017,EUR,0.8478
19-12-2017,EUR,0.8458
20-12-2017,EUR,0.8442
21-12-2017,EUR,0.8432
22-12-2017,EUR,0.8437
23-12-2017,EUR,0.8437
24-12-2017,EUR,0.8437
25-12-2017,EUR,0.8437
26-12-2017,EUR,0.8437
27-12-2017,EUR,0.8407
28-12-2017,EUR,0.8379
29-12-2017,EUR,0.8338
30-12-2017,EUR,0.8338
31-12-2017,EUR,0.8338
01-01-2018,EUR,0.8338
02-01-2018,EUR,0.8288
03-01-2018,EUR,0.8317
04-01-2018,EUR,0.8288
05-01-2018,EUR,0.8302
06-01-2018,EUR,0.8302
07-01-2018,EUR,0.8302
08-01-2018,EUR,0.8352
09-01-2018,EUR,0.8381
10-01-2018,EUR,0.8339
11-01-2018,EUR,0.8322
12-01-2018,EUR,0.8239
13-01-2018,EUR,0.8239
14-01-2018,EUR,0.8239
15-01-2018,EUR,0.8145
16-01-2018,EUR,0.8177
17-01-2018,EUR,0.8195
18-01-2018,EUR,0.8173
19-01-2018,EUR,0.816
20-01-2018,EUR,0.816
21-01-2018,EUR,0.816
22-01-2018,EUR,0.8171
23-01-2018,EUR,0.8164
24-01-2018,EUR,0.8096
25-01-2018,EUR,0.806
26-01-2018,EUR,0.8041
27-01-2018,EUR,0.8041
28-01-2018,EUR,0.8041
29-01-2018,EUR,0.8078
30-01-2018,EUR,0.8051
31-01-2018,EUR,0.8028
01-02-2018,EUR,0.8026
02-02-2018,EUR,0.8005
03-02-2018,EUR,0.8005
04-02-2018,EUR,0.8005
05-02-2018,EUR,0.8039
06-02-2018,EUR,0.8111
07-02-2018,EUR,0.8105
08-02-2018,EUR,0.8162
09-02-2018,EUR,0.8148
10-02-2018,EUR,0.8148
11-02-2018,EUR,0.8148
12-02-2018,EUR,0.8155
13-02-2018,EUR,0.8108
14-02-2018,EUR,0.8098
15-02-2018,EUR,0.8004
16-02-2018,EUR,0.8023
17-02-2018,EUR,0.8023
18-02-2018,EUR,0.8023
19-02-2018,EUR,0.8058
20-02-2018,EUR,0.8104
21-02-2018,EUR,0.8122
22-02-2018,EUR,0.8146
23-02-2018,EUR,0.8131
24-02-2018,EUR,0.8131
25-02-2018,EUR,0.8131
26-02-2018,EUR,0.8117
27-02-2018,EUR,0.8129
28-02-2018,EUR,0.8187
01-03-2018,EUR,0.8216
02-03-2018,EUR,0.8122
03-03-2018,EUR,0.8122
04-03-2018,EUR,0.8122
05-03-2018,EUR,0.8125
06-03-2018,EUR,0.8057
07-03-2018,EUR,0.8053
08-03-2018,EUR,0.8051
09-03-2018,EUR,0.8136
10-03-2018,EUR,0.8136
11-03-2018,EUR,0.8136
12-03-2018,EUR,0.8129
13-03-2018,EUR,0.8079
14-03-2018,EUR,0.8085
15-03-2018,EUR,0.8103
16-03-2018,EUR,0.8129
17-03-2018,EUR,0.8129
18-03-2018,EUR,0.8129
19-03-2018,EUR,0.8124
20-03-2018,EUR,0.8146
21-03-2018,EUR,0.8139
22-03-2018,EUR,0.812
23-03-2018,EUR,0.81
24-03-2018,EUR,0.81
25-03-2018,EUR,0.81
26-03-2018,EUR,0.8057
27-03-2018,EUR,0.808
28-03-2018,EUR,0.8066
29-03-2018,EUR,0.8116
30-03-2018,EUR,0.8116
31-03-2018,EUR,0.8116
01-04-2018,EUR,0.8116
02-04-2018,EUR,0.8116
03-04-2018,EUR,0.8125
04-04-2018,EUR,0.8146
05-04-2018,EUR,0.8157
06-04-2018,EUR,0.8174
07-04-2018,EUR,0.8174
08-04-2018,EUR,0.8174
09-04-2018,EUR,0.8127
10-04-2018,EUR,0.809
11-04-2018,EUR,0.8075
12-04-2018,EUR,0.8115
13-04-2018,EUR,0.8119
14-04-2018,EUR,0.8119
15-04-2018,EUR,0.8119
16-04-2018,EUR,0.8084
17-04-2018,EUR,0.8093
18-04-2018,EUR,0.8072
19-04-2018,EUR,0.8076
20-04-2018,EUR,0.8124
21-04-2018,EUR,0.8124
22-04-2018,EUR,0.8124
23-04-2018,EUR,0.8171
24-04-2018,EUR,0.8188
25-04-2018,EUR,0.8207
26-04-2018,EUR,0.8218
27-04-2018,EUR,0.8285
28-04-2018,EUR,0.8285
29-04-2018,EUR,0.8285
30-04-2018,EUR,0.8279
01-05-2018,EUR,0.8279
02-05-2018,EUR,0.8328
03-05-2018,EUR,0.8339
04-05-2018,EUR,0.8355
05-05-2018,EUR,0.8355
06-05-2018,EUR,0.8355
07-05-2018,EUR,0.8402
08-05-2018,EUR,0.8425
09-05-2018,EUR,0.8418
10-05-2018,EUR,0.8419
11-05-2018,EUR,0.8379
12-05-2018,EUR,0.8379
13-05-2018,EUR,0.8379
14-05-2018,EUR,0.8342
15-05-2018,EUR,0.8415
16-05-2018,EUR,0.8486
17-05-2018,EUR,0.8471
18-05-2018,EUR,0.8488
19-05-2018,EUR,0.8488
20-05-2018,EUR,0.8488
21-05-2018,EUR,0.8504
22-05-2018,EUR,0.8479
23-05-2018,EUR,0.8541
24-05-2018,EUR,0.8527
25-05-2018,EUR,0.8565
26-05-2018,EUR,0.8565
27-05-2018,EUR,0.8565
28-05-2018,EUR,0.8588
29-05-2018,EUR,0.8652
30-05-2018,EUR,0.8597
31-05-2018,EUR,0.8548
01-06-2018,EUR,0.857
02-06-2018,EUR,0.857
03-06-2018,EUR,0.857
04-06-2018,EUR,0.852
05-06-2018,EUR,0.8565
06-06-2018,EUR,0.85
07-06-2018,EUR,0.8449
08-06-2018,EUR,0.8508
09-06-2018,EUR,0.8508
10-06-2018,EUR,0.8508
11-06-2018,EUR,0.8482
12-06-2018,EUR,0.8483
13-06-2018,EUR,0.8501
14-06-2018,EUR,0.8525
15-06-2018,EUR,0.8624
16-06-2018,EUR,0.8624
17-06-2018,EUR,0.8624
18-06-2018,EUR,0.8611
19-06-2018,EUR,0.867
20-06-2018,EUR,0.8637
21-06-2018,EUR,0.8667
22-06-2018,EUR,0.8585
23-06-2018,EUR,0.8585
24-06-2018,EUR,0.8585
25-06-2018,EUR,0.8547
26-06-2018,EUR,0.8568
27-06-2018,EUR,0.8609
28-06-2018,EUR,0.8633
29-06-2018,EUR,0.8578
30-06-2018,EUR,0.8578
01-07-2018,EUR,0.8578
02-07-2018,EUR,0.8592
03-07-2018,EUR,0.8573
04-07-2018,EUR,0.859
05-07-2018,EUR,0.854
06-07-2018,EUR,0.853
07-07-2018,EUR,0.853
08-07-2018,EUR,0.853
09-07-2018,EUR,0.8482
10-07-2018,EUR,0.8538
11-07-2018,EUR,0.8522
12-07-2018,EUR,0.8578
13-07-2018,EUR,0.8589
14-07-2018,EUR,0.8589
15-07-2018,EUR,0.8589
16-07-2018,EUR,0.8532
17-07-2018,EUR,0.8542
18-07-2018,EUR,0.8613
19-07-2018,EUR,0.863
20-07-2018,EUR,0.8569
21-07-2018,EUR,0.8569
22-07-2018,EUR,0.8569
23-07-2018,EUR,0.8535
24-07-2018,EUR,0.8543
25-07-2018,EUR,0.8554
26-07-2018,EUR,0.8535
27-07-2018,EUR,0.8602
28-07-2018,EUR,0.8602
29-07-2018,EUR,0.8602
30-07-2018,EUR,0.8559
31-07-2018,EUR,0.8521
01-08-2018,EUR,0.855
02-08-2018,EUR,0.8608
03-08-2018,EUR,0.863
04-08-2018,EUR,0.863
05-08-2018,EUR,0.863
06-08-2018,EUR,0.8663
07-08-2018,EUR,0.8619
08-08-2018,EUR,0.8629
09-08-2018,EUR,0.8626
10-08-2018,EUR,0.8729
11-08-2018,EUR,0.8729
12-08-2018,EUR,0.8729
13-08-2018,EUR,0.877
14-08-2018,EUR,0.8767
15-08-2018,EUR,0.8833
16-08-2018,EUR,0.8795
17-08-2018,EUR,0.8779
18-08-2018,EUR,0.8779
19-08-2018,EUR,0.8779
20-08-2018,EUR,0.8757
21-08-2018,EUR,0.8694
22-08-2018,EUR,0.8609
23-08-2018,EUR,0.8636
24-08-2018,EUR,0.863
25-08-2018,EUR,0.863
26-08-2018,EUR,0.863
27-08-2018,EUR,0.8596
28-08-2018,EUR,0.854
29-08-2018,EUR,0.8576
30-08-2018,EUR,0.8553
31-08-2018,EUR,0.8583
01-09-2018,EUR,0.8583
02-09-2018,EUR,0.8583
03-09-2018,EUR,0.8614
04-09-2018,EUR,0.8649
05-09-2018,EUR,0.8634
06-09-2018,EUR,0.8595
07-09-2018,EUR,0.861
08-09-2018,EUR,0.861
09-09-2018,EUR,0.861
10-09-2018,EUR,0.8642
11-09-2018,EUR,0.864
12-09-2018,EUR,0.8632
13-09-2018,EUR,0.8606
14-09-2018,EUR,0.8555
15-09-2018,EUR,0.8555
16-09-2018,EUR,0.8555
17-09-2018,EUR,0.8568
18-09-2018,EUR,0.8549
19-09-2018,EUR,0.8571
20-09-2018,EUR,0.8497
21-09-2018,EUR,0.8504
22-09-2018,EUR,0.8504
23-09-2018,EUR,0.8504
24-09-2018,EUR,0.8494
25-09-2018,EUR,0.8491
26-09-2018,EUR,0.852
27-09-2018,EUR,0.8542
28-09-2018,EUR,0.8639
29-09-2018,EUR,0.8639
30-09-2018,EUR,0.8639
01-10-2018,EUR,0.8616
02-10-2018,EUR,0.8663
03-10-2018,EUR,0.866
04-10-2018,EUR,0.8694
05-10-2018,EUR,0.8691
06-10-2018,EUR,0.8691
07-10-2018,EUR,0.8691
08-10-2018,EUR,0.8712
09-10-2018,EUR,0.8745
10-10-2018,EUR,0.8696
11-10-2018,EUR,0.8639
12-10-2018,EUR,0.864
13-10-2018,EUR,0.864
14-10-2018,EUR,0.864
15-10-2018,EUR,0.8635
16-10-2018,EUR,0.863
17-10-2018,EUR,0.8673
18-10-2018,EUR,0.8692
19-10-2018,EUR,0.8718
20-10-2018,EUR,0.8718
21-10-2018,EUR,0.8718
22-10-2018,EUR,0.87
23-10-2018,EUR,0.8712
24-10-2018,EUR,0.878
25-10-2018,EUR,0.876
26-10-2018,EUR,0.8814
27-10-2018,EUR,0.8814
28-10-2018,EUR,0.8814
29-10-2018,EUR,0.8787
30-10-2018,EUR,0.8794
31-10-2018,EUR,0.8835
01-11-2018,EUR,0.8777
02-11-2018,EUR,0.8759
03-11-2018,EUR,0.8759
04-11-2018,EUR,0.8759
05-11-2018,EUR,0.8795
06-11-2018,EUR,0.875
07-11-2018,EUR,0.8705
08-11-2018,EUR,0.8754
09-11-2018,EUR,0.8814
10-11-2018,EUR,0.8814
11-11-2018,EUR,0.8814
12-11-2018,EUR,0.8877
13-11-2018,EUR,0.888
14-11-2018,EUR,0.8853
15-11-2018,EUR,0.8846
16-11-2018,EUR,0.8814
17-11-2018,EUR,0.8814
18-11-2018,EUR,0.8814
19-11-2018,EUR,0.8751
20-11-2018,EUR,0.8756
21-11-2018,EUR,0.8765
22-11-2018,EUR,0.877
23-11-2018,EUR,0.8809
24-11-2018,EUR,0.8809
25-11-2018,EUR,0.8809
26-11-2018,EUR,0.88
27-11-2018,EUR,0.8828
28-11-2018,EUR,0.8862
29-11-2018,EUR,0.8782
30-11-2018,EUR,0.8804
01-12-2018,EUR,0.8804
02-12-2018,EUR,0.8804
03-12-2018,EUR,0.8825
04-12-2018,EUR,0.8765
05-12-2018,EUR,0.8807
06-12-2018,EUR,0.881
07-12-2018,EUR,0.8794
08-12-2018,EUR,0.8794
09-12-2018,EUR,0.8794
10-12-2018,EUR,0.8753
11-12-2018,EUR,0.8788
12-12-2018,EUR,0.8814
13-12-2018,EUR,0.8794
14-12-2018,EUR,0.8861
15-12-2018,EUR,0.8861
16-12-2018,EUR,0.8861
17-12-2018,EUR,0.8818
18-12-2018,EUR,0.879
19-12-2018,EUR,0.8768
20-12-2018,EUR,0.8733
21-12-2018,EUR,0.8761
22-12-2018,EUR,0.8761
23-12-2018,EUR,0.8761
24-12-2018,EUR,0.8766
25-12-2018,EUR,0.8766
26-12-2018,EUR,0.8766
27-12-2018,EUR,0.879
28-12-2018,EUR,0.8731
29-12-2018,EUR,0.8731
30-12-2018,EUR,0.8731
31-12-2018,EUR,0.8734
01-01-2019,EUR,0.8734
02-01-2019,EUR,0.8774
03-01-2019,EUR,0.8812
04-01-2019,EUR,0.877
05-01-2019,EUR,0.877
06-01-2019,EUR,0.877
07-01-2019,EUR,0.8737
08-01-2019,EUR,0.8741
09-01-2019,EUR,0.873
10-01-2019,EUR,0.8669
11-01-2019,EUR,0.8671
12-01-2019,EUR,0.8671
13-01-2019,EUR,0.8671
14-01-2019,EUR,0.8721
15-01-2019,EUR,0.8754
16-01-2019,EUR,0.878
17-01-2019,EUR,0.8775
18-01-2019,EUR,0.877
19-01-2019,EUR,0.877
20-01-2019,EUR,0.877
21-01-2019,EUR,0.8801
22-01-2019,EUR,0.8807
23-01-2019,EUR,0.8797
24-01-2019,EUR,0.8818
25-01-2019,EUR,0.8814
26-01-2019,EUR,0.8814
27-01-2019,EUR,0.8814
28-01-2019,EUR,0.8758
29-01-2019,EUR,0.8755
30-01-2019,EUR,0.875
31-01-2019,EUR,0.8705
01-02-2019,EUR,0.8718
02-02-2019,EUR,0.8718
03-02-2019,EUR,0.8718
04-02-2019,EUR,0.8737
05-02-2019,EUR,0.8754
06-02-2019,EUR,0.8777
07-02-2019,EUR,0.8814
08-02-2019,EUR,0.8814
09-02-2019,EUR,0.8814
10-02-2019,EUR,0.8814
11-02-2019,EUR,0.8843
12-02-2019,EUR,0.8853
13-02-2019,EUR,0.8846
14-02-2019,EUR,0.8875
15-02-2019,EUR,0.8881
16-02-2019,EUR,0.8881
17-02-2019,EUR,0.8881
18-02-2019,EUR,0.8828
19-02-2019,EUR,0.8854
20-02-2019,EUR,0.8817
21-02-2019,EUR,0.8807
22-02-2019,EUR,0.883
23-02-2019,EUR,0.883
24-02-2019,EUR,0.883
25-02-2019,EUR,0.8807
26-02-2019,EUR,0.8802
27-02-2019,EUR,0.8783
28-02-2019,EUR,0.876
01-03-2019,EUR,0.8785
02-03-2019,EUR,0.8785
03-03-2019,EUR,0.8785
04-03-2019,EUR,0.8821
05-03-2019,EUR,0.8827
06-03-2019,EUR,0.8846
07-03-2019,EUR,0.8872
08-03-2019,EUR,0.8911
09-03-2019,EUR,0.8911
10-03-2019,EUR,0.8911
11-03-2019,EUR,0.8894
12-03-2019,EUR,0.8869
13-03-2019,EUR,0.8847
14-03-2019,EUR,0.8853
15-03-2019,EUR,0.8843
16-03-2019,EUR,0.8843
17-03-2019,EUR,0.8843
18-03-2019,EUR,0.8811
19-03-2019,EUR,0.8804
20-03-2019,EUR,0.8807
21-03-2019,EUR,0.8782
22-03-2019,EUR,0.8848
23-03-2019,EUR,0.8848
24-03-2019,EUR,0.8848
25-03-2019,EUR,0.883
26-03-2019,EUR,0.8857
27-03-2019,EUR,0.888
28-03-2019,EUR,0.8914
29-03-2019,EUR,0.8901
30-03-2019,EUR,0.8901
31-03-2019,EUR,0.8901
01-04-2019,EUR,0.89
02-04-2019,EUR,0.8929
03-04-2019,EUR,0.8894
04-04-2019,EUR,0.8913
05-04-2019,EUR,0.8902
06-04-2019,EUR,0.8902
07-04-2019,EUR,0.8902
08-04-2019,EUR,0.8892
09-04-2019,EUR,0.8868
10-04-2019,EUR,0.8866
11-04-2019,EUR,0.8878
12-04-2019,EUR,0.8833
13-04-2019,EUR,0.8833
14-04-2019,EUR,0.8833
15-04-2019,EUR,0.8839
16-04-2019,EUR,0.8846
17-04-2019,EUR,0.8849
18-04-2019,EUR,0.8889
19-04-2019,EUR,0.8889
20-04-2019,EUR,0.8889
21-04-2019,EUR,0.8889
22-04-2019,EUR,0.8889
23-04-2019,EUR,0.8893
24-04-2019,EUR,0.8921
25-04-2019,EUR,0.899
26-04-2019,EUR,0.8982
27-04-2019,EUR,0.8982
28-04-2019,EUR,0.8982
29-04-2019,EUR,0.8969
30-04-2019,EUR,0.8914
01-05-2019,EUR,0.8914
02-05-2019,EUR,0.8919
03-05-2019,EUR,0.8965
04-05-2019,EUR,0.8965
05-05-2019,EUR,0.8965
06-05-2019,EUR,0.8929
07-05-2019,EUR,0.8941
08-05-2019,EUR,0.8927
09-05-2019,EUR,0.8934
10-05-2019,EUR,0.8905
11-05-2019,EUR,0.8905
12-05-2019,EUR,0.8905
13-05-2019,EUR,0.8893
14-05-2019,EUR,0.8908
15-05-2019,EUR,0.8942
16-05-2019,EUR,0.8926
17-05-2019,EUR,0.8951
18-05-2019,EUR,0.8951
19-05-2019,EUR,0.8951
20-05-2019,EUR,0.8955
21-05-2019,EUR,0.896
22-05-2019,EUR,0.8952
23-05-2019,EUR,0.8977
24-05-2019,EUR,0.8939
25-05-2019,EUR,0.8939
26-05-2019,EUR,0.8939
27-05-2019,EUR,0.893
28-05-2019,EUR,0.8935
29-05-2019,EUR,0.8964
30-05-2019,EUR,0.8981
31-05-2019,EUR,0.8968
01-06-2019,EUR,0.8968
02-06-2019,EUR,0.8968
03-06-2019,EUR,0.8941
04-06-2019,EUR,0.8894
05-06-2019,EUR,0.8883
06-06-2019,EUR,0.8876
07-06-2019,EUR,0.8871
08-06-2019,EUR,0.8871
09-06-2019,EUR,0.8871
10-06-2019,EUR,0.8849
11-06-2019,EUR,0.8834
12-06-2019,EUR,0.8832
13-06-2019,EUR,0.8858
14-06-2019,EUR,0.8877
15-06-2019,EUR,0.8877
16-06-2019,EUR,0.8877
17-06-2019,EUR,0.8902
18-06-2019,EUR,0.8939
19-06-2019,EUR,0.8923
20-06-2019,EUR,0.8844
21-06-2019,EUR,0.8837
22-06-2019,EUR,0.8837
23-06-2019,EUR,0.8837
24-06-2019,EUR,0.8777
25-06-2019,EUR,0.8781
26-06-2019,EUR,0.8801
27-06-2019,EUR,0.8795
28-06-2019,EUR,0.8787
29-06-2019,EUR,0.8787
30-06-2019,EUR,0.8787
01-07-2019,EUR,0.8811
02-07-2019,EUR,0.8849
03-07-2019,EUR,0.8855
04-07-2019,EUR,0.8859
05-07-2019,EUR,0.8881
06-07-2019,EUR,0.8881
07-07-2019,EUR,0.8881
08-07-2019,EUR,0.8917
09-07-2019,EUR,0.8925
10-07-2019,EUR,0.8913
11-07-2019,EUR,0.8861
12-07-2019,EUR,0.8887
13-07-2019,EUR,0.8887
14-07-2019,EUR,0.8887
15-07-2019,EUR,0.8874
16-07-2019,EUR,0.891
17-07-2019,EUR,0.8917
18-07-2019,EUR,0.8916
19-07-2019,EUR,0.8908
20-07-2019,EUR,0.8908
21-07-2019,EUR,0.8908
22-07-2019,EUR,0.8917
23-07-2019,EUR,0.895
24-07-2019,EUR,0.8977
25-07-2019,EUR,0.8997
26-07-2019,EUR,0.8978
27-07-2019,EUR,0.8978
28-07-2019,EUR,0.8978
29-07-2019,EUR,0.8994
30-07-2019,EUR,0.8965
31-07-2019,EUR,0.8968
01-08-2019,EUR,0.906
02-08-2019,EUR,0.9004
03-08-2019,EUR,0.9004
04-08-2019,EUR,0.9004
05-08-2019,EUR,0.8943
06-08-2019,EUR,0.8939
07-08-2019,EUR,0.8927
08-08-2019,EUR,0.8934
09-08-2019,EUR,0.893
10-08-2019,EUR,0.893
11-08-2019,EUR,0.893
12-08-2019,EUR,0.8933
13-08-2019,EUR,0.8911
14-08-2019,EUR,0.8938
15-08-2019,EUR,0.8969
16-08-2019,EUR,0.9029
17-08-2019,EUR,0.9029
18-08-2019,EUR,0.9029
19-08-2019,EUR,0.9007
20-08-2019,EUR,0.9029
21-08-2019,EUR,0.9006
22-08-2019,EUR,0.9023
23-08-2019,EUR,0.9038
24-08-2019,EUR,0.9038
25-08-2019,EUR,0.9038
26-08-2019,EUR,0.8996
27-08-2019,EUR,0.9006
28-08-2019,EUR,0.9023
29-08-2019,EUR,0.9032
30-08-2019,EUR,0.9061
31-08-2019,EUR,0.9061
01-09-2019,EUR,0.9061
02-09-2019,EUR,0.9117
03-09-2019,EUR,0.9143
04-09-2019,EUR,0.9076
05-09-2019,EUR,0.9043
06-09-2019,EUR,0.9069
07-09-2019,EUR,0.9069
08-09-2019,EUR,0.9069
09-09-2019,EUR,0.9064
10-09-2019,EUR,0.9058
11-09-2019,EUR,0.9088
12-09-2019,EUR,0.9122
13-09-2019,EUR,0.9012
14-09-2019,EUR,0.9012
15-09-2019,EUR,0.9012
16-09-2019,EUR,0.9065
17-09-2019,EUR,0.9069
18-09-2019,EUR,0.9047
19-09-2019,EUR,0.9036
20-09-2019,EUR,0.9066
21-09-2019,EUR,0.9066
22-09-2019,EUR,0.9066
23-09-2019,EUR,0.9103
24-09-2019,EUR,0.9088
25-09-2019,EUR,0.9106
26-09-2019,EUR,0.9142
27-09-2019,EUR,0.9145
28-09-2019,EUR,0.9145
29-09-2019,EUR,0.9145
30-09-2019,EUR,0.9184
01-10-2019,EUR,0.9176
02-10-2019,EUR,0.9153
03-10-2019,EUR,0.9132
04-10-2019,EUR,0.9108
05-10-2019,EUR,0.9108
06-10-2019,EUR,0.9108
07-10-2019,EUR,0.9097
08-10-2019,EUR,0.9102
09-10-2019,EUR,0.9107
10-10-2019,EUR,0.9066
11-10-2019,EUR,0.9056
12-10-2019,EUR,0.9056
13-10-2019,EUR,0.9056
14-10-2019,EUR,0.9065
15-10-2019,EUR,0.9085
16-10-2019,EUR,0.907
17-10-2019,EUR,0.8998
18-10-2019,EUR,0.8973
19-10-2019,EUR,0.8973
20-10-2019,EUR,0.8973
21-10-2019,EUR,0.895
22-10-2019,EUR,0.8985
23-10-2019,EUR,0.899
24-10-2019,EUR,0.8986
25-10-2019,EUR,0.9003
26-10-2019,EUR,0.9003
27-10-2019,EUR,0.9003
28-10-2019,EUR,0.902
29-10-2019,EUR,0.9013
30-10-2019,EUR,0.9004
31-10-2019,EUR,0.8965
01-11-2019,EUR,0.8977
02-11-2019,EUR,0.8977
03-11-2019,EUR,0.8977
04-11-2019,EUR,0.8962
05-11-2019,EUR,0.9002
06-11-2019,EUR,0.9017
07-11-2019,EUR,0.9028
08-11-2019,EUR,0.9063
09-11-2019,EUR,0.9063
10-11-2019,EUR,0.9063
11-11-2019,EUR,0.9057
12-11-2019,EUR,0.9079
13-11-2019,EUR,0.9086
14-11-2019,EUR,0.9093
15-11-2019,EUR,0.9063
16-11-2019,EUR,0.9063
17-11-2019,EUR,0.9063
18-11-2019,EUR,0.9041
19-11-2019,EUR,0.9028
20-11-2019,EUR,0.9042
21-11-2019,EUR,0.9016
22-11-2019,EUR,0.9043
23-11-2019,EUR,0.9043
24-11-2019,EUR,0.9043
25-11-2019,EUR,0.9084
26-11-2019,EUR,0.9074
27-11-2019,EUR,0.9083
28-11-2019,EUR,0.9087
29-11-2019,EUR,0.9106
30-11-2019,EUR,0.9106
01-12-2019,EUR,0.9106
02-12-2019,EUR,0.9072
03-12-2019,EUR,0.9033
04-12-2019,EUR,0.9024
05-12-2019,EUR,0.9014
06-12-2019,EUR,0.9014
07-12-2019,EUR,0.9014
08-12-2019,EUR,0.9014
09-12-2019,EUR,0.9029
10-12-2019,EUR,0.9028
11-12-2019,EUR,0.9029
12-12-2019,EUR,0.8979
13-12-2019,EUR,0.8949
14-12-2019,EUR,0.8949
15-12-2019,EUR,0.8949
16-12-2019,EUR,0.8972
17-12-2019,EUR,0.8959
18-12-2019,EUR,0.8997
19-12-2019,EUR,0.8995
20-12-2019,EUR,0.9011
21-12-2019,EUR,0.9011
22-12-2019,EUR,0.9011
23-12-2019,EUR,0.9029
24-12-2019,EUR,0.9025
25-12-2019,EUR,0.9025
26-12-2019,EUR,0.9025
27-12-2019,EUR,0.8966
28-12-2019,EUR,0.8966
29-12-2019,EUR,0.8966
30-12-2019,EUR,0.8937
31-12-2019,EUR,0.8902
01-01-2020,EUR,0.8902
02-01-2020,EUR,0.8934
03-01-2020,EUR,0.8971
04-01-2020,EUR,0.8971
05-01-2020,EUR,0.8971
06-01-2020,EUR,0.8933
07-01-2020,EUR,0.8951
08-01-2020,EUR,0.8997
09-01-2020,EUR,0.9001
10-01-2020,EUR,0.9016
11-01-2020,EUR,0.9016
12-01-2020,EUR,0.9016
13-01-2020,EUR,0.8988
14-01-2020,EUR,0.8997
15-01-2020,EUR,0.8975
16-01-2020,EUR,0.8953
17-01-2020,EUR,0.9003
18-01-2020,EUR,0.9003
19-01-2020,EUR,0.9003
20-01-2020,EUR,0.9021
21-01-2020,EUR,0.8997
22-01-2020,EUR,0.9019
23-01-2020,EUR,0.9016
24-01-2020,EUR,0.9062
25-01-2020,EUR,0.9062
26-01-2020,EUR,0.9062
27-01-2020,EUR,0.907
28-01-2020,EUR,0.9087
29-01-2020,EUR,0.909
30-01-2020,EUR,0.9067
31-01-2020,EUR,0.9048
01-02-2020,EUR,0.9048
02-02-2020,EUR,0.9048
03-02-2020,EUR,0.9037
04-02-2020,EUR,0.9051
05-02-2020,EUR,0.9072
06-02-2020,EUR,0.9088
07-02-2020,EUR,0.9117
08-02-2020,EUR,0.9117
09-02-2020,EUR,0.9117
10-02-2020,EUR,0.9132
11-02-2020,EUR,0.9173
12-02-2020,EUR,0.9163
13-02-2020,EUR,0.9202
14-02-2020,EUR,0.9223
15-02-2020,EUR,0.9223
16-02-2020,EUR,0.9223
17-02-2020,EUR,0.9229
18-02-2020,EUR,0.9246
19-02-2020,EUR,0.9259
20-02-2020,EUR,0.9268
21-02-2020,EUR,0.9258
22-02-2020,EUR,0.9258
23-02-2020,EUR,0.9258
24-02-2020,EUR,0.9244
25-02-2020,EUR,0.9225
26-02-2020,EUR,0.9195
27-02-2020,EUR,0.9121
28-02-2020,EUR,0.911
29-02-2020,EUR,0.911
01-03-2020,EUR,0.911
02-03-2020,EUR,0.8991
03-03-2020,EUR,0.8995
04-03-2020,EUR,0.8989
05-03-2020,EUR,0.8939
06-03-2020,EUR,0.8821
07-03-2020,EUR,0.8821
08-03-2020,EUR,0.8821
09-03-2020,EUR,0.8729
10-03-2020,EUR,0.878
11-03-2020,EUR,0.8821
12-03-2020,EUR,0.8897
13-03-2020,EUR,0.9006
14-03-2020,EUR,0.9006
15-03-2020,EUR,0.9006
16-03-2020,EUR,0.8963
17-03-2020,EUR,0.9106
18-03-2020,EUR,0.9146
19-03-2020,EUR,0.9258
20-03-2020,EUR,0.934
21-03-2020,EUR,0.934
22-03-2020,EUR,0.934
23-03-2020,EUR,0.9274
24-03-2020,EUR,0.9223
25-03-2020,EUR,0.9236
26-03-2020,EUR,0.9107
27-03-2020,EUR,0.911
28-03-2020,EUR,0.911
29-03-2020,EUR,0.911
30-03-2020,EUR,0.9063
31-03-2020,EUR,0.9127
01-04-2020,EUR,0.9144
02-04-2020,EUR,0.9169
03-04-2020,EUR,0.9272
04-04-2020,EUR,0.9272
05-04-2020,EUR,0.9272
06-04-2020,EUR,0.9267
07-04-2020,EUR,0.9187
08-04-2020,EUR,0.9199
09-04-2020,EUR,0.9202
10-04-2020,EUR,0.9202
11-04-2020,EUR,0.9202
12-04-2020,EUR,0.9202
13-04-2020,EUR,0.9202
14-04-2020,EUR,0.9122
15-04-2020,EUR,0.9172
16-04-2020,EUR,0.9184
17-04-2020,EUR,0.9208
18-04-2020,EUR,0.9208
19-04-2020,EUR,0.9208
20-04-2020,EUR,0.9208
21-04-2020,EUR,0.9228
22-04-2020,EUR,0.9202
23-04-2020,EUR,0.9283
24-04-2020,EUR,0.9259
25-04-2020,EUR,0.9259
26-04-2020,EUR,0.9259
27-04-2020,EUR,0.9215
28-04-2020,EUR,0.9194
29-04-2020,EUR,0.9223
30-04-2020,EUR,0.9195
01-05-2020,EUR,0.9195
02-05-2020,EUR,0.9195
03-05-2020,EUR,0.9195
04-05-2020,EUR,0.9139
05-05-2020,EUR,0.9223
06-05-2020,EUR,0.9253
07-05-2020,EUR,0.9274
08-05-2020,EUR,0.9223
09-05-2020,EUR,0.9223
10-05-2020,EUR,0.9223
11-05-2020,EUR,0.9239
12-05-2020,EUR,0.921
13-05-2020,EUR,0.9195
14-05-2020,EUR,0.9266
15-05-2020,EUR,0.9261
16-05-2020,EUR,0.9261
17-05-2020,EUR,0.9261
18-05-2020,EUR,0.9232
19-05-2020,EUR,0.9132
20-05-2020,EUR,0.9126
21-05-2020,EUR,0.9091
22-05-2020,EUR,0.9171
23-05-2020,EUR,0.9171
24-05-2020,EUR,0.9171
25-05-2020,EUR,0.9166
26-05-2020,EUR,0.9112
27-05-2020,EUR,0.9098
28-05-2020,EUR,0.9078
29-05-2020,EUR,0.898
30-05-2020,EUR,0.898
31-05-2020,EUR,0.898
01-06-2020,EUR,0.8996
02-06-2020,EUR,0.8949
03-06-2020,EUR,0.8933
04-06-2020,EUR,0.8889
05-06-2020,EUR,0.8826
06-06-2020,EUR,0.8826
07-06-2020,EUR,0.8826
08-06-2020,EUR,0.8861
09-06-2020,EUR,0.8854
10-06-2020,EUR,0.8791
11-06-2020,EUR,0.8812
12-06-2020,EUR,0.8846
13-06-2020,EUR,0.8846
14-06-2020,EUR,0.8846
15-06-2020,EUR,0.8887
16-06-2020,EUR,0.8843
17-06-2020,EUR,0.8903
18-06-2020,EUR,0.8911
19-06-2020,EUR,0.8921
20-06-2020,EUR,0.8921
21-06-2020,EUR,0.8921
22-06-2020,EUR,0.8918
23-06-2020,EUR,0.8835
24-06-2020,EUR,0.8865
25-06-2020,EUR,0.8929
26-06-2020,EUR,0.8918
27-06-2020,EUR,0.8918
28-06-2020,EUR,0.8918
29-06-2020,EUR,0.8862
30-06-2020,EUR,0.893
01-07-2020,EUR,0.8929
02-07-2020,EUR,0.8861
03-07-2020,EUR,0.8909
04-07-2020,EUR,0.8909
05-07-2020,EUR,0.8909
06-07-2020,EUR,0.883
07-07-2020,EUR,0.8857
08-07-2020,EUR,0.8861
09-07-2020,EUR,0.8817
10-07-2020,EUR,0.8868
11-07-2020,EUR,0.8868
12-07-2020,EUR,0.8868
13-07-2020,EUR,0.8827
14-07-2020,EUR,0.8791
15-07-2020,EUR,0.8738
16-07-2020,EUR,0.8761
17-07-2020,EUR,0.875
18-07-2020,EUR,0.875
19-07-2020,EUR,0.875
20-07-2020,EUR,0.8735
21-07-2020,EUR,0.8739
22-07-2020,EUR,0.8637
23-07-2020,EUR,0.8644
24-07-2020,EUR,0.8615
25-07-2020,EUR,0.8615
26-07-2020,EUR,0.8615
27-07-2020,EUR,0.8503
28-07-2020,EUR,0.8535
29-07-2020,EUR,0.8529
30-07-2020,EUR,0.8516
31-07-2020,EUR,0.844
01-08-2020,EUR,0.844
02-08-2020,EUR,0.844
03-08-2020,EUR,0.8528
04-08-2020,EUR,0.85
05-08-2020,EUR,0.8436
06-08-2020,EUR,0.8444
07-08-2020,EUR,0.8462
08-08-2020,EUR,0.8462
09-08-2020,EUR,0.8462
10-08-2020,EUR,0.8501
11-08-2020,EUR,0.8487
12-08-2020,EUR,0.8495
13-08-2020,EUR,0.8451
14-08-2020,EUR,0.8465
15-08-2020,EUR,0.8465
16-08-2020,EUR,0.8465
17-08-2020,EUR,0.8437
18-08-2020,EUR,0.8399
19-08-2020,EUR,0.838
20-08-2020,EUR,0.8439
21-08-2020,EUR,0.8497
22-08-2020,EUR,0.8497
23-08-2020,EUR,0.8497
24-08-2020,EUR,0.8441
25-08-2020,EUR,0.8465
26-08-2020,EUR,0.8482
27-08-2020,EUR,0.847
28-08-2020,EUR,0.8393
29-08-2020,EUR,0.8393
30-08-2020,EUR,0.8393
31-08-2020,EUR,0.8375
01-09-2020,EUR,0.8342
02-09-2020,EUR,0.8431
03-09-2020,EUR,0.8465
04-09-2020,EUR,0.8445
05-09-2020,EUR,0.8445
06-09-2020,EUR,0.8445
07-09-2020,EUR,0.8457
08-09-2020,EUR,0.8485
09-09-2020,EUR,0.8494
10-09-2020,EUR,0.844
11-09-2020,EUR,0.8436
12-09-2020,EUR,0.8436
13-09-2020,EUR,0.8436
14-09-2020,EUR,0.842
15-09-2020,EUR,0.8409
16-09-2020,EUR,0.8425
17-09-2020,EUR,0.8477
18-09-2020,EUR,0.8451
19-09-2020,EUR,0.8451
20-09-2020,EUR,0.8451
21-09-2020,EUR,0.8484
22-09-2020,EUR,0.8518
23-09-2020,EUR,0.8553
24-09-2020,EUR,0.8587
25-09-2020,EUR,0.8595
26-09-2020,EUR,0.8595
27-09-2020,EUR,0.8595
28-09-2020,EUR,0.8569
29-09-2020,EUR,0.8546
30-09-2020,EUR,0.8541
01-10-2020,EUR,0.8509
02-10-2020,EUR,0.8525
03-10-2020,EUR,0.8525
04-10-2020,EUR,0.8525
05-10-2020,EUR,0.8498
06-10-2020,EUR,0.8478
07-10-2020,EUR,0.8496
08-10-2020,EUR,0.85
09-10-2020,EUR,0.8478
10-10-2020,EUR,0.8478
11-10-2020,EUR,0.8478
12-10-2020,EUR,0.8475
13-10-2020,EUR,0.8484
14-10-2020,EUR,0.8511
15-10-2020,EUR,0.8548
16-10-2020,EUR,0.8517
17-10-2020,EUR,0.8517
18-10-2020,EUR,0.8517
19-10-2020,EUR,0.8485
20-10-2020,EUR,0.8467
21-10-2020,EUR,0.8437
22-10-2020,EUR,0.846
23-10-2020,EUR,0.8435
24-10-2020,EUR,0.8435
25-10-2020,EUR,0.8435
26-10-2020,EUR,0.8461
27-10-2020,EUR,0.8452
28-10-2020,EUR,0.8527
29-10-2020,EUR,0.8544
30-10-2020,EUR,0.8548
31-10-2020,EUR,0.8548
01-11-2020,EUR,0.8548
02-11-2020,EUR,0.8582
03-11-2020,EUR,0.8546
04-11-2020,EUR,0.8532
05-11-2020,EUR,0.8435
06-11-2020,EUR,0.8425
07-11-2020,EUR,0.8425
08-11-2020,EUR,0.8425
09-11-2020,EUR,0.8415
10-11-2020,EUR,0.8469
11-11-2020,EUR,0.8499
12-11-2020,EUR,0.8481
13-11-2020,EUR,0.8464
14-11-2020,EUR,0.8464
15-11-2020,EUR,0.8464
16-11-2020,EUR,0.8453
17-11-2020,EUR,0.8416
18-11-2020,EUR,0.8426
19-11-2020,EUR,0.8452
20-11-2020,EUR,0.843
21-11-2020,EUR,0.843
22-11-2020,EUR,0.843
23-11-2020,EUR,0.8403
24-11-2020,EUR,0.8428
25-11-2020,EUR,0.841
26-11-2020,EUR,0.8403
27-11-2020,EUR,0.8388
28-11-2020,EUR,0.8388
29-11-2020,EUR,0.8388
30-11-2020,EUR,0.8347
01-12-2020,EUR,0.8356
02-12-2020,EUR,0.8288
03-12-2020,EUR,0.823
04-12-2020,EUR,0.8224
05-12-2020,EUR,0.8224
06-12-2020,EUR,0.8224
07-12-2020,EUR,0.8245
08-12-2020,EUR,0.8255
09-12-2020,EUR,0.8258
10-12-2020,EUR,0.8254
11-12-2020,EUR,0.8246
12-12-2020,EUR,0.8246
13-12-2020,EUR,0.8246
14-12-2020,EUR,0.8222
15-12-2020,EUR,0.8237
16-12-2020,EUR,0.8204
17-12-2020,EUR,0.8166
18-12-2020,EUR,0.8157
19-12-2020,EUR,0.8157
20-12-2020,EUR,0.8157
21-12-2020,EUR,0.8215
22-12-2020,EUR,0.8171
23-12-2020,EUR,0.822
24-12-2020,EUR,0.8201
25-12-2020,EUR,0.8201
26-12-2020,EUR,0.8201
27-12-2020,EUR,0.8201
28-12-2020,EUR,0.8184
29-12-2020,EUR,0.8157
30-12-2020,EUR,0.8143
31-12-2020,EUR,0.8149
01-01-2021,EUR,0.8149
02-01-2021,EUR,0.8149
03-01-2021,EUR,0.8149
04-01-2021,EUR,0.8133
05-01-2021,EUR,0.8149
06-01-2021,EUR,0.8105
07-01-2021,EUR,0.8146
08-01-2021,EUR,0.8163
09-01-2021,EUR,0.8163
10-01-2021,EUR,0.8163
11-01-2021,EUR,0.8222
12-01-2021,EUR,0.8223
13-01-2021,EUR,0.822
14-01-2021,EUR,0.8248
15-01-2021,EUR,0.8249
16-01-2021,EUR,0.8249
17-01-2021,EUR,0.8249
18-01-2021,EUR,0.8289
19-01-2021,EUR,0.8243
20-01-2021,EUR,0.8264
21-01-2021,EUR,0.8225
22-01-2021,EUR,0.8225
23-01-2021,EUR,0.8225
24-01-2021,EUR,0.8225
25-01-2021,EUR,0.8229
26-01-2021,EUR,0.8235
27-01-2021,EUR,0.8255
28-01-2021,EUR,0.8271
29-01-2021,EUR,0.824
30-01-2021,EUR,0.824
31-01-2021,EUR,0.824
01-02-2021,EUR,0.8275
02-02-2021,EUR,0.8303
03-02-2021,EUR,0.8322
04-02-2021,EUR,0.8336
05-02-2021,EUR,0.8345
06-02-2021,EUR,0.8345
07-02-2021,EUR,0.8345
08-02-2021,EUR,0.8316
09-02-2021,EUR,0.8262
10-02-2021,EUR,0.8246
11-02-2021,EUR,0.8232
12-02-2021,EUR,0.8259
13-02-2021,EUR,0.8259
14-02-2021,EUR,0.8259
15-02-2021,EUR,0.8245
16-02-2021,EUR,0.8235
17-02-2021,EUR,0.8292
18-02-2021,EUR,0.8275
19-02-2021,EUR,0.8238
20-02-2021,EUR,0.8238
01-01-2015,AUD,1.2214
02-01-2015,AUD,1.2323
03-01-2015,AUD,1.2323
04-01-2015,AUD,1.2323
05-01-2015,AUD,1.2384
06-01-2015,AUD,1.2288
07-01-2015,AUD,1.2391
08-01-2015,AUD,1.2337
09-01-2015,AUD,1.228
10-01-2015,AUD,1.228
11-01-2015,AUD,1.228
12-01-2015,AUD,1.2282
13-01-2015,AUD,1.2257
14-01-2015,AUD,1.2291
15-01-2015,AUD,1.208
16-01-2015,AUD,1.2179
17-01-2015,AUD,1.2179
18-01-2015,AUD,1.2179
19-01-2015,AUD,1.2179
20-01-2015,AUD,1.2197
21-01-2015,AUD,1.2174
22-01-2015,AUD,1.2308
23-01-2015,AUD,1.2653
24-01-2015,AUD,1.2653
25-01-2015,AUD,1.2653
26-01-2015,AUD,1.2653
27-01-2015,AUD,1.2589
28-01-2015,AUD,1.2548
29-01-2015,AUD,1.2846
30-01-2015,AUD,1.2857
31-01-2015,AUD,1.2857
01-02-2015,AUD,1.2857
02-02-2015,AUD,1.2841
03-02-2015,AUD,1.3009
04-02-2015,AUD,1.2862
05-02-2015,AUD,1.281
06-02-2015,AUD,1.273
07-02-2015,AUD,1.273
08-02-2015,AUD,1.273
09-02-2015,AUD,1.2798
10-02-2015,AUD,1.2855
11-02-2015,AUD,1.291
12-02-2015,AUD,1.3031
13-02-2015,AUD,1.2907
14-02-2015,AUD,1.2907
15-02-2015,AUD,1.2907
16-02-2015,AUD,1.2859
17-02-2015,AUD,1.2784
18-02-2015,AUD,1.2837
19-02-2015,AUD,1.285
20-02-2015,AUD,1.2745
21-02-2015,AUD,1.2745
22-02-2015,AUD,1.2745
23-02-2015,AUD,1.2843
24-02-2015,AUD,1.2896
25-02-2015,AUD,1.2681
26-02-2015,AUD,1.2686
27-02-2015,AUD,1.2774
28-02-2015,AUD,1.2774
01-03-2015,AUD,1.2774
02-03-2015,AUD,1.2856
03-03-2015,AUD,1.2794
04-03-2015,AUD,1.2757
05-03-2015,AUD,1.2833
06-03-2015,AUD,1.2761
07-03-2015,AUD,1.2761
08-03-2015,AUD,1.2761
09-03-2015,AUD,1.2931
10-03-2015,AUD,1.3069
11-03-2015,AUD,1.314
12-03-2015,AUD,1.2976
13-03-2015,AUD,1.3053
14-03-2015,AUD,1.3053
15-03-2015,AUD,1.3053
16-03-2015,AUD,1.3069
17-03-2015,AUD,1.3083
18-03-2015,AUD,1.3124
19-03-2015,AUD,1.308
20-03-2015,AUD,1.2981
21-03-2015,AUD,1.2981
22-03-2015,AUD,1.2981
23-03-2015,AUD,1.2773
24-03-2015,AUD,1.2642
25-03-2015,AUD,1.2676
26-03-2015,AUD,1.2749
27-03-2015,AUD,1.2841
28-03-2015,AUD,1.2841
29-03-2015,AUD,1.2841
30-03-2015,AUD,1.3055
31-03-2015,AUD,1.3155
01-04-2015,AUD,1.3159
02-04-2015,AUD,1.3244
03-04-2015,AUD,1.3244
04-04-2015,AUD,1.3244
05-04-2015,AUD,1.3244
06-04-2015,AUD,1.3244
07-04-2015,AUD,1.3084
08-04-2015,AUD,1.2961
09-04-2015,AUD,1.2949
10-04-2015,AUD,1.3079
11-04-2015,AUD,1.3079
12-04-2015,AUD,1.3079
13-04-2015,AUD,1.3197
14-04-2015,AUD,1.3192
15-04-2015,AUD,1.3182
16-04-2015,AUD,1.2875
17-04-2015,AUD,1.28
18-04-2015,AUD,1.28
19-04-2015,AUD,1.28
20-04-2015,AUD,1.2891
21-04-2015,AUD,1.2917
22-04-2015,AUD,1.2842
23-04-2015,AUD,1.2938
24-04-2015,AUD,1.2827
25-04-2015,AUD,1.2827
26-04-2015,AUD,1.2827
27-04-2015,AUD,1.2814
28-04-2015,AUD,1.2585
29-04-2015,AUD,1.2509
30-04-2015,AUD,1.2627
01-05-2015,AUD,1.2627
02-05-2015,AUD,1.2627
03-05-2015,AUD,1.2627
04-05-2015,AUD,1.2756
05-05-2015,AUD,1.27
06-05-2015,AUD,1.2493
07-05-2015,AUD,1.2548
08-05-2015,AUD,1.2638
09-05-2015,AUD,1.2638
10-05-2015,AUD,1.2638
11-05-2015,AUD,1.267
12-05-2015,AUD,1.2519
13-05-2015,AUD,1.2428
14-05-2015,AUD,1.2336
15-05-2015,AUD,1.2499
16-05-2015,AUD,1.2499
17-05-2015,AUD,1.2499
18-05-2015,AUD,1.2493
19-05-2015,AUD,1.2547
20-05-2015,AUD,1.2655
21-05-2015,AUD,1.2676
22-05-2015,AUD,1.2686
23-05-2015,AUD,1.2686
24-05-2015,AUD,1.2686
25-05-2015,AUD,1.2774
26-05-2015,AUD,1.2832
27-05-2015,AUD,1.297
28-05-2015,AUD,1.3094
29-05-2015,AUD,1.307
30-05-2015,AUD,1.307
31-05-2015,AUD,1.307
01-06-2015,AUD,1.3104
02-06-2015,AUD,1.3004
03-06-2015,AUD,1.2862
04-06-2015,AUD,1.2917
05-06-2015,AUD,1.2956
06-06-2015,AUD,1.2956
07-06-2015,AUD,1.2956
08-06-2015,AUD,1.3094
09-06-2015,AUD,1.2984
10-06-2015,AUD,1.2919
11-06-2015,AUD,1.2939
12-06-2015,AUD,1.2977
13-06-2015,AUD,1.2977
14-06-2015,AUD,1.2977
15-06-2015,AUD,1.2895
16-06-2015,AUD,1.2913
17-06-2015,AUD,1.3028
18-06-2015,AUD,1.2776
19-06-2015,AUD,1.2914
20-06-2015,AUD,1.2914
21-06-2015,AUD,1.2914
22-06-2015,AUD,1.2883
23-06-2015,AUD,1.2976
24-06-2015,AUD,1.2907
25-06-2015,AUD,1.2919
26-06-2015,AUD,1.3061
27-06-2015,AUD,1.3061
28-06-2015,AUD,1.3061
29-06-2015,AUD,1.3048
30-06-2015,AUD,1.3004
01-07-2015,AUD,1.3025
02-07-2015,AUD,1.3169
03-07-2015,AUD,1.329
04-07-2015,AUD,1.329
05-07-2015,AUD,1.329
06-07-2015,AUD,1.3343
07-07-2015,AUD,1.3468
08-07-2015,AUD,1.3485
09-07-2015,AUD,1.3403
10-07-2015,AUD,1.3388
11-07-2015,AUD,1.3388
12-07-2015,AUD,1.3388
13-07-2015,AUD,1.3462
14-07-2015,AUD,1.3442
15-07-2015,AUD,1.3401
16-07-2015,AUD,1.3539
17-07-2015,AUD,1.3511
18-07-2015,AUD,1.3511
19-07-2015,AUD,1.3511
20-07-2015,AUD,1.3549
21-07-2015,AUD,1.357
22-07-2015,AUD,1.3543
23-07-2015,AUD,1.3496
24-07-2015,AUD,1.3765
25-07-2015,AUD,1.3765
26-07-2015,AUD,1.3765
27-07-2015,AUD,1.3731
28-07-2015,AUD,1.3686
29-07-2015,AUD,1.3691
30-07-2015,AUD,1.3752
31-07-2015,AUD,1.3805
01-08-2015,AUD,1.3805
02-08-2015,AUD,1.3805
03-08-2015,AUD,1.3762
04-08-2015,AUD,1.3516
05-08-2015,AUD,1.3558
06-08-2015,AUD,1.3642
07-08-2015,AUD,1.3535
08-08-2015,AUD,1.3535
09-08-2015,AUD,1.3535
10-08-2015,AUD,1.358
11-08-2015,AUD,1.3652
12-08-2015,AUD,1.3562
13-08-2015,AUD,1.3611
14-08-2015,AUD,1.3537
15-08-2015,AUD,1.3537
16-08-2015,AUD,1.3537
17-08-2015,AUD,1.36
18-08-2015,AUD,1.3621
19-08-2015,AUD,1.3609
20-08-2015,AUD,1.367
21-08-2015,AUD,1.3637
22-08-2015,AUD,1.3637
23-08-2015,AUD,1.3637
24-08-2015,AUD,1.3832
25-08-2015,AUD,1.3851
26-08-2015,AUD,1.4
27-08-2015,AUD,1.3993
28-08-2015,AUD,1.4012
29-08-2015,AUD,1.4012
30-08-2015,AUD,1.4012
31-08-2015,AUD,1.4046
01-09-2015,AUD,1.4201
02-09-2015,AUD,1.427
03-09-2015,AUD,1.428
04-09-2015,AUD,1.4319
05-09-2015,AUD,1.4319
06-09-2015,AUD,1.4319
07-09-2015,AUD,1.4411
08-09-2015,AUD,1.4313
09-09-2015,AUD,1.4238
10-09-2015,AUD,1.4154
11-09-2015,AUD,1.416
12-09-2015,AUD,1.416
13-09-2015,AUD,1.416
14-09-2015,AUD,1.4042
15-09-2015,AUD,1.4033
16-09-2015,AUD,1.3962
17-09-2015,AUD,1.3946
18-09-2015,AUD,1.3757
19-09-2015,AUD,1.3757
20-09-2015,AUD,1.3757
21-09-2015,AUD,1.3949
22-09-2015,AUD,1.4103
23-09-2015,AUD,1.4182
24-09-2015,AUD,1.4364
25-09-2015,AUD,1.4254
26-09-2015,AUD,1.4254
27-09-2015,AUD,1.4254
28-09-2015,AUD,1.4295
29-09-2015,AUD,1.4289
30-09-2015,AUD,1.4227
01-10-2015,AUD,1.4146
02-10-2015,AUD,1.422
03-10-2015,AUD,1.422
04-10-2015,AUD,1.422
05-10-2015,AUD,1.4109
06-10-2015,AUD,1.406
07-10-2015,AUD,1.3835
08-10-2015,AUD,1.3919
09-10-2015,AUD,1.3644
10-10-2015,AUD,1.3644
11-10-2015,AUD,1.3644
12-10-2015,AUD,1.3566
13-10-2015,AUD,1.3702
14-10-2015,AUD,1.3779
15-10-2015,AUD,1.3648
16-10-2015,AUD,1.378
17-10-2015,AUD,1.378
18-10-2015,AUD,1.378
19-10-2015,AUD,1.3748
20-10-2015,AUD,1.3727
21-10-2015,AUD,1.3834
22-10-2015,AUD,1.3871
23-10-2015,AUD,1.3759
24-10-2015,AUD,1.3759
25-10-2015,AUD,1.3759
26-10-2015,AUD,1.3788
27-10-2015,AUD,1.3831
28-10-2015,AUD,1.4018
29-10-2015,AUD,1.4132
30-10-2015,AUD,1.4109
31-10-2015,AUD,1.4109
01-11-2015,AUD,1.4109
02-11-2015,AUD,1.4011
03-11-2015,AUD,1.394
04-11-2015,AUD,1.3909
05-11-2015,AUD,1.3997
06-11-2015,AUD,1.3995
07-11-2015,AUD,1.3995
08-11-2015,AUD,1.3995
09-11-2015,AUD,1.4164
10-11-2015,AUD,1.4181
11-11-2015,AUD,1.4169
12-11-2015,AUD,1.4053
13-11-2015,AUD,1.4007
14-11-2015,AUD,1.4007
15-11-2015,AUD,1.4007
16-11-2015,AUD,1.4091
17-11-2015,AUD,1.4021
18-11-2015,AUD,1.409
19-11-2015,AUD,1.3966
20-11-2015,AUD,1.3871
21-11-2015,AUD,1.3871
22-11-2015,AUD,1.3871
23-11-2015,AUD,1.3915
24-11-2015,AUD,1.3861
25-11-2015,AUD,1.3793
26-11-2015,AUD,1.3838
27-11-2015,AUD,1.3884
28-11-2015,AUD,1.3884
29-11-2015,AUD,1.3884
30-11-2015,AUD,1.3868
01-12-2015,AUD,1.3717
02-12-2015,AUD,1.3653
03-12-2015,AUD,1.3635
04-12-2015,AUD,1.3666
05-12-2015,AUD,1.3666
06-12-2015,AUD,1.3666
07-12-2015,AUD,1.3738
08-12-2015,AUD,1.3884
09-12-2015,AUD,1.3876
10-12-2015,AUD,1.3707
11-12-2015,AUD,1.3863
12-12-2015,AUD,1.3863
13-12-2015,AUD,1.3863
14-12-2015,AUD,1.3868
15-12-2015,AUD,1.3831
16-12-2015,AUD,1.389
17-12-2015,AUD,1.3926
18-12-2015,AUD,1.4033
19-12-2015,AUD,1.4033
20-12-2015,AUD,1.4033
21-12-2015,AUD,1.3954
22-12-2015,AUD,1.3796
23-12-2015,AUD,1.3847
24-12-2015,AUD,1.377
25-12-2015,AUD,1.377
26-12-2015,AUD,1.377
27-12-2015,AUD,1.377
28-12-2015,AUD,1.3765
29-12-2015,AUD,1.3747
30-12-2015,AUD,1.372
31-12-2015,AUD,1.3683
01-01-2016,AUD,1.3683
02-01-2016,AUD,1.3683
03-01-2016,AUD,1.3683
04-01-2016,AUD,1.3904
05-01-2016,AUD,1.3942
06-01-2016,AUD,1.4138
07-01-2016,AUD,1.4308
08-01-2016,AUD,1.4267
09-01-2016,AUD,1.4267
10-01-2016,AUD,1.4267
11-01-2016,AUD,1.4251
12-01-2016,AUD,1.4267
13-01-2016,AUD,1.425
14-01-2016,AUD,1.4408
15-01-2016,AUD,1.4564
16-01-2016,AUD,1.4564
17-01-2016,AUD,1.4564
18-01-2016,AUD,1.4515
19-01-2016,AUD,1.4421
20-01-2016,AUD,1.4592
21-01-2016,AUD,1.4463
22-01-2016,AUD,1.423
23-01-2016,AUD,1.423
24-01-2016,AUD,1.423
25-01-2016,AUD,1.4328
26-01-2016,AUD,1.4349
27-01-2016,AUD,1.42
28-01-2016,AUD,1.4142
29-01-2016,AUD,1.4092
30-01-2016,AUD,1.4092
31-01-2016,AUD,1.4092
01-02-2016,AUD,1.4128
02-02-2016,AUD,1.4173
03-02-2016,AUD,1.4163
04-02-2016,AUD,1.3873
05-02-2016,AUD,1.3911
06-02-2016,AUD,1.3911
07-02-2016,AUD,1.3911
08-02-2016,AUD,1.4166
09-02-2016,AUD,1.4314
10-02-2016,AUD,1.4078
11-02-2016,AUD,1.4117
12-02-2016,AUD,1.4103
13-02-2016,AUD,1.4103
14-02-2016,AUD,1.4103
15-02-2016,AUD,1.3975
16-02-2016,AUD,1.3975
17-02-2016,AUD,1.4035
18-02-2016,AUD,1.3981
19-02-2016,AUD,1.4064
20-02-2016,AUD,1.4064
21-02-2016,AUD,1.4064
22-02-2016,AUD,1.3896
23-02-2016,AUD,1.3817
24-02-2016,AUD,1.395
25-02-2016,AUD,1.3868
26-02-2016,AUD,1.3879
27-02-2016,AUD,1.3879
28-02-2016,AUD,1.3879
29-02-2016,AUD,1.4015
01-03-2016,AUD,1.3977
02-03-2016,AUD,1.3826
03-03-2016,AUD,1.3624
04-03-2016,AUD,1.3545
05-03-2016,AUD,1.3545
06-03-2016,AUD,1.3545
07-03-2016,AUD,1.349
08-03-2016,AUD,1.3415
09-03-2016,AUD,1.3351
10-03-2016,AUD,1.3376
11-03-2016,AUD,1.3315
12-03-2016,AUD,1.3315
13-03-2016,AUD,1.3315
14-03-2016,AUD,1.327
15-03-2016,AUD,1.3392
16-03-2016,AUD,1.3477
17-03-2016,AUD,1.3109
18-03-2016,AUD,1.3125
19-03-2016,AUD,1.3125
20-03-2016,AUD,1.3125
21-03-2016,AUD,1.3148
22-03-2016,AUD,1.3156
23-03-2016,AUD,1.3231
24-03-2016,AUD,1.3321
25-03-2016,AUD,1.3321
26-03-2016,AUD,1.3321
27-03-2016,AUD,1.3321
28-03-2016,AUD,1.3321
29-03-2016,AUD,1.3312
30-03-2016,AUD,1.304
31-03-2016,AUD,1.3006
01-04-2016,AUD,1.302
02-04-2016,AUD,1.302
03-04-2016,AUD,1.302
04-04-2016,AUD,1.3108
05-04-2016,AUD,1.3271
06-04-2016,AUD,1.3258
07-04-2016,AUD,1.3281
08-04-2016,AUD,1.3281
09-04-2016,AUD,1.3281
10-04-2016,AUD,1.3281
11-04-2016,AUD,1.3222
12-04-2016,AUD,1.3059
13-04-2016,AUD,1.3071
14-04-2016,AUD,1.2984
15-04-2016,AUD,1.2981
16-04-2016,AUD,1.2981
17-04-2016,AUD,1.2981
18-04-2016,AUD,1.2989
19-04-2016,AUD,1.2825
20-04-2016,AUD,1.2792
21-04-2016,AUD,1.2766
22-04-2016,AUD,1.2936
23-04-2016,AUD,1.2936
24-04-2016,AUD,1.2936
25-04-2016,AUD,1.295
26-04-2016,AUD,1.2935
27-04-2016,AUD,1.3169
28-04-2016,AUD,1.3124
29-04-2016,AUD,1.3109
30-04-2016,AUD,1.3109
01-05-2016,AUD,1.3109
02-05-2016,AUD,1.3073
03-05-2016,AUD,1.3228
04-05-2016,AUD,1.3367
05-05-2016,AUD,1.3346
06-05-2016,AUD,1.3565
07-05-2016,AUD,1.3565
08-05-2016,AUD,1.3565
09-05-2016,AUD,1.3641
10-05-2016,AUD,1.3614
11-05-2016,AUD,1.3563
12-05-2016,AUD,1.3646
13-05-2016,AUD,1.3728
14-05-2016,AUD,1.3728
15-05-2016,AUD,1.3728
16-05-2016,AUD,1.3711
17-05-2016,AUD,1.3657
18-05-2016,AUD,1.3761
19-05-2016,AUD,1.3899
20-05-2016,AUD,1.3833
21-05-2016,AUD,1.3833
22-05-2016,AUD,1.3833
23-05-2016,AUD,1.3858
24-05-2016,AUD,1.3966
25-05-2016,AUD,1.3884
26-05-2016,AUD,1.3862
27-05-2016,AUD,1.3864
28-05-2016,AUD,1.3864
29-05-2016,AUD,1.3864
30-05-2016,AUD,1.3919
31-05-2016,AUD,1.3776
01-06-2016,AUD,1.3755
02-06-2016,AUD,1.3868
03-06-2016,AUD,1.3804
04-06-2016,AUD,1.3804
05-06-2016,AUD,1.3804
06-06-2016,AUD,1.3584
07-06-2016,AUD,1.3447
08-06-2016,AUD,1.3384
09-06-2016,AUD,1.3444
10-06-2016,AUD,1.3512
11-06-2016,AUD,1.3512
12-06-2016,AUD,1.3512
13-06-2016,AUD,1.3514
14-06-2016,AUD,1.361
15-06-2016,AUD,1.3524
16-06-2016,AUD,1.3614
17-06-2016,AUD,1.3537
18-06-2016,AUD,1.3537
19-06-2016,AUD,1.3537
20-06-2016,AUD,1.3403
21-06-2016,AUD,1.3322
22-06-2016,AUD,1.3324
23-06-2016,AUD,1.3223
24-06-2016,AUD,1.3474
25-06-2016,AUD,1.3474
26-06-2016,AUD,1.3474
27-06-2016,AUD,1.3509
28-06-2016,AUD,1.3532
29-06-2016,AUD,1.3445
30-06-2016,AUD,1.3447
01-07-2016,AUD,1.3367
02-07-2016,AUD,1.3367
03-07-2016,AUD,1.3367
04-07-2016,AUD,1.3281
05-07-2016,AUD,1.337
06-07-2016,AUD,1.3382
07-07-2016,AUD,1.3301
08-07-2016,AUD,1.3307
09-07-2016,AUD,1.3307
10-07-2016,AUD,1.3307
11-07-2016,AUD,1.3229
12-07-2016,AUD,1.3101
13-07-2016,AUD,1.3111
14-07-2016,AUD,1.3075
15-07-2016,AUD,1.3064
16-07-2016,AUD,1.3064
17-07-2016,AUD,1.3064
18-07-2016,AUD,1.317
19-07-2016,AUD,1.3346
20-07-2016,AUD,1.3359
21-07-2016,AUD,1.3355
22-07-2016,AUD,1.3362
23-07-2016,AUD,1.3362
24-07-2016,AUD,1.3362
25-07-2016,AUD,1.3355
26-07-2016,AUD,1.3275
27-07-2016,AUD,1.3388
28-07-2016,AUD,1.3287
29-07-2016,AUD,1.3302
30-07-2016,AUD,1.3302
31-07-2016,AUD,1.3302
01-08-2016,AUD,1.3213
02-08-2016,AUD,1.3148
03-08-2016,AUD,1.317
04-08-2016,AUD,1.3114
05-08-2016,AUD,1.3058
06-08-2016,AUD,1.3058
07-08-2016,AUD,1.3058
08-08-2016,AUD,1.3096
09-08-2016,AUD,1.3056
10-08-2016,AUD,1.292
11-08-2016,AUD,1.2965
12-08-2016,AUD,1.3027
13-08-2016,AUD,1.3027
14-08-2016,AUD,1.3027
15-08-2016,AUD,1.3038
16-08-2016,AUD,1.2928
17-08-2016,AUD,1.3107
18-08-2016,AUD,1.3043
19-08-2016,AUD,1.3135
20-08-2016,AUD,1.3135
21-08-2016,AUD,1.3135
22-08-2016,AUD,1.314
23-08-2016,AUD,1.3073
24-08-2016,AUD,1.3119
25-08-2016,AUD,1.3144
26-08-2016,AUD,1.3083
27-08-2016,AUD,1.3083
28-08-2016,AUD,1.3083
29-08-2016,AUD,1.3241
30-08-2016,AUD,1.3241
31-08-2016,AUD,1.33
01-09-2016,AUD,1.3279
02-09-2016,AUD,1.3231
03-09-2016,AUD,1.3231
04-09-2016,AUD,1.3231
05-09-2016,AUD,1.3173
06-09-2016,AUD,1.3106
07-09-2016,AUD,1.3026
08-09-2016,AUD,1.2953
09-09-2016,AUD,1.3166
10-09-2016,AUD,1.3166
11-09-2016,AUD,1.3166
12-09-2016,AUD,1.3299
13-09-2016,AUD,1.3282
14-09-2016,AUD,1.3391
15-09-2016,AUD,1.3361
16-09-2016,AUD,1.3316
17-09-2016,AUD,1.3316
18-09-2016,AUD,1.3316
19-09-2016,AUD,1.3249
20-09-2016,AUD,1.3244
21-09-2016,AUD,1.3152
22-09-2016,AUD,1.3057
23-09-2016,AUD,1.3095
24-09-2016,AUD,1.3095
25-09-2016,AUD,1.3095
26-09-2016,AUD,1.3098
27-09-2016,AUD,1.3067
28-09-2016,AUD,1.304
29-09-2016,AUD,1.3049
30-09-2016,AUD,1.3132
01-10-2016,AUD,1.3132
02-10-2016,AUD,1.3132
03-10-2016,AUD,1.3028
04-10-2016,AUD,1.3049
05-10-2016,AUD,1.3132
06-10-2016,AUD,1.3198
07-10-2016,AUD,1.3192
08-10-2016,AUD,1.3192
09-10-2016,AUD,1.3192
10-10-2016,AUD,1.3163
11-10-2016,AUD,1.3249
12-10-2016,AUD,1.3206
13-10-2016,AUD,1.3231
14-10-2016,AUD,1.3108
15-10-2016,AUD,1.3108
16-10-2016,AUD,1.3108
17-10-2016,AUD,1.3131
18-10-2016,AUD,1.3037
19-10-2016,AUD,1.3023
20-10-2016,AUD,1.3036
21-10-2016,AUD,1.3107
22-10-2016,AUD,1.3107
23-10-2016,AUD,1.3107
24-10-2016,AUD,1.3114
25-10-2016,AUD,1.3088
26-10-2016,AUD,1.3016
27-10-2016,AUD,1.3123
28-10-2016,AUD,1.3206
29-10-2016,AUD,1.3206
30-10-2016,AUD,1.3206
31-10-2016,AUD,1.3153
01-11-2016,AUD,1.3008
02-11-2016,AUD,1.305
03-11-2016,AUD,1.3046
04-11-2016,AUD,1.3015
05-11-2016,AUD,1.3015
06-11-2016,AUD,1.3015
07-11-2016,AUD,1.3015
08-11-2016,AUD,1.2984
09-11-2016,AUD,1.3007
10-11-2016,AUD,1.3158
11-11-2016,AUD,1.3149
12-11-2016,AUD,1.3149
13-11-2016,AUD,1.3149
14-11-2016,AUD,1.3247
15-11-2016,AUD,1.3228
16-11-2016,AUD,1.3393
17-11-2016,AUD,1.3398
18-11-2016,AUD,1.3525
19-11-2016,AUD,1.3525
20-11-2016,AUD,1.3525
21-11-2016,AUD,1.3568
22-11-2016,AUD,1.3518
23-11-2016,AUD,1.3482
24-11-2016,AUD,1.3532
25-11-2016,AUD,1.3435
26-11-2016,AUD,1.3435
27-11-2016,AUD,1.3435
28-11-2016,AUD,1.3406
29-11-2016,AUD,1.3436
30-11-2016,AUD,1.3438
01-12-2016,AUD,1.353
02-12-2016,AUD,1.3468
03-12-2016,AUD,1.3468
04-12-2016,AUD,1.3468
05-12-2016,AUD,1.3447
06-12-2016,AUD,1.3411
07-12-2016,AUD,1.3428
08-12-2016,AUD,1.3386
09-12-2016,AUD,1.3392
10-12-2016,AUD,1.3392
11-12-2016,AUD,1.3392
12-12-2016,AUD,1.3377
13-12-2016,AUD,1.3341
14-12-2016,AUD,1.3319
15-12-2016,AUD,1.3542
16-12-2016,AUD,1.364
17-12-2016,AUD,1.364
18-12-2016,AUD,1.364
19-12-2016,AUD,1.377
20-12-2016,AUD,1.3817
21-12-2016,AUD,1.3763
22-12-2016,AUD,1.3855
23-12-2016,AUD,1.3944
24-12-2016,AUD,1.3944
25-12-2016,AUD,1.3944
26-12-2016,AUD,1.3944
27-12-2016,AUD,1.3913
28-12-2016,AUD,1.3933
29-12-2016,AUD,1.3876
30-12-2016,AUD,1.3847
31-12-2016,AUD,1.3847
01-01-2017,AUD,1.3847
02-01-2017,AUD,1.3926
03-01-2017,AUD,1.3854
04-01-2017,AUD,1.3771
05-01-2017,AUD,1.3714
06-01-2017,AUD,1.363
07-01-2017,AUD,1.363
08-01-2017,AUD,1.363
09-01-2017,AUD,1.3653
10-01-2017,AUD,1.3627
11-01-2017,AUD,1.3559
12-01-2017,AUD,1.3302
13-01-2017,AUD,1.3343
14-01-2017,AUD,1.3343
15-01-2017,AUD,1.3343
16-01-2017,AUD,1.3377
17-01-2017,AUD,1.3255
18-01-2017,AUD,1.3248
19-01-2017,AUD,1.3229
20-01-2017,AUD,1.3276
21-01-2017,AUD,1.3276
22-01-2017,AUD,1.3276
23-01-2017,AUD,1.3212
24-01-2017,AUD,1.321
25-01-2017,AUD,1.323
26-01-2017,AUD,1.3276
27-01-2017,AUD,1.3266
28-01-2017,AUD,1.3266
29-01-2017,AUD,1.3266
30-01-2017,AUD,1.3273
31-01-2017,AUD,1.3201
01-02-2017,AUD,1.3184
02-02-2017,AUD,1.3009
03-02-2017,AUD,1.3087
04-02-2017,AUD,1.3087
05-02-2017,AUD,1.3087
06-02-2017,AUD,1.3075
07-02-2017,AUD,1.3128
08-02-2017,AUD,1.309
09-02-2017,AUD,1.3061
10-02-2017,AUD,1.3082
11-02-2017,AUD,1.3082
12-02-2017,AUD,1.3082
13-02-2017,AUD,1.3046
14-02-2017,AUD,1.3003
15-02-2017,AUD,1.3037
16-02-2017,AUD,1.2963
17-02-2017,AUD,1.3044
18-02-2017,AUD,1.3044
19-02-2017,AUD,1.3044
20-02-2017,AUD,1.3032
21-02-2017,AUD,1.3061
22-02-2017,AUD,1.3021
23-02-2017,AUD,1.2949
24-02-2017,AUD,1.3023
25-02-2017,AUD,1.3023
26-02-2017,AUD,1.3023
27-02-2017,AUD,1.3031
28-02-2017,AUD,1.3029
01-03-2017,AUD,1.3056
02-03-2017,AUD,1.3163
03-03-2017,AUD,1.321
04-03-2017,AUD,1.321
05-03-2017,AUD,1.321
06-03-2017,AUD,1.3158
07-03-2017,AUD,1.3162
08-03-2017,AUD,1.3232
09-03-2017,AUD,1.3311
10-03-2017,AUD,1.329
11-03-2017,AUD,1.329
12-03-2017,AUD,1.329
13-03-2017,AUD,1.3203
14-03-2017,AUD,1.3238
15-03-2017,AUD,1.3173
16-03-2017,AUD,1.3001
17-03-2017,AUD,1.2983
18-03-2017,AUD,1.2983
19-03-2017,AUD,1.2983
20-03-2017,AUD,1.2948
21-03-2017,AUD,1.2932
22-03-2017,AUD,1.3034
23-03-2017,AUD,1.3102
24-03-2017,AUD,1.3125
25-03-2017,AUD,1.3125
26-03-2017,AUD,1.3125
27-03-2017,AUD,1.3097
28-03-2017,AUD,1.3151
29-03-2017,AUD,1.3082
30-03-2017,AUD,1.3028
31-03-2017,AUD,1.3078
01-04-2017,AUD,1.3078
02-04-2017,AUD,1.3078
03-04-2017,AUD,1.3143
04-04-2017,AUD,1.3247
05-04-2017,AUD,1.3191
06-04-2017,AUD,1.3222
07-04-2017,AUD,1.3286
08-04-2017,AUD,1.3286
09-04-2017,AUD,1.3286
10-04-2017,AUD,1.3348
11-04-2017,AUD,1.3317
12-04-2017,AUD,1.3355
13-04-2017,AUD,1.3196
14-04-2017,AUD,1.3196
15-04-2017,AUD,1.3196
16-04-2017,AUD,1.3196
17-04-2017,AUD,1.3196
18-04-2017,AUD,1.3251
19-04-2017,AUD,1.3291
20-04-2017,AUD,1.3288
21-04-2017,AUD,1.3291
22-04-2017,AUD,1.3291
23-04-2017,AUD,1.3291
24-04-2017,AUD,1.321
25-04-2017,AUD,1.3272
26-04-2017,AUD,1.3365
27-04-2017,AUD,1.3396
28-04-2017,AUD,1.3384
29-04-2017,AUD,1.3384
30-04-2017,AUD,1.3384
01-05-2017,AUD,1.3384
02-05-2017,AUD,1.3301
03-05-2017,AUD,1.3385
04-05-2017,AUD,1.352
05-05-2017,AUD,1.3532
06-05-2017,AUD,1.3532
07-05-2017,AUD,1.3532
08-05-2017,AUD,1.3523
09-05-2017,AUD,1.3601
10-05-2017,AUD,1.3545
11-05-2017,AUD,1.357
12-05-2017,AUD,1.3545
13-05-2017,AUD,1.3545
14-05-2017,AUD,1.3545
15-05-2017,AUD,1.3435
16-05-2017,AUD,1.3491
17-05-2017,AUD,1.3505
18-05-2017,AUD,1.344
19-05-2017,AUD,1.3446
20-05-2017,AUD,1.3446
21-05-2017,AUD,1.3446
22-05-2017,AUD,1.3385
23-05-2017,AUD,1.3321
24-05-2017,AUD,1.3374
25-05-2017,AUD,1.3396
26-05-2017,AUD,1.3432
27-05-2017,AUD,1.3432
28-05-2017,AUD,1.3432
29-05-2017,AUD,1.3447
30-05-2017,AUD,1.3418
31-05-2017,AUD,1.3416
01-06-2017,AUD,1.3532
02-06-2017,AUD,1.3527
03-06-2017,AUD,1.3527
04-06-2017,AUD,1.3527
05-06-2017,AUD,1.337
06-06-2017,AUD,1.3359
07-06-2017,AUD,1.3234
08-06-2017,AUD,1.3264
09-06-2017,AUD,1.3276
10-06-2017,AUD,1.3276
11-06-2017,AUD,1.3276
12-06-2017,AUD,1.3256
13-06-2017,AUD,1.3266
14-06-2017,AUD,1.3191
15-06-2017,AUD,1.3185
16-06-2017,AUD,1.3149
17-06-2017,AUD,1.3149
18-06-2017,AUD,1.3149
19-06-2017,AUD,1.3131
20-06-2017,AUD,1.3153
21-06-2017,AUD,1.3221
22-06-2017,AUD,1.3262
23-06-2017,AUD,1.3214
24-06-2017,AUD,1.3214
25-06-2017,AUD,1.3214
26-06-2017,AUD,1.3204
27-06-2017,AUD,1.314
28-06-2017,AUD,1.3175
29-06-2017,AUD,1.3027
30-06-2017,AUD,1.3013
01-07-2017,AUD,1.3013
02-07-2017,AUD,1.3013
03-07-2017,AUD,1.306
04-07-2017,AUD,1.3144
05-07-2017,AUD,1.3166
06-07-2017,AUD,1.3182
07-07-2017,AUD,1.3149
08-07-2017,AUD,1.3149
09-07-2017,AUD,1.3149
10-07-2017,AUD,1.3172
11-07-2017,AUD,1.3142
12-07-2017,AUD,1.3072
13-07-2017,AUD,1.2937
14-07-2017,AUD,1.2887
15-07-2017,AUD,1.2887
16-07-2017,AUD,1.2887
17-07-2017,AUD,1.277
18-07-2017,AUD,1.2605
19-07-2017,AUD,1.26
20-07-2017,AUD,1.2634
21-07-2017,AUD,1.2626
22-07-2017,AUD,1.2626
23-07-2017,AUD,1.2626
24-07-2017,AUD,1.2587
25-07-2017,AUD,1.2565
26-07-2017,AUD,1.2639
27-07-2017,AUD,1.25
28-07-2017,AUD,1.256
29-07-2017,AUD,1.256
30-07-2017,AUD,1.256
31-07-2017,AUD,1.2546
01-08-2017,AUD,1.2541
02-08-2017,AUD,1.2551
03-08-2017,AUD,1.2599
04-08-2017,AUD,1.2545
05-08-2017,AUD,1.2545
06-08-2017,AUD,1.2545
07-08-2017,AUD,1.2638
08-08-2017,AUD,1.2597
09-08-2017,AUD,1.2683
10-08-2017,AUD,1.269
11-08-2017,AUD,1.2717
12-08-2017,AUD,1.2717
13-08-2017,AUD,1.2717
14-08-2017,AUD,1.2703
15-08-2017,AUD,1.2755
16-08-2017,AUD,1.2727
17-08-2017,AUD,1.2615
18-08-2017,AUD,1.2632
19-08-2017,AUD,1.2632
20-08-2017,AUD,1.2632
21-08-2017,AUD,1.261
22-08-2017,AUD,1.2647
23-08-2017,AUD,1.2659
24-08-2017,AUD,1.2664
25-08-2017,AUD,1.2635
26-08-2017,AUD,1.2635
27-08-2017,AUD,1.2635
28-08-2017,AUD,1.2585
29-08-2017,AUD,1.2542
30-08-2017,AUD,1.2602
31-08-2017,AUD,1.2699
01-09-2017,AUD,1.2602
02-09-2017,AUD,1.2602
03-09-2017,AUD,1.2602
04-09-2017,AUD,1.2566
05-09-2017,AUD,1.2533
06-09-2017,AUD,1.254
07-09-2017,AUD,1.2468
08-09-2017,AUD,1.2339
09-09-2017,AUD,1.2339
10-09-2017,AUD,1.2339
11-09-2017,AUD,1.2432
12-09-2017,AUD,1.2442
13-09-2017,AUD,1.2446
14-09-2017,AUD,1.2517
15-09-2017,AUD,1.2464
16-09-2017,AUD,1.2464
17-09-2017,AUD,1.2464
18-09-2017,AUD,1.251
19-09-2017,AUD,1.2503
20-09-2017,AUD,1.2402
21-09-2017,AUD,1.2601
22-09-2017,AUD,1.255
23-09-2017,AUD,1.255
24-09-2017,AUD,1.255
25-09-2017,AUD,1.257
26-09-2017,AUD,1.2678
27-09-2017,AUD,1.2737
28-09-2017,AUD,1.2781
29-09-2017,AUD,1.2769
30-09-2017,AUD,1.2769
01-10-2017,AUD,1.2769
02-10-2017,AUD,1.2803
03-10-2017,AUD,1.2796
04-10-2017,AUD,1.2714
05-10-2017,AUD,1.2787
06-10-2017,AUD,1.2864
07-10-2017,AUD,1.2864
08-10-2017,AUD,1.2864
09-10-2017,AUD,1.2891
10-10-2017,AUD,1.2846
11-10-2017,AUD,1.2837
12-10-2017,AUD,1.2799
13-10-2017,AUD,1.2769
14-10-2017,AUD,1.2769
15-10-2017,AUD,1.2769
16-10-2017,AUD,1.2705
17-10-2017,AUD,1.2751
18-10-2017,AUD,1.2775
19-10-2017,AUD,1.2703
20-10-2017,AUD,1.2739
21-10-2017,AUD,1.2739
22-10-2017,AUD,1.2739
23-10-2017,AUD,1.2792
24-10-2017,AUD,1.2853
25-10-2017,AUD,1.2967
26-10-2017,AUD,1.2974
27-10-2017,AUD,1.3094
28-10-2017,AUD,1.3094
29-10-2017,AUD,1.3094
30-10-2017,AUD,1.3045
31-10-2017,AUD,1.3069
01-11-2017,AUD,1.3035
02-11-2017,AUD,1.2982
03-11-2017,AUD,1.3026
04-11-2017,AUD,1.3026
05-11-2017,AUD,1.3026
06-11-2017,AUD,1.3046
07-11-2017,AUD,1.307
08-11-2017,AUD,1.3023
09-11-2017,AUD,1.3021
10-11-2017,AUD,1.304
11-11-2017,AUD,1.304
12-11-2017,AUD,1.304
13-11-2017,AUD,1.3089
14-11-2017,AUD,1.3079
15-11-2017,AUD,1.316
16-11-2017,AUD,1.3174
17-11-2017,AUD,1.3253
18-11-2017,AUD,1.3253
19-11-2017,AUD,1.3253
20-11-2017,AUD,1.3235
21-11-2017,AUD,1.3198
22-11-2017,AUD,1.3195
23-11-2017,AUD,1.3109
24-11-2017,AUD,1.3122
25-11-2017,AUD,1.3122
26-11-2017,AUD,1.3122
27-11-2017,AUD,1.3099
28-11-2017,AUD,1.3138
29-11-2017,AUD,1.3213
30-11-2017,AUD,1.3215
01-12-2017,AUD,1.3204
02-12-2017,AUD,1.3204
03-12-2017,AUD,1.3204
04-12-2017,AUD,1.3135
05-12-2017,AUD,1.3094
06-12-2017,AUD,1.3172
07-12-2017,AUD,1.3306
08-12-2017,AUD,1.3303
09-12-2017,AUD,1.3303
10-12-2017,AUD,1.3303
11-12-2017,AUD,1.3288
12-12-2017,AUD,1.3208
13-12-2017,AUD,1.321
14-12-2017,AUD,1.3045
15-12-2017,AUD,1.3029
16-12-2017,AUD,1.3029
17-12-2017,AUD,1.3029
18-12-2017,AUD,1.305
19-12-2017,AUD,1.3031
20-12-2017,AUD,1.3024
21-12-2017,AUD,1.3029
22-12-2017,AUD,1.2957
23-12-2017,AUD,1.2957
24-12-2017,AUD,1.2957
25-12-2017,AUD,1.2957
26-12-2017,AUD,1.2957
27-12-2017,AUD,1.2876
28-12-2017,AUD,1.2846
29-12-2017,AUD,1.2796
30-12-2017,AUD,1.2796
31-12-2017,AUD,1.2796
01-01-2018,AUD,1.2796
02-01-2018,AUD,1.2775
03-01-2018,AUD,1.2758
04-01-2018,AUD,1.2763
05-01-2018,AUD,1.2753
06-01-2018,AUD,1.2753
07-01-2018,AUD,1.2753
08-01-2018,AUD,1.277
09-01-2018,AUD,1.2774
10-01-2018,AUD,1.2749
11-01-2018,AUD,1.2716
12-01-2018,AUD,1.2702
13-01-2018,AUD,1.2702
14-01-2018,AUD,1.2702
15-01-2018,AUD,1.2571
16-01-2018,AUD,1.2575
17-01-2018,AUD,1.2549
18-01-2018,AUD,1.2514
19-01-2018,AUD,1.2486
20-01-2018,AUD,1.2486
21-01-2018,AUD,1.2486
22-01-2018,AUD,1.249
23-01-2018,AUD,1.2544
24-01-2018,AUD,1.2395
25-01-2018,AUD,1.2378
26-01-2018,AUD,1.2367
27-01-2018,AUD,1.2367
28-01-2018,AUD,1.2367
29-01-2018,AUD,1.2361
30-01-2018,AUD,1.2354
31-01-2018,AUD,1.2328
01-02-2018,AUD,1.2495
02-02-2018,AUD,1.2512
03-02-2018,AUD,1.2512
04-02-2018,AUD,1.2512
05-02-2018,AUD,1.2592
06-02-2018,AUD,1.2757
07-02-2018,AUD,1.2712
08-02-2018,AUD,1.2809
09-02-2018,AUD,1.2809
10-02-2018,AUD,1.2809
11-02-2018,AUD,1.2809
12-02-2018,AUD,1.2758
13-02-2018,AUD,1.2742
14-02-2018,AUD,1.272
15-02-2018,AUD,1.2613
16-02-2018,AUD,1.2592
17-02-2018,AUD,1.2592
18-02-2018,AUD,1.2592
19-02-2018,AUD,1.2632
20-02-2018,AUD,1.2681
21-02-2018,AUD,1.2739
22-02-2018,AUD,1.2788
23-02-2018,AUD,1.2782
24-02-2018,AUD,1.2782
25-02-2018,AUD,1.2782
26-02-2018,AUD,1.2752
27-02-2018,AUD,1.2762
28-02-2018,AUD,1.2803
01-03-2018,AUD,1.2937
02-03-2018,AUD,1.2902
03-03-2018,AUD,1.2902
04-03-2018,AUD,1.2902
05-03-2018,AUD,1.2909
06-03-2018,AUD,1.2763
07-03-2018,AUD,1.2812
08-03-2018,AUD,1.2811
09-03-2018,AUD,1.2832
10-03-2018,AUD,1.2832
11-03-2018,AUD,1.2832
12-03-2018,AUD,1.2714
13-03-2018,AUD,1.267
14-03-2018,AUD,1.2648
15-03-2018,AUD,1.275
16-03-2018,AUD,1.2893
17-03-2018,AUD,1.2893
18-03-2018,AUD,1.2893
19-03-2018,AUD,1.2994
20-03-2018,AUD,1.298
21-03-2018,AUD,1.3018
22-03-2018,AUD,1.297
23-03-2018,AUD,1.2942
24-03-2018,AUD,1.2942
25-03-2018,AUD,1.2942
26-03-2018,AUD,1.293
27-03-2018,AUD,1.2985
28-03-2018,AUD,1.3012
29-03-2018,AUD,1.3015
30-03-2018,AUD,1.3015
31-03-2018,AUD,1.3015
01-04-2018,AUD,1.3015
02-04-2018,AUD,1.3015
03-04-2018,AUD,1.2995
04-04-2018,AUD,1.3016
05-04-2018,AUD,1.3002
06-04-2018,AUD,1.3024
07-04-2018,AUD,1.3024
08-04-2018,AUD,1.3024
09-04-2018,AUD,1.3045
10-04-2018,AUD,1.2925
11-04-2018,AUD,1.2904
12-04-2018,AUD,1.2897
13-04-2018,AUD,1.2829
14-04-2018,AUD,1.2829
15-04-2018,AUD,1.2829
16-04-2018,AUD,1.2876
17-04-2018,AUD,1.2875
18-04-2018,AUD,1.2878
19-04-2018,AUD,1.2835
20-04-2018,AUD,1.2985
21-04-2018,AUD,1.2985
22-04-2018,AUD,1.2985
23-04-2018,AUD,1.3082
24-04-2018,AUD,1.3132
25-04-2018,AUD,1.3228
26-04-2018,AUD,1.3207
27-04-2018,AUD,1.3235
28-04-2018,AUD,1.3235
29-04-2018,AUD,1.3235
30-04-2018,AUD,1.3257
01-05-2018,AUD,1.3257
02-05-2018,AUD,1.3315
03-05-2018,AUD,1.3281
04-05-2018,AUD,1.3297
05-05-2018,AUD,1.3297
06-05-2018,AUD,1.3297
07-05-2018,AUD,1.3344
08-05-2018,AUD,1.342
09-05-2018,AUD,1.3404
10-05-2018,AUD,1.3357
11-05-2018,AUD,1.324
12-05-2018,AUD,1.324
13-05-2018,AUD,1.324
14-05-2018,AUD,1.3231
15-05-2018,AUD,1.3344
16-05-2018,AUD,1.3358
17-05-2018,AUD,1.3283
18-05-2018,AUD,1.3304
19-05-2018,AUD,1.3304
20-05-2018,AUD,1.3304
21-05-2018,AUD,1.3283
22-05-2018,AUD,1.3179
23-05-2018,AUD,1.3276
24-05-2018,AUD,1.3232
25-05-2018,AUD,1.3211
26-05-2018,AUD,1.3211
27-05-2018,AUD,1.3211
28-05-2018,AUD,1.3234
29-05-2018,AUD,1.3295
30-05-2018,AUD,1.3247
31-05-2018,AUD,1.3175
01-06-2018,AUD,1.3278
02-06-2018,AUD,1.3278
03-06-2018,AUD,1.3278
04-06-2018,AUD,1.3045
05-06-2018,AUD,1.3135
06-06-2018,AUD,1.306
07-06-2018,AUD,1.3059
08-06-2018,AUD,1.3184
09-06-2018,AUD,1.3184
10-06-2018,AUD,1.3184
11-06-2018,AUD,1.3148
12-06-2018,AUD,1.3154
13-06-2018,AUD,1.3181
14-06-2018,AUD,1.3226
15-06-2018,AUD,1.3382
16-06-2018,AUD,1.3382
17-06-2018,AUD,1.3382
18-06-2018,AUD,1.3442
19-06-2018,AUD,1.3608
20-06-2018,AUD,1.355
21-06-2018,AUD,1.3576
22-06-2018,AUD,1.3462
23-06-2018,AUD,1.3462
24-06-2018,AUD,1.3462
25-06-2018,AUD,1.3455
26-06-2018,AUD,1.3518
27-06-2018,AUD,1.3537
28-06-2018,AUD,1.3622
29-06-2018,AUD,1.3542
30-06-2018,AUD,1.3542
01-07-2018,AUD,1.3542
02-07-2018,AUD,1.3597
03-07-2018,AUD,1.3511
04-07-2018,AUD,1.354
05-07-2018,AUD,1.3512
06-07-2018,AUD,1.3484
07-07-2018,AUD,1.3484
08-07-2018,AUD,1.3484
09-07-2018,AUD,1.3364
10-07-2018,AUD,1.3437
11-07-2018,AUD,1.3523
12-07-2018,AUD,1.3534
13-07-2018,AUD,1.3539
14-07-2018,AUD,1.3539
15-07-2018,AUD,1.3539
16-07-2018,AUD,1.3458
17-07-2018,AUD,1.3505
18-07-2018,AUD,1.3603
19-07-2018,AUD,1.3638
20-07-2018,AUD,1.3554
21-07-2018,AUD,1.3554
22-07-2018,AUD,1.3554
23-07-2018,AUD,1.3504
24-07-2018,AUD,1.3495
25-07-2018,AUD,1.3487
26-07-2018,AUD,1.3479
27-07-2018,AUD,1.3561
28-07-2018,AUD,1.3561
29-07-2018,AUD,1.3561
30-07-2018,AUD,1.3518
31-07-2018,AUD,1.3466
01-08-2018,AUD,1.3481
02-08-2018,AUD,1.3584
03-08-2018,AUD,1.3539
04-08-2018,AUD,1.3539
05-08-2018,AUD,1.3539
06-08-2018,AUD,1.354
07-08-2018,AUD,1.3445
08-08-2018,AUD,1.3502
09-08-2018,AUD,1.3479
10-08-2018,AUD,1.3683
11-08-2018,AUD,1.3683
12-08-2018,AUD,1.3683
13-08-2018,AUD,1.3742
14-08-2018,AUD,1.3761
15-08-2018,AUD,1.3841
16-08-2018,AUD,1.3762
17-08-2018,AUD,1.3756
18-08-2018,AUD,1.3756
19-08-2018,AUD,1.3756
20-08-2018,AUD,1.3687
21-08-2018,AUD,1.3612
22-08-2018,AUD,1.3589
23-08-2018,AUD,1.3721
24-08-2018,AUD,1.3693
25-08-2018,AUD,1.3693
26-08-2018,AUD,1.3693
27-08-2018,AUD,1.3656
28-08-2018,AUD,1.3599
29-08-2018,AUD,1.3713
30-08-2018,AUD,1.3697
31-08-2018,AUD,1.3843
01-09-2018,AUD,1.3843
02-09-2018,AUD,1.3843
03-09-2018,AUD,1.3876
04-09-2018,AUD,1.3917
05-09-2018,AUD,1.3939
06-09-2018,AUD,1.3894
07-09-2018,AUD,1.3964
08-09-2018,AUD,1.3964
09-09-2018,AUD,1.3964
10-09-2018,AUD,1.405
11-09-2018,AUD,1.4092
12-09-2018,AUD,1.4042
13-09-2018,AUD,1.3913
14-09-2018,AUD,1.3911
15-09-2018,AUD,1.3911
16-09-2018,AUD,1.3911
17-09-2018,AUD,1.393
18-09-2018,AUD,1.3887
19-09-2018,AUD,1.3807
20-09-2018,AUD,1.3729
21-09-2018,AUD,1.3738
22-09-2018,AUD,1.3738
23-09-2018,AUD,1.3738
24-09-2018,AUD,1.3749
25-09-2018,AUD,1.3784
26-09-2018,AUD,1.3804
27-09-2018,AUD,1.3838
28-09-2018,AUD,1.3863
29-09-2018,AUD,1.3863
30-09-2018,AUD,1.3863
01-10-2018,AUD,1.3846
02-10-2018,AUD,1.3931
03-10-2018,AUD,1.3982
04-10-2018,AUD,1.4114
05-10-2018,AUD,1.414
06-10-2018,AUD,1.414
07-10-2018,AUD,1.414
08-10-2018,AUD,1.4151
09-10-2018,AUD,1.417
10-10-2018,AUD,1.4092
11-10-2018,AUD,1.4094
12-10-2018,AUD,1.4028
13-10-2018,AUD,1.4028
14-10-2018,AUD,1.4028
15-10-2018,AUD,1.4015
16-10-2018,AUD,1.4018
17-10-2018,AUD,1.4042
18-10-2018,AUD,1.401
19-10-2018,AUD,1.4006
20-10-2018,AUD,1.4006
21-10-2018,AUD,1.4006
22-10-2018,AUD,1.4081
23-10-2018,AUD,1.4151
24-10-2018,AUD,1.4107
25-10-2018,AUD,1.4099
26-10-2018,AUD,1.4228
27-10-2018,AUD,1.4228
28-10-2018,AUD,1.4228
29-10-2018,AUD,1.4112
30-10-2018,AUD,1.4092
31-10-2018,AUD,1.4112
01-11-2018,AUD,1.3918
02-11-2018,AUD,1.3874
03-11-2018,AUD,1.3874
04-11-2018,AUD,1.3874
05-11-2018,AUD,1.3899
06-11-2018,AUD,1.3816
07-11-2018,AUD,1.3711
08-11-2018,AUD,1.3715
09-11-2018,AUD,1.3805
10-11-2018,AUD,1.3805
11-11-2018,AUD,1.3805
12-11-2018,AUD,1.3869
13-11-2018,AUD,1.3878
14-11-2018,AUD,1.3861
15-11-2018,AUD,1.3767
16-11-2018,AUD,1.377
17-11-2018,AUD,1.377
18-11-2018,AUD,1.377
19-11-2018,AUD,1.3704
20-11-2018,AUD,1.3757
21-11-2018,AUD,1.3783
22-11-2018,AUD,1.3787
23-11-2018,AUD,1.3837
24-11-2018,AUD,1.3837
25-11-2018,AUD,1.3837
26-11-2018,AUD,1.3785
27-11-2018,AUD,1.3799
28-11-2018,AUD,1.382
29-11-2018,AUD,1.3634
30-11-2018,AUD,1.3703
01-12-2018,AUD,1.3703
02-12-2018,AUD,1.3703
03-12-2018,AUD,1.3549
04-12-2018,AUD,1.3543
05-12-2018,AUD,1.3712
06-12-2018,AUD,1.3871
07-12-2018,AUD,1.3865
08-12-2018,AUD,1.3865
09-12-2018,AUD,1.3865
10-12-2018,AUD,1.3866
11-12-2018,AUD,1.3866
12-12-2018,AUD,1.3866
13-12-2018,AUD,1.3833
14-12-2018,AUD,1.3959
15-12-2018,AUD,1.3959
16-12-2018,AUD,1.3959
17-12-2018,AUD,1.3933
18-12-2018,AUD,1.3896
19-12-2018,AUD,1.3923
20-12-2018,AUD,1.4016
21-12-2018,AUD,1.4089
22-12-2018,AUD,1.4089
23-12-2018,AUD,1.4089
24-12-2018,AUD,1.4188
25-12-2018,AUD,1.4188
26-12-2018,AUD,1.4188
27-12-2018,AUD,1.4205
28-12-2018,AUD,1.4157
29-12-2018,AUD,1.4157
30-12-2018,AUD,1.4157
31-12-2018,AUD,1.4166
01-01-2019,AUD,1.4166
02-01-2019,AUD,1.4278
03-01-2019,AUD,1.4352
04-01-2019,AUD,1.4197
05-01-2019,AUD,1.4197
06-01-2019,AUD,1.4197
07-01-2019,AUD,1.4015
08-01-2019,AUD,1.4023
09-01-2019,AUD,1.3952
10-01-2019,AUD,1.3898
11-01-2019,AUD,1.3847
12-01-2019,AUD,1.3847
13-01-2019,AUD,1.3847
14-01-2019,AUD,1.3905
15-01-2019,AUD,1.3904
16-01-2019,AUD,1.3938
17-01-2019,AUD,1.3948
18-01-2019,AUD,1.3901
19-01-2019,AUD,1.3901
20-01-2019,AUD,1.3901
21-01-2019,AUD,1.3984
22-01-2019,AUD,1.4024
23-01-2019,AUD,1.4018
24-01-2019,AUD,1.4079
25-01-2019,AUD,1.4048
26-01-2019,AUD,1.4048
27-01-2019,AUD,1.4048
28-01-2019,AUD,1.3937
29-01-2019,AUD,1.3968
30-01-2019,AUD,1.3899
31-01-2019,AUD,1.3742
01-02-2019,AUD,1.3764
02-02-2019,AUD,1.3764
03-02-2019,AUD,1.3764
04-02-2019,AUD,1.3851
05-02-2019,AUD,1.3806
06-02-2019,AUD,1.4014
07-02-2019,AUD,1.4063
08-02-2019,AUD,1.4107
09-02-2019,AUD,1.4107
10-02-2019,AUD,1.4107
11-02-2019,AUD,1.4133
12-02-2019,AUD,1.4099
13-02-2019,AUD,1.4065
14-02-2019,AUD,1.4065
15-02-2019,AUD,1.4064
16-02-2019,AUD,1.4064
17-02-2019,AUD,1.4064
18-02-2019,AUD,1.397
19-02-2019,AUD,1.4061
20-02-2019,AUD,1.3969
21-02-2019,AUD,1.4065
22-02-2019,AUD,1.406
23-02-2019,AUD,1.406
24-02-2019,AUD,1.406
25-02-2019,AUD,1.3942
26-02-2019,AUD,1.3993
27-02-2019,AUD,1.3972
28-02-2019,AUD,1.4005
01-03-2019,AUD,1.4056
02-03-2019,AUD,1.4056
03-03-2019,AUD,1.4056
04-03-2019,AUD,1.4104
05-03-2019,AUD,1.4138
06-03-2019,AUD,1.4217
07-03-2019,AUD,1.4208
08-03-2019,AUD,1.4226
09-03-2019,AUD,1.4226
10-03-2019,AUD,1.4226
11-03-2019,AUD,1.4172
12-03-2019,AUD,1.4125
13-03-2019,AUD,1.416
14-03-2019,AUD,1.4192
15-03-2019,AUD,1.4139
16-03-2019,AUD,1.4139
17-03-2019,AUD,1.4139
18-03-2019,AUD,1.4081
19-03-2019,AUD,1.4075
20-03-2019,AUD,1.4091
21-03-2019,AUD,1.4038
22-03-2019,AUD,1.4089
23-03-2019,AUD,1.4089
24-03-2019,AUD,1.4089
25-03-2019,AUD,1.4067
26-03-2019,AUD,1.4022
27-03-2019,AUD,1.4109
28-03-2019,AUD,1.4129
29-03-2019,AUD,1.4082
30-03-2019,AUD,1.4082
31-03-2019,AUD,1.4082
01-04-2019,AUD,1.404
02-04-2019,AUD,1.4122
03-04-2019,AUD,1.4048
04-04-2019,AUD,1.4066
05-04-2019,AUD,1.4054
06-04-2019,AUD,1.4054
07-04-2019,AUD,1.4054
08-04-2019,AUD,1.407
09-04-2019,AUD,1.3994
10-04-2019,AUD,1.3995
11-04-2019,AUD,1.3991
12-04-2019,AUD,1.3931
13-04-2019,AUD,1.3931
14-04-2019,AUD,1.3931
15-04-2019,AUD,1.3932
16-04-2019,AUD,1.3947
17-04-2019,AUD,1.3903
18-04-2019,AUD,1.3972
19-04-2019,AUD,1.3972
20-04-2019,AUD,1.3972
21-04-2019,AUD,1.3972
22-04-2019,AUD,1.3972
23-04-2019,AUD,1.4063
24-04-2019,AUD,1.4205
25-04-2019,AUD,1.43
26-04-2019,AUD,1.4214
27-04-2019,AUD,1.4214
28-04-2019,AUD,1.4214
29-04-2019,AUD,1.4193
30-04-2019,AUD,1.4183
01-05-2019,AUD,1.4183
02-05-2019,AUD,1.4244
03-05-2019,AUD,1.4292
04-05-2019,AUD,1.4292
05-05-2019,AUD,1.4292
06-05-2019,AUD,1.4306
07-05-2019,AUD,1.4255
08-05-2019,AUD,1.4272
09-05-2019,AUD,1.4336
10-05-2019,AUD,1.43
11-05-2019,AUD,1.43
12-05-2019,AUD,1.43
13-05-2019,AUD,1.4355
14-05-2019,AUD,1.4397
15-05-2019,AUD,1.4456
16-05-2019,AUD,1.4472
17-05-2019,AUD,1.4535
18-05-2019,AUD,1.4535
19-05-2019,AUD,1.4535
20-05-2019,AUD,1.4454
21-05-2019,AUD,1.4535
22-05-2019,AUD,1.4521
23-05-2019,AUD,1.4543
24-05-2019,AUD,1.4486
25-05-2019,AUD,1.4486
26-05-2019,AUD,1.4486
27-05-2019,AUD,1.4438
28-05-2019,AUD,1.4441
29-05-2019,AUD,1.4446
30-05-2019,AUD,1.4458
31-05-2019,AUD,1.447
01-06-2019,AUD,1.447
02-06-2019,AUD,1.447
03-06-2019,AUD,1.4374
04-06-2019,AUD,1.4333
05-06-2019,AUD,1.4315
06-06-2019,AUD,1.4319
07-06-2019,AUD,1.4347
08-06-2019,AUD,1.4347
09-06-2019,AUD,1.4347
10-06-2019,AUD,1.4366
11-06-2019,AUD,1.4375
12-06-2019,AUD,1.4388
13-06-2019,AUD,1.4471
14-06-2019,AUD,1.4491
15-06-2019,AUD,1.4491
16-06-2019,AUD,1.4491
17-06-2019,AUD,1.4558
18-06-2019,AUD,1.4614
19-06-2019,AUD,1.4547
20-06-2019,AUD,1.4436
21-06-2019,AUD,1.448
22-06-2019,AUD,1.448
23-06-2019,AUD,1.448
24-06-2019,AUD,1.438
25-06-2019,AUD,1.4349
26-06-2019,AUD,1.4326
27-06-2019,AUD,1.4293
28-06-2019,AUD,1.4274
29-06-2019,AUD,1.4274
30-06-2019,AUD,1.4274
01-07-2019,AUD,1.4297
02-07-2019,AUD,1.4295
03-07-2019,AUD,1.425
04-07-2019,AUD,1.4242
05-07-2019,AUD,1.426
06-07-2019,AUD,1.426
07-07-2019,AUD,1.426
08-07-2019,AUD,1.4318
09-07-2019,AUD,1.4426
10-07-2019,AUD,1.4447
11-07-2019,AUD,1.4315
12-07-2019,AUD,1.4309
13-07-2019,AUD,1.4309
14-07-2019,AUD,1.4309
15-07-2019,AUD,1.4219
16-07-2019,AUD,1.4216
17-07-2019,AUD,1.4275
18-07-2019,AUD,1.4215
19-07-2019,AUD,1.4175
20-07-2019,AUD,1.4175
21-07-2019,AUD,1.4175
22-07-2019,AUD,1.4188
23-07-2019,AUD,1.4229
24-07-2019,AUD,1.4327
25-07-2019,AUD,1.4344
26-07-2019,AUD,1.4439
27-07-2019,AUD,1.4439
28-07-2019,AUD,1.4439
29-07-2019,AUD,1.4489
30-07-2019,AUD,1.4514
31-07-2019,AUD,1.4505
01-08-2019,AUD,1.4619
02-08-2019,AUD,1.4735
03-08-2019,AUD,1.4735
04-08-2019,AUD,1.4735
05-08-2019,AUD,1.4774
06-08-2019,AUD,1.472
07-08-2019,AUD,1.4844
08-08-2019,AUD,1.4726
09-08-2019,AUD,1.4692
10-08-2019,AUD,1.4692
11-08-2019,AUD,1.4692
12-08-2019,AUD,1.482
13-08-2019,AUD,1.4783
14-08-2019,AUD,1.4819
15-08-2019,AUD,1.4746
16-08-2019,AUD,1.4735
17-08-2019,AUD,1.4735
18-08-2019,AUD,1.4735
19-08-2019,AUD,1.4749
20-08-2019,AUD,1.4759
21-08-2019,AUD,1.4713
22-08-2019,AUD,1.4779
23-08-2019,AUD,1.4818
24-08-2019,AUD,1.4818
25-08-2019,AUD,1.4818
26-08-2019,AUD,1.478
27-08-2019,AUD,1.478
28-08-2019,AUD,1.4825
29-08-2019,AUD,1.4814
30-08-2019,AUD,1.4859
31-08-2019,AUD,1.4859
01-09-2019,AUD,1.4859
02-09-2019,AUD,1.4896
03-09-2019,AUD,1.4855
04-09-2019,AUD,1.4726
05-09-2019,AUD,1.4659
06-09-2019,AUD,1.4632
07-09-2019,AUD,1.4632
08-09-2019,AUD,1.4632
09-09-2019,AUD,1.4562
10-09-2019,AUD,1.4586
11-09-2019,AUD,1.4561
12-09-2019,AUD,1.4543
13-09-2019,AUD,1.4533
14-09-2019,AUD,1.4533
15-09-2019,AUD,1.4533
16-09-2019,AUD,1.4554
17-09-2019,AUD,1.4622
18-09-2019,AUD,1.4611
19-09-2019,AUD,1.472
20-09-2019,AUD,1.4726
21-09-2019,AUD,1.4726
22-09-2019,AUD,1.4726
23-09-2019,AUD,1.4769
24-09-2019,AUD,1.4713
25-09-2019,AUD,1.4784
26-09-2019,AUD,1.4776
27-09-2019,AUD,1.4803
28-09-2019,AUD,1.4803
29-09-2019,AUD,1.4803
30-09-2019,AUD,1.4809
01-10-2019,AUD,1.4933
02-10-2019,AUD,1.4967
03-10-2019,AUD,1.4879
04-10-2019,AUD,1.4798
05-10-2019,AUD,1.4798
06-10-2019,AUD,1.4798
07-10-2019,AUD,1.4842
08-10-2019,AUD,1.4824
09-10-2019,AUD,1.4827
10-10-2019,AUD,1.4784
11-10-2019,AUD,1.4712
12-10-2019,AUD,1.4712
13-10-2019,AUD,1.4712
14-10-2019,AUD,1.4799
15-10-2019,AUD,1.4802
16-10-2019,AUD,1.487
17-10-2019,AUD,1.4662
18-10-2019,AUD,1.4607
19-10-2019,AUD,1.4607
20-10-2019,AUD,1.4607
21-10-2019,AUD,1.4535
22-10-2019,AUD,1.4588
23-10-2019,AUD,1.4611
24-10-2019,AUD,1.4623
25-10-2019,AUD,1.4648
26-10-2019,AUD,1.4648
27-10-2019,AUD,1.4648
28-10-2019,AUD,1.4652
29-10-2019,AUD,1.4589
30-10-2019,AUD,1.4586
31-10-2019,AUD,1.4467
01-11-2019,AUD,1.45
02-11-2019,AUD,1.45
03-11-2019,AUD,1.45
04-11-2019,AUD,1.4481
05-11-2019,AUD,1.4474
06-11-2019,AUD,1.4491
07-11-2019,AUD,1.4498
08-11-2019,AUD,1.456
09-11-2019,AUD,1.456
10-11-2019,AUD,1.456
11-11-2019,AUD,1.4587
12-11-2019,AUD,1.4605
13-11-2019,AUD,1.4653
14-11-2019,AUD,1.4743
15-11-2019,AUD,1.4701
16-11-2019,AUD,1.4701
17-11-2019,AUD,1.4701
18-11-2019,AUD,1.4684
19-11-2019,AUD,1.4656
20-11-2019,AUD,1.4673
21-11-2019,AUD,1.468
22-11-2019,AUD,1.4729
23-11-2019,AUD,1.4729
24-11-2019,AUD,1.4729
25-11-2019,AUD,1.4746
26-11-2019,AUD,1.4747
27-11-2019,AUD,1.4733
28-11-2019,AUD,1.4769
29-11-2019,AUD,1.4777
30-11-2019,AUD,1.4777
01-12-2019,AUD,1.4777
02-12-2019,AUD,1.4733
03-12-2019,AUD,1.462
04-12-2019,AUD,1.4622
05-12-2019,AUD,1.4648
06-12-2019,AUD,1.4593
07-12-2019,AUD,1.4593
08-12-2019,AUD,1.4593
09-12-2019,AUD,1.4653
10-12-2019,AUD,1.4693
11-12-2019,AUD,1.4622
12-12-2019,AUD,1.4515
13-12-2019,AUD,1.4461
14-12-2019,AUD,1.4461
15-12-2019,AUD,1.4461
16-12-2019,AUD,1.4514
17-12-2019,AUD,1.4598
18-12-2019,AUD,1.4599
19-12-2019,AUD,1.4561
20-12-2019,AUD,1.4498
21-12-2019,AUD,1.4498
22-12-2019,AUD,1.4498
23-12-2019,AUD,1.4454
24-12-2019,AUD,1.4458
25-12-2019,AUD,1.4458
26-12-2019,AUD,1.4458
27-12-2019,AUD,1.4342
28-12-2019,AUD,1.4342
29-12-2019,AUD,1.4342
30-12-2019,AUD,1.4293
31-12-2019,AUD,1.4238
01-01-2020,AUD,1.4238
02-01-2020,AUD,1.43
03-01-2020,AUD,1.4381
04-01-2020,AUD,1.4381
05-01-2020,AUD,1.4381
06-01-2020,AUD,1.44
07-01-2020,AUD,1.4546
08-01-2020,AUD,1.457
09-01-2020,AUD,1.4575
10-01-2020,AUD,1.4545
11-01-2020,AUD,1.4545
12-01-2020,AUD,1.4545
13-01-2020,AUD,1.4486
14-01-2020,AUD,1.4494
15-01-2020,AUD,1.4529
16-01-2020,AUD,1.4428
17-01-2020,AUD,1.4514
18-01-2020,AUD,1.4514
19-01-2020,AUD,1.4514
20-01-2020,AUD,1.4573
21-01-2020,AUD,1.4554
22-01-2020,AUD,1.4596
23-01-2020,AUD,1.456
24-01-2020,AUD,1.4614
25-01-2020,AUD,1.4614
26-01-2020,AUD,1.4614
27-01-2020,AUD,1.4776
28-01-2020,AUD,1.4802
29-01-2020,AUD,1.4816
30-01-2020,AUD,1.4881
31-01-2020,AUD,1.4924
01-02-2020,AUD,1.4924
02-02-2020,AUD,1.4924
03-02-2020,AUD,1.493
04-02-2020,AUD,1.488
05-02-2020,AUD,1.4786
06-02-2020,AUD,1.4798
07-02-2020,AUD,1.4967
08-02-2020,AUD,1.4967
09-02-2020,AUD,1.4967
10-02-2020,AUD,1.4951
11-02-2020,AUD,1.4916
12-02-2020,AUD,1.482
13-02-2020,AUD,1.485
14-02-2020,AUD,1.4897
15-02-2020,AUD,1.4897
16-02-2020,AUD,1.4897
17-02-2020,AUD,1.4886
18-02-2020,AUD,1.4973
19-02-2020,AUD,1.4946
20-02-2020,AUD,1.5101
21-02-2020,AUD,1.515
22-02-2020,AUD,1.515
23-02-2020,AUD,1.515
24-02-2020,AUD,1.5145
25-02-2020,AUD,1.5168
26-02-2020,AUD,1.5232
27-02-2020,AUD,1.5206
28-02-2020,AUD,1.5373
29-02-2020,AUD,1.5373
01-03-2020,AUD,1.5373
02-03-2020,AUD,1.5283
03-03-2020,AUD,1.5212
04-03-2020,AUD,1.5096
05-03-2020,AUD,1.5122
06-03-2020,AUD,1.5087
07-03-2020,AUD,1.5087
08-03-2020,AUD,1.5087
09-03-2020,AUD,1.5127
10-03-2020,AUD,1.5256
11-03-2020,AUD,1.534
12-03-2020,AUD,1.5724
13-03-2020,AUD,1.5926
14-03-2020,AUD,1.5926
15-03-2020,AUD,1.5926
16-03-2020,AUD,1.6311
17-03-2020,AUD,1.6652
18-03-2020,AUD,1.6982
19-03-2020,AUD,1.7253
20-03-2020,AUD,1.7023
21-03-2020,AUD,1.7023
22-03-2020,AUD,1.7023
23-03-2020,AUD,1.7236
24-03-2020,AUD,1.6891
25-03-2020,AUD,1.6619
26-03-2020,AUD,1.6539
27-03-2020,AUD,1.6588
28-03-2020,AUD,1.6588
29-03-2020,AUD,1.6588
30-03-2020,AUD,1.6332
31-03-2020,AUD,1.6399
01-04-2020,AUD,1.6508
02-04-2020,AUD,1.6477
03-04-2020,AUD,1.6694
04-04-2020,AUD,1.6694
05-04-2020,AUD,1.6694
06-04-2020,AUD,1.6486
07-04-2020,AUD,1.6149
08-04-2020,AUD,1.6186
09-04-2020,AUD,1.6052
10-04-2020,AUD,1.6052
11-04-2020,AUD,1.6052
12-04-2020,AUD,1.6052
13-04-2020,AUD,1.6052
14-04-2020,AUD,1.5633
15-04-2020,AUD,1.5866
16-04-2020,AUD,1.5858
17-04-2020,AUD,1.5735
18-04-2020,AUD,1.5735
19-04-2020,AUD,1.5735
20-04-2020,AUD,1.5732
21-04-2020,AUD,1.5932
22-04-2020,AUD,1.5827
23-04-2020,AUD,1.5706
24-04-2020,AUD,1.5688
25-04-2020,AUD,1.5688
26-04-2020,AUD,1.5688
27-04-2020,AUD,1.5476
28-04-2020,AUD,1.5385
29-04-2020,AUD,1.5362
30-04-2020,AUD,1.5261
01-05-2020,AUD,1.5261
02-05-2020,AUD,1.5261
03-05-2020,AUD,1.5261
04-05-2020,AUD,1.5557
05-05-2020,AUD,1.5517
06-05-2020,AUD,1.5773
07-05-2020,AUD,1.5491
08-05-2020,AUD,1.5321
09-05-2020,AUD,1.5321
10-05-2020,AUD,1.5321
11-05-2020,AUD,1.5437
12-05-2020,AUD,1.5311
13-05-2020,AUD,1.5344
14-05-2020,AUD,1.5572
15-05-2020,AUD,1.5563
16-05-2020,AUD,1.5563
17-05-2020,AUD,1.5563
18-05-2020,AUD,1.5451
19-05-2020,AUD,1.5298
20-05-2020,AUD,1.5197
21-05-2020,AUD,1.5191
22-05-2020,AUD,1.531
23-05-2020,AUD,1.531
24-05-2020,AUD,1.531
25-05-2020,AUD,1.5287
26-05-2020,AUD,1.507
27-05-2020,AUD,1.5071
28-05-2020,AUD,1.5091
29-05-2020,AUD,1.4979
30-05-2020,AUD,1.4979
31-05-2020,AUD,1.4979
01-06-2020,AUD,1.4833
02-06-2020,AUD,1.4596
03-06-2020,AUD,1.4544
04-06-2020,AUD,1.4468
05-06-2020,AUD,1.4322
06-06-2020,AUD,1.4322
07-06-2020,AUD,1.4322
08-06-2020,AUD,1.4316
09-06-2020,AUD,1.4403
10-06-2020,AUD,1.4259
11-06-2020,AUD,1.447
12-06-2020,AUD,1.455
13-06-2020,AUD,1.455
14-06-2020,AUD,1.455
15-06-2020,AUD,1.4641
16-06-2020,AUD,1.4436
17-06-2020,AUD,1.4505
18-06-2020,AUD,1.4575
19-06-2020,AUD,1.4506
20-06-2020,AUD,1.4506
21-06-2020,AUD,1.4506
22-06-2020,AUD,1.453
23-06-2020,AUD,1.4377
24-06-2020,AUD,1.4488
25-06-2020,AUD,1.4572
26-06-2020,AUD,1.4548
27-06-2020,AUD,1.4548
28-06-2020,AUD,1.4548
29-06-2020,AUD,1.4539
30-06-2020,AUD,1.4595
01-07-2020,AUD,1.4525
02-07-2020,AUD,1.4439
03-07-2020,AUD,1.4411
04-07-2020,AUD,1.4411
05-07-2020,AUD,1.4411
06-07-2020,AUD,1.4331
07-07-2020,AUD,1.4403
08-07-2020,AUD,1.4391
09-07-2020,AUD,1.4318
10-07-2020,AUD,1.4408
11-07-2020,AUD,1.4408
12-07-2020,AUD,1.4408
13-07-2020,AUD,1.4342
14-07-2020,AUD,1.4372
15-07-2020,AUD,1.4237
16-07-2020,AUD,1.4314
17-07-2020,AUD,1.4316
18-07-2020,AUD,1.4316
19-07-2020,AUD,1.4316
20-07-2020,AUD,1.429
21-07-2020,AUD,1.4117
22-07-2020,AUD,1.3939
23-07-2020,AUD,1.4043
24-07-2020,AUD,1.4108
25-07-2020,AUD,1.4108
26-07-2020,AUD,1.4108
27-07-2020,AUD,1.4007
28-07-2020,AUD,1.4007
29-07-2020,AUD,1.3943
30-07-2020,AUD,1.4005
31-07-2020,AUD,1.3916
01-08-2020,AUD,1.3916
02-08-2020,AUD,1.3916
03-08-2020,AUD,1.4078
04-08-2020,AUD,1.402
05-08-2020,AUD,1.3848
06-08-2020,AUD,1.3926
07-08-2020,AUD,1.3881
08-08-2020,AUD,1.3881
09-08-2020,AUD,1.3881
10-08-2020,AUD,1.398
11-08-2020,AUD,1.3923
12-08-2020,AUD,1.4029
13-08-2020,AUD,1.3963
14-08-2020,AUD,1.3989
15-08-2020,AUD,1.3989
16-08-2020,AUD,1.3989
17-08-2020,AUD,1.3908
18-08-2020,AUD,1.3814
19-08-2020,AUD,1.3767
20-08-2020,AUD,1.3961
21-08-2020,AUD,1.3971
22-08-2020,AUD,1.3971
23-08-2020,AUD,1.3971
24-08-2020,AUD,1.3889
25-08-2020,AUD,1.3943
26-08-2020,AUD,1.3887
27-08-2020,AUD,1.3799
28-08-2020,AUD,1.361
29-08-2020,AUD,1.361
30-08-2020,AUD,1.361
31-08-2020,AUD,1.358
01-09-2020,AUD,1.355
02-09-2020,AUD,1.3634
03-09-2020,AUD,1.373
04-09-2020,AUD,1.3757
05-09-2020,AUD,1.3757
06-09-2020,AUD,1.3757
07-09-2020,AUD,1.3728
08-09-2020,AUD,1.3819
09-09-2020,AUD,1.3815
10-09-2020,AUD,1.3741
11-09-2020,AUD,1.3703
12-09-2020,AUD,1.3703
13-09-2020,AUD,1.3703
14-09-2020,AUD,1.3748
15-09-2020,AUD,1.3639
16-09-2020,AUD,1.3627
17-09-2020,AUD,1.3692
18-09-2020,AUD,1.3726
19-09-2020,AUD,1.3726
20-09-2020,AUD,1.3726
21-09-2020,AUD,1.3778
22-09-2020,AUD,1.3874
23-09-2020,AUD,1.406
24-09-2020,AUD,1.4203
25-09-2020,AUD,1.4224
26-09-2020,AUD,1.4224
27-09-2020,AUD,1.4224
28-09-2020,AUD,1.415
29-09-2020,AUD,1.4025
30-09-2020,AUD,1.404
01-10-2020,AUD,1.3886
02-10-2020,AUD,1.3957
03-10-2020,AUD,1.3957
04-10-2020,AUD,1.3957
05-10-2020,AUD,1.3918
06-10-2020,AUD,1.3965
07-10-2020,AUD,1.4019
08-10-2020,AUD,1.3958
09-10-2020,AUD,1.3908
10-10-2020,AUD,1.3908
11-10-2020,AUD,1.3908
12-10-2020,AUD,1.3863
13-10-2020,AUD,1.3916
14-10-2020,AUD,1.3939
15-10-2020,AUD,1.4151
16-10-2020,AUD,1.41
17-10-2020,AUD,1.41
18-10-2020,AUD,1.41
19-10-2020,AUD,1.4064
20-10-2020,AUD,1.4226
21-10-2020,AUD,1.4118
22-10-2020,AUD,1.408
23-10-2020,AUD,1.3983
24-10-2020,AUD,1.3983
25-10-2020,AUD,1.3983
26-10-2020,AUD,1.4038
27-10-2020,AUD,1.4017
28-10-2020,AUD,1.4158
29-10-2020,AUD,1.4246
30-10-2020,AUD,1.4159
31-10-2020,AUD,1.4159
01-11-2020,AUD,1.4159
02-11-2020,AUD,1.4189
03-11-2020,AUD,1.402
04-11-2020,AUD,1.3946
05-11-2020,AUD,1.3797
06-11-2020,AUD,1.3782
07-11-2020,AUD,1.3782
08-11-2020,AUD,1.3782
09-11-2020,AUD,1.3662
10-11-2020,AUD,1.3751
11-11-2020,AUD,1.3745
12-11-2020,AUD,1.3793
13-11-2020,AUD,1.3796
14-11-2020,AUD,1.3796
15-11-2020,AUD,1.3796
16-11-2020,AUD,1.3716
17-11-2020,AUD,1.3664
18-11-2020,AUD,1.3672
19-11-2020,AUD,1.3753
20-11-2020,AUD,1.3679
21-11-2020,AUD,1.3679
22-11-2020,AUD,1.3679
23-11-2020,AUD,1.364
24-11-2020,AUD,1.3633
25-11-2020,AUD,1.3616
26-11-2020,AUD,1.3582
27-11-2020,AUD,1.3573
28-11-2020,AUD,1.3573
29-11-2020,AUD,1.3573
30-11-2020,AUD,1.3561
01-12-2020,AUD,1.3598
02-12-2020,AUD,1.3579
03-12-2020,AUD,1.3465
04-12-2020,AUD,1.3477
05-12-2020,AUD,1.3477
06-12-2020,AUD,1.3477
07-12-2020,AUD,1.3501
08-12-2020,AUD,1.3484
09-12-2020,AUD,1.3366
10-12-2020,AUD,1.334
11-12-2020,AUD,1.3268
12-12-2020,AUD,1.3268
13-12-2020,AUD,1.3268
14-12-2020,AUD,1.3208
15-12-2020,AUD,1.3273
16-12-2020,AUD,1.3211
17-12-2020,AUD,1.3108
18-12-2020,AUD,1.3139
19-12-2020,AUD,1.3139
20-12-2020,AUD,1.3139
21-12-2020,AUD,1.3308
22-12-2020,AUD,1.3229
23-12-2020,AUD,1.3248
24-12-2020,AUD,1.3154
25-12-2020,AUD,1.3154
26-12-2020,AUD,1.3154
27-12-2020,AUD,1.3154
28-12-2020,AUD,1.3162
29-12-2020,AUD,1.315
30-12-2020,AUD,1.3049
31-12-2020,AUD,1.2954
01-01-2021,AUD,1.2954
02-01-2021,AUD,1.2954
03-01-2021,AUD,1.2954
04-01-2021,AUD,1.2954
05-01-2021,AUD,1.2979
06-01-2021,AUD,1.2825
07-01-2021,AUD,1.29
08-01-2021,AUD,1.2864
09-01-2021,AUD,1.2864
10-01-2021,AUD,1.2864
11-01-2021,AUD,1.2976
12-01-2021,AUD,1.2945
13-01-2021,AUD,1.2933
14-01-2021,AUD,1.2902
15-01-2021,AUD,1.2934
16-01-2021,AUD,1.2934
17-01-2021,AUD,1.2934
18-01-2021,AUD,1.3031
19-01-2021,AUD,1.296
20-01-2021,AUD,1.2946
21-01-2021,AUD,1.286
22-01-2021,AUD,1.2971
23-01-2021,AUD,1.2971
24-01-2021,AUD,1.2971
25-01-2021,AUD,1.2943
26-01-2021,AUD,1.2937
27-01-2021,AUD,1.2997
28-01-2021,AUD,1.3162
29-01-2021,AUD,1.3035
30-01-2021,AUD,1.3035
31-01-2021,AUD,1.3035
01-02-2021,AUD,1.3101
02-02-2021,AUD,1.3158
03-02-2021,AUD,1.3132
04-02-2021,AUD,1.311
05-02-2021,AUD,1.3153
06-02-2021,AUD,1.3153
07-02-2021,AUD,1.3153
08-02-2021,AUD,1.305
09-02-2021,AUD,1.2955
10-02-2021,AUD,1.2931
11-02-2021,AUD,1.2874
12-02-2021,AUD,1.2939
13-02-2021,AUD,1.2939
14-02-2021,AUD,1.2939
15-02-2021,AUD,1.2863
16-02-2021,AUD,1.2858
17-02-2021,AUD,1.2913
18-02-2021,AUD,1.2842
19-02-2021,AUD,1.2723
20-02-2021,AUD,1.2723
01-01-2015,CAD,1.1583
02-01-2015,CAD,1.1682
03-01-2015,CAD,1.1682
04-01-2015,CAD,1.1682
05-01-2015,CAD,1.1784
06-01-2015,CAD,1.1763
07-01-2015,CAD,1.183
08-01-2015,CAD,1.1816
09-01-2015,CAD,1.182
10-01-2015,CAD,1.182
11-01-2015,CAD,1.182
12-01-2015,CAD,1.1897
13-01-2015,CAD,1.1966
14-01-2015,CAD,1.1965
15-01-2015,CAD,1.1834
16-01-2015,CAD,1.2035
17-01-2015,CAD,1.2035
18-01-2015,CAD,1.2035
19-01-2015,CAD,1.1983
20-01-2015,CAD,1.2013
21-01-2015,CAD,1.2075
22-01-2015,CAD,1.2354
23-01-2015,CAD,1.2446
24-01-2015,CAD,1.2446
25-01-2015,CAD,1.2446
26-01-2015,CAD,1.2459
27-01-2015,CAD,1.2458
28-01-2015,CAD,1.2421
29-01-2015,CAD,1.2531
30-01-2015,CAD,1.267
31-01-2015,CAD,1.267
01-02-2015,CAD,1.267
02-02-2015,CAD,1.2672
03-02-2015,CAD,1.2584
04-02-2015,CAD,1.2452
05-02-2015,CAD,1.2524
06-02-2015,CAD,1.2445
07-02-2015,CAD,1.2445
08-02-2015,CAD,1.2445
09-02-2015,CAD,1.25
10-02-2015,CAD,1.2471
11-02-2015,CAD,1.2611
12-02-2015,CAD,1.256
13-02-2015,CAD,1.2508
14-02-2015,CAD,1.2508
15-02-2015,CAD,1.2508
16-02-2015,CAD,1.2453
17-02-2015,CAD,1.2374
18-02-2015,CAD,1.245
19-02-2015,CAD,1.252
20-02-2015,CAD,1.2456
21-02-2015,CAD,1.2456
22-02-2015,CAD,1.2456
23-02-2015,CAD,1.2618
24-02-2015,CAD,1.2643
25-02-2015,CAD,1.2441
26-02-2015,CAD,1.247
27-02-2015,CAD,1.2451
28-02-2015,CAD,1.2451
01-03-2015,CAD,1.2451
02-03-2015,CAD,1.2492
03-03-2015,CAD,1.2519
04-03-2015,CAD,1.2515
05-03-2015,CAD,1.244
06-03-2015,CAD,1.2466
07-03-2015,CAD,1.2466
08-03-2015,CAD,1.2466
09-03-2015,CAD,1.2591
10-03-2015,CAD,1.2634
11-03-2015,CAD,1.2698
12-03-2015,CAD,1.2656
13-03-2015,CAD,1.2734
14-03-2015,CAD,1.2734
15-03-2015,CAD,1.2734
16-03-2015,CAD,1.2781
17-03-2015,CAD,1.2774
18-03-2015,CAD,1.2824
19-03-2015,CAD,1.2717
20-03-2015,CAD,1.2672
21-03-2015,CAD,1.2672
22-03-2015,CAD,1.2672
23-03-2015,CAD,1.2525
24-03-2015,CAD,1.2465
25-03-2015,CAD,1.2482
26-03-2015,CAD,1.2442
27-03-2015,CAD,1.2509
28-03-2015,CAD,1.2509
29-03-2015,CAD,1.2509
30-03-2015,CAD,1.2641
31-03-2015,CAD,1.2769
01-04-2015,CAD,1.2675
02-04-2015,CAD,1.2644
03-04-2015,CAD,1.2644
04-04-2015,CAD,1.2644
05-04-2015,CAD,1.2644
06-04-2015,CAD,1.2644
07-04-2015,CAD,1.2504
08-04-2015,CAD,1.2417
09-04-2015,CAD,1.2524
10-04-2015,CAD,1.2664
11-04-2015,CAD,1.2664
12-04-2015,CAD,1.2664
13-04-2015,CAD,1.2627
14-04-2015,CAD,1.2582
15-04-2015,CAD,1.255
16-04-2015,CAD,1.2305
17-04-2015,CAD,1.2191
18-04-2015,CAD,1.2191
19-04-2015,CAD,1.2191
20-04-2015,CAD,1.2252
21-04-2015,CAD,1.2229
22-04-2015,CAD,1.2242
23-04-2015,CAD,1.2226
24-04-2015,CAD,1.2119
25-04-2015,CAD,1.2119
26-04-2015,CAD,1.2119
27-04-2015,CAD,1.2156
28-04-2015,CAD,1.2069
29-04-2015,CAD,1.2054
30-04-2015,CAD,1.202
01-05-2015,CAD,1.202
02-05-2015,CAD,1.202
03-05-2015,CAD,1.202
04-05-2015,CAD,1.2116
05-05-2015,CAD,1.209
06-05-2015,CAD,1.201
07-05-2015,CAD,1.207
08-05-2015,CAD,1.2103
09-05-2015,CAD,1.2103
10-05-2015,CAD,1.2103
11-05-2015,CAD,1.2114
12-05-2015,CAD,1.204
13-05-2015,CAD,1.1974
14-05-2015,CAD,1.1949
15-05-2015,CAD,1.2037
16-05-2015,CAD,1.2037
17-05-2015,CAD,1.2037
18-05-2015,CAD,1.2058
19-05-2015,CAD,1.2181
20-05-2015,CAD,1.2213
21-05-2015,CAD,1.2216
22-05-2015,CAD,1.22
23-05-2015,CAD,1.22
24-05-2015,CAD,1.22
25-05-2015,CAD,1.2294
26-05-2015,CAD,1.2374
27-05-2015,CAD,1.2456
28-05-2015,CAD,1.2476
29-05-2015,CAD,1.2443
30-05-2015,CAD,1.2443
31-05-2015,CAD,1.2443
01-06-2015,CAD,1.2494
02-06-2015,CAD,1.2498
03-06-2015,CAD,1.2445
04-06-2015,CAD,1.2449
05-06-2015,CAD,1.25
06-06-2015,CAD,1.25
07-06-2015,CAD,1.25
08-06-2015,CAD,1.2434
09-06-2015,CAD,1.2347
10-06-2015,CAD,1.2236
11-06-2015,CAD,1.2321
12-06-2015,CAD,1.2303
13-06-2015,CAD,1.2303
14-06-2015,CAD,1.2303
15-06-2015,CAD,1.2342
16-06-2015,CAD,1.2343
17-06-2015,CAD,1.2312
18-06-2015,CAD,1.216
19-06-2015,CAD,1.2271
20-06-2015,CAD,1.2271
21-06-2015,CAD,1.2271
22-06-2015,CAD,1.2234
23-06-2015,CAD,1.2339
24-06-2015,CAD,1.2301
25-06-2015,CAD,1.2384
26-06-2015,CAD,1.2365
27-06-2015,CAD,1.2365
28-06-2015,CAD,1.2365
29-06-2015,CAD,1.2374
30-06-2015,CAD,1.2368
01-07-2015,CAD,1.2524
02-07-2015,CAD,1.2618
03-07-2015,CAD,1.2582
04-07-2015,CAD,1.2582
05-07-2015,CAD,1.2582
06-07-2015,CAD,1.264
07-07-2015,CAD,1.2739
08-07-2015,CAD,1.2743
09-07-2015,CAD,1.2685
10-07-2015,CAD,1.2706
11-07-2015,CAD,1.2706
12-07-2015,CAD,1.2706
13-07-2015,CAD,1.2721
14-07-2015,CAD,1.276
15-07-2015,CAD,1.2744
16-07-2015,CAD,1.2947
17-07-2015,CAD,1.2978
18-07-2015,CAD,1.2978
19-07-2015,CAD,1.2978
20-07-2015,CAD,1.2985
21-07-2015,CAD,1.2992
22-07-2015,CAD,1.2995
23-07-2015,CAD,1.2975
24-07-2015,CAD,1.3091
25-07-2015,CAD,1.3091
26-07-2015,CAD,1.3091
27-07-2015,CAD,1.303
28-07-2015,CAD,1.3014
29-07-2015,CAD,1.2955
30-07-2015,CAD,1.298
31-07-2015,CAD,1.3048
01-08-2015,CAD,1.3048
02-08-2015,CAD,1.3048
03-08-2015,CAD,1.3153
04-08-2015,CAD,1.313
05-08-2015,CAD,1.3171
06-08-2015,CAD,1.3168
07-08-2015,CAD,1.3082
08-08-2015,CAD,1.3082
09-08-2015,CAD,1.3082
10-08-2015,CAD,1.3131
11-08-2015,CAD,1.3075
12-08-2015,CAD,1.2969
13-08-2015,CAD,1.3012
14-08-2015,CAD,1.3044
15-08-2015,CAD,1.3044
16-08-2015,CAD,1.3044
17-08-2015,CAD,1.3136
18-08-2015,CAD,1.3105
19-08-2015,CAD,1.307
20-08-2015,CAD,1.3126
21-08-2015,CAD,1.3108
22-08-2015,CAD,1.3108
23-08-2015,CAD,1.3108
24-08-2015,CAD,1.3252
25-08-2015,CAD,1.3194
26-08-2015,CAD,1.3265
27-08-2015,CAD,1.3226
28-08-2015,CAD,1.3271
29-08-2015,CAD,1.3271
30-08-2015,CAD,1.3271
31-08-2015,CAD,1.3253
01-09-2015,CAD,1.3222
02-09-2015,CAD,1.3255
03-09-2015,CAD,1.3263
04-09-2015,CAD,1.323
05-09-2015,CAD,1.323
06-09-2015,CAD,1.323
07-09-2015,CAD,1.328
08-09-2015,CAD,1.3221
09-09-2015,CAD,1.3248
10-09-2015,CAD,1.3252
11-09-2015,CAD,1.3263
12-09-2015,CAD,1.3263
13-09-2015,CAD,1.3263
14-09-2015,CAD,1.3253
15-09-2015,CAD,1.3237
16-09-2015,CAD,1.325
17-09-2015,CAD,1.3194
18-09-2015,CAD,1.3027
19-09-2015,CAD,1.3027
20-09-2015,CAD,1.3027
21-09-2015,CAD,1.3183
22-09-2015,CAD,1.3271
23-09-2015,CAD,1.3265
24-09-2015,CAD,1.3379
25-09-2015,CAD,1.3313
26-09-2015,CAD,1.3313
27-09-2015,CAD,1.3313
28-09-2015,CAD,1.3358
29-09-2015,CAD,1.3388
30-09-2015,CAD,1.342
01-10-2015,CAD,1.3269
02-10-2015,CAD,1.3239
03-10-2015,CAD,1.3239
04-10-2015,CAD,1.3239
05-10-2015,CAD,1.3114
06-10-2015,CAD,1.3098
07-10-2015,CAD,1.3003
08-10-2015,CAD,1.3047
09-10-2015,CAD,1.2936
10-10-2015,CAD,1.2936
11-10-2015,CAD,1.2936
12-10-2015,CAD,1.2927
13-10-2015,CAD,1.3047
14-10-2015,CAD,1.2985
15-10-2015,CAD,1.29
16-10-2015,CAD,1.2927
17-10-2015,CAD,1.2927
18-10-2015,CAD,1.2927
19-10-2015,CAD,1.2945
20-10-2015,CAD,1.3003
21-10-2015,CAD,1.3003
22-10-2015,CAD,1.3124
23-10-2015,CAD,1.3067
24-10-2015,CAD,1.3067
25-10-2015,CAD,1.3067
26-10-2015,CAD,1.3152
27-10-2015,CAD,1.3219
28-10-2015,CAD,1.321
29-10-2015,CAD,1.3185
30-10-2015,CAD,1.3175
31-10-2015,CAD,1.3175
01-11-2015,CAD,1.3175
02-11-2015,CAD,1.3098
03-11-2015,CAD,1.3125
04-11-2015,CAD,1.307
05-11-2015,CAD,1.3158
06-11-2015,CAD,1.3201
07-11-2015,CAD,1.3201
08-11-2015,CAD,1.3201
09-11-2015,CAD,1.3256
10-11-2015,CAD,1.3261
11-11-2015,CAD,1.3263
12-11-2015,CAD,1.3326
13-11-2015,CAD,1.3305
14-11-2015,CAD,1.3305
15-11-2015,CAD,1.3305
16-11-2015,CAD,1.3329
17-11-2015,CAD,1.3308
18-11-2015,CAD,1.3335
19-11-2015,CAD,1.329
20-11-2015,CAD,1.3313
21-11-2015,CAD,1.3313
22-11-2015,CAD,1.3313
23-11-2015,CAD,1.3378
24-11-2015,CAD,1.3359
25-11-2015,CAD,1.3327
26-11-2015,CAD,1.3305
27-11-2015,CAD,1.3347
28-11-2015,CAD,1.3347
29-11-2015,CAD,1.3347
30-11-2015,CAD,1.3369
01-12-2015,CAD,1.3319
02-12-2015,CAD,1.3385
03-12-2015,CAD,1.3319
04-12-2015,CAD,1.3337
05-12-2015,CAD,1.3337
06-12-2015,CAD,1.3337
07-12-2015,CAD,1.3461
08-12-2015,CAD,1.3603
09-12-2015,CAD,1.357
10-12-2015,CAD,1.354
11-12-2015,CAD,1.3664
12-12-2015,CAD,1.3664
13-12-2015,CAD,1.3664
14-12-2015,CAD,1.3754
15-12-2015,CAD,1.3712
16-12-2015,CAD,1.3766
17-12-2015,CAD,1.3832
18-12-2015,CAD,1.3956
19-12-2015,CAD,1.3956
20-12-2015,CAD,1.3956
21-12-2015,CAD,1.3955
22-12-2015,CAD,1.3917
23-12-2015,CAD,1.3903
24-12-2015,CAD,1.387
25-12-2015,CAD,1.387
26-12-2015,CAD,1.387
27-12-2015,CAD,1.387
28-12-2015,CAD,1.3872
29-12-2015,CAD,1.3916
30-12-2015,CAD,1.3885
31-12-2015,CAD,1.3884
01-01-2016,CAD,1.3884
02-01-2016,CAD,1.3884
03-01-2016,CAD,1.3884
04-01-2016,CAD,1.3922
05-01-2016,CAD,1.3936
06-01-2016,CAD,1.4091
07-01-2016,CAD,1.4133
08-01-2016,CAD,1.4106
09-01-2016,CAD,1.4106
10-01-2016,CAD,1.4106
11-01-2016,CAD,1.4085
12-01-2016,CAD,1.4184
13-01-2016,CAD,1.4221
14-01-2016,CAD,1.4364
15-01-2016,CAD,1.4522
16-01-2016,CAD,1.4522
17-01-2016,CAD,1.4522
18-01-2016,CAD,1.4506
19-01-2016,CAD,1.4492
20-01-2016,CAD,1.4637
21-01-2016,CAD,1.4459
22-01-2016,CAD,1.4171
23-01-2016,CAD,1.4171
24-01-2016,CAD,1.4171
25-01-2016,CAD,1.4194
26-01-2016,CAD,1.4221
27-01-2016,CAD,1.4081
28-01-2016,CAD,1.4085
29-01-2016,CAD,1.4069
30-01-2016,CAD,1.4069
31-01-2016,CAD,1.4069
01-02-2016,CAD,1.4014
02-02-2016,CAD,1.4005
03-02-2016,CAD,1.3934
04-02-2016,CAD,1.3712
05-02-2016,CAD,1.3751
06-02-2016,CAD,1.3751
07-02-2016,CAD,1.3751
08-02-2016,CAD,1.3951
09-02-2016,CAD,1.3904
10-02-2016,CAD,1.3859
11-02-2016,CAD,1.3961
12-02-2016,CAD,1.3923
13-02-2016,CAD,1.3923
14-02-2016,CAD,1.3923
15-02-2016,CAD,1.3823
16-02-2016,CAD,1.3819
17-02-2016,CAD,1.3817
18-02-2016,CAD,1.3685
19-02-2016,CAD,1.3765
20-02-2016,CAD,1.3765
21-02-2016,CAD,1.3765
22-02-2016,CAD,1.372
23-02-2016,CAD,1.3739
24-02-2016,CAD,1.3839
25-02-2016,CAD,1.3626
26-02-2016,CAD,1.3546
27-02-2016,CAD,1.3546
28-02-2016,CAD,1.3546
29-02-2016,CAD,1.3563
01-03-2016,CAD,1.352
02-03-2016,CAD,1.3444
03-03-2016,CAD,1.3434
04-03-2016,CAD,1.3416
05-03-2016,CAD,1.3416
06-03-2016,CAD,1.3416
07-03-2016,CAD,1.3377
08-03-2016,CAD,1.3325
09-03-2016,CAD,1.3401
10-03-2016,CAD,1.3285
11-03-2016,CAD,1.3253
12-03-2016,CAD,1.3253
13-03-2016,CAD,1.3253
14-03-2016,CAD,1.3254
15-03-2016,CAD,1.3351
16-03-2016,CAD,1.3375
17-03-2016,CAD,1.2997
18-03-2016,CAD,1.2968
19-03-2016,CAD,1.2968
20-03-2016,CAD,1.2968
21-03-2016,CAD,1.3045
22-03-2016,CAD,1.3092
23-03-2016,CAD,1.3138
24-03-2016,CAD,1.3288
25-03-2016,CAD,1.3288
26-03-2016,CAD,1.3288
27-03-2016,CAD,1.3288
28-03-2016,CAD,1.3288
29-03-2016,CAD,1.3169
30-03-2016,CAD,1.303
31-03-2016,CAD,1.2945
01-04-2016,CAD,1.3028
02-04-2016,CAD,1.3028
03-04-2016,CAD,1.3028
04-04-2016,CAD,1.3033
05-04-2016,CAD,1.3168
06-04-2016,CAD,1.3155
07-04-2016,CAD,1.3117
08-04-2016,CAD,1.3078
09-04-2016,CAD,1.3078
10-04-2016,CAD,1.3078
11-04-2016,CAD,1.2989
12-04-2016,CAD,1.2876
13-04-2016,CAD,1.2804
14-04-2016,CAD,1.2828
15-04-2016,CAD,1.2881
16-04-2016,CAD,1.2881
17-04-2016,CAD,1.2881
18-04-2016,CAD,1.2924
19-04-2016,CAD,1.2711
20-04-2016,CAD,1.2673
21-04-2016,CAD,1.2634
22-04-2016,CAD,1.2734
23-04-2016,CAD,1.2734
24-04-2016,CAD,1.2734
25-04-2016,CAD,1.2683
26-04-2016,CAD,1.2648
27-04-2016,CAD,1.2583
28-04-2016,CAD,1.2557
29-04-2016,CAD,1.2528
30-04-2016,CAD,1.2528
01-05-2016,CAD,1.2528
02-05-2016,CAD,1.2519
03-05-2016,CAD,1.2584
04-05-2016,CAD,1.2751
05-05-2016,CAD,1.282
06-05-2016,CAD,1.2879
07-05-2016,CAD,1.2879
08-05-2016,CAD,1.2879
09-05-2016,CAD,1.2938
10-05-2016,CAD,1.2962
11-05-2016,CAD,1.2872
12-05-2016,CAD,1.2814
13-05-2016,CAD,1.2882
14-05-2016,CAD,1.2882
15-05-2016,CAD,1.2882
16-05-2016,CAD,1.2923
17-05-2016,CAD,1.2927
18-05-2016,CAD,1.2977
19-05-2016,CAD,1.311
20-05-2016,CAD,1.3106
21-05-2016,CAD,1.3106
22-05-2016,CAD,1.3106
23-05-2016,CAD,1.3148
24-05-2016,CAD,1.3148
25-05-2016,CAD,1.3106
26-05-2016,CAD,1.2932
27-05-2016,CAD,1.3037
28-05-2016,CAD,1.3037
29-05-2016,CAD,1.3037
30-05-2016,CAD,1.3039
31-05-2016,CAD,1.3027
01-06-2016,CAD,1.3054
02-06-2016,CAD,1.3105
03-06-2016,CAD,1.3084
04-06-2016,CAD,1.3084
05-06-2016,CAD,1.3084
06-06-2016,CAD,1.2922
07-06-2016,CAD,1.2782
08-06-2016,CAD,1.2682
09-06-2016,CAD,1.2747
10-06-2016,CAD,1.2748
11-06-2016,CAD,1.2748
12-06-2016,CAD,1.2748
13-06-2016,CAD,1.2771
14-06-2016,CAD,1.2872
15-06-2016,CAD,1.2857
16-06-2016,CAD,1.3003
17-06-2016,CAD,1.2901
18-06-2016,CAD,1.2901
19-06-2016,CAD,1.2901
20-06-2016,CAD,1.2813
21-06-2016,CAD,1.2773
22-06-2016,CAD,1.2762
23-06-2016,CAD,1.2747
24-06-2016,CAD,1.3006
25-06-2016,CAD,1.3006
26-06-2016,CAD,1.3006
27-06-2016,CAD,1.3048
28-06-2016,CAD,1.3039
29-06-2016,CAD,1.2991
30-06-2016,CAD,1.2956
01-07-2016,CAD,1.2923
02-07-2016,CAD,1.2923
03-07-2016,CAD,1.2923
04-07-2016,CAD,1.2864
05-07-2016,CAD,1.2936
06-07-2016,CAD,1.3026
07-07-2016,CAD,1.2931
08-07-2016,CAD,1.3014
09-07-2016,CAD,1.3014
10-07-2016,CAD,1.3014
11-07-2016,CAD,1.3066
12-07-2016,CAD,1.3029
13-07-2016,CAD,1.3053
14-07-2016,CAD,1.2926
15-07-2016,CAD,1.2866
16-07-2016,CAD,1.2866
17-07-2016,CAD,1.2866
18-07-2016,CAD,1.2951
19-07-2016,CAD,1.3017
20-07-2016,CAD,1.3059
21-07-2016,CAD,1.3051
22-07-2016,CAD,1.3107
23-07-2016,CAD,1.3107
24-07-2016,CAD,1.3107
25-07-2016,CAD,1.3172
26-07-2016,CAD,1.3234
27-07-2016,CAD,1.319
28-07-2016,CAD,1.3161
29-07-2016,CAD,1.3176
30-07-2016,CAD,1.3176
31-07-2016,CAD,1.3176
01-08-2016,CAD,1.3066
02-08-2016,CAD,1.3051
03-08-2016,CAD,1.31
04-08-2016,CAD,1.3053
05-08-2016,CAD,1.3023
06-08-2016,CAD,1.3023
07-08-2016,CAD,1.3023
08-08-2016,CAD,1.3144
09-08-2016,CAD,1.3149
10-08-2016,CAD,1.3016
11-08-2016,CAD,1.3054
12-08-2016,CAD,1.2975
13-08-2016,CAD,1.2975
14-08-2016,CAD,1.2975
15-08-2016,CAD,1.2921
16-08-2016,CAD,1.2817
17-08-2016,CAD,1.2885
18-08-2016,CAD,1.2829
19-08-2016,CAD,1.2844
20-08-2016,CAD,1.2844
21-08-2016,CAD,1.2844
22-08-2016,CAD,1.2915
23-08-2016,CAD,1.2898
24-08-2016,CAD,1.294
25-08-2016,CAD,1.2929
26-08-2016,CAD,1.2884
27-08-2016,CAD,1.2884
28-08-2016,CAD,1.2884
29-08-2016,CAD,1.3013
30-08-2016,CAD,1.3039
31-08-2016,CAD,1.31
01-09-2016,CAD,1.3129
02-09-2016,CAD,1.3082
03-09-2016,CAD,1.3082
04-09-2016,CAD,1.3082
05-09-2016,CAD,1.294
06-09-2016,CAD,1.2909
07-09-2016,CAD,1.2854
08-09-2016,CAD,1.2877
09-09-2016,CAD,1.2957
10-09-2016,CAD,1.2957
11-09-2016,CAD,1.2957
12-09-2016,CAD,1.3114
13-09-2016,CAD,1.3109
14-09-2016,CAD,1.3192
15-09-2016,CAD,1.3178
16-09-2016,CAD,1.3199
17-09-2016,CAD,1.3199
18-09-2016,CAD,1.3199
19-09-2016,CAD,1.3152
20-09-2016,CAD,1.3226
21-09-2016,CAD,1.3142
22-09-2016,CAD,1.3012
23-09-2016,CAD,1.3042
24-09-2016,CAD,1.3042
25-09-2016,CAD,1.3042
26-09-2016,CAD,1.3164
27-09-2016,CAD,1.3256
28-09-2016,CAD,1.3211
29-09-2016,CAD,1.3085
30-09-2016,CAD,1.3162
01-10-2016,CAD,1.3162
02-10-2016,CAD,1.3162
03-10-2016,CAD,1.3085
04-10-2016,CAD,1.3168
05-10-2016,CAD,1.3216
06-10-2016,CAD,1.3204
07-10-2016,CAD,1.3271
08-10-2016,CAD,1.3271
09-10-2016,CAD,1.3271
10-10-2016,CAD,1.3253
11-10-2016,CAD,1.3226
12-10-2016,CAD,1.3247
13-10-2016,CAD,1.3245
14-10-2016,CAD,1.3166
15-10-2016,CAD,1.3166
16-10-2016,CAD,1.3166
17-10-2016,CAD,1.3128
18-10-2016,CAD,1.3083
19-10-2016,CAD,1.308
20-10-2016,CAD,1.3169
21-10-2016,CAD,1.3229
22-10-2016,CAD,1.3229
23-10-2016,CAD,1.3229
24-10-2016,CAD,1.3357
25-10-2016,CAD,1.3317
26-10-2016,CAD,1.3366
27-10-2016,CAD,1.3366
28-10-2016,CAD,1.3389
29-10-2016,CAD,1.3389
30-10-2016,CAD,1.3389
31-10-2016,CAD,1.3398
01-11-2016,CAD,1.3361
02-11-2016,CAD,1.3375
03-11-2016,CAD,1.3389
04-11-2016,CAD,1.3433
05-11-2016,CAD,1.3433
06-11-2016,CAD,1.3433
07-11-2016,CAD,1.3391
08-11-2016,CAD,1.3368
09-11-2016,CAD,1.3426
10-11-2016,CAD,1.3482
11-11-2016,CAD,1.3491
12-11-2016,CAD,1.3491
13-11-2016,CAD,1.3491
14-11-2016,CAD,1.3538
15-11-2016,CAD,1.3525
16-11-2016,CAD,1.3479
17-11-2016,CAD,1.3426
18-11-2016,CAD,1.3515
19-11-2016,CAD,1.3515
20-11-2016,CAD,1.3515
21-11-2016,CAD,1.3459
22-11-2016,CAD,1.3403
23-11-2016,CAD,1.345
24-11-2016,CAD,1.3493
25-11-2016,CAD,1.3491
26-11-2016,CAD,1.3491
27-11-2016,CAD,1.3491
28-11-2016,CAD,1.3451
29-11-2016,CAD,1.3457
30-11-2016,CAD,1.3383
01-12-2016,CAD,1.34
02-12-2016,CAD,1.3303
03-12-2016,CAD,1.3303
04-12-2016,CAD,1.3303
05-12-2016,CAD,1.3306
06-12-2016,CAD,1.3268
07-12-2016,CAD,1.3273
08-12-2016,CAD,1.3215
09-12-2016,CAD,1.3177
10-12-2016,CAD,1.3177
11-12-2016,CAD,1.3177
12-12-2016,CAD,1.3135
13-12-2016,CAD,1.3121
14-12-2016,CAD,1.3116
15-12-2016,CAD,1.3343
16-12-2016,CAD,1.3373
17-12-2016,CAD,1.3373
18-12-2016,CAD,1.3373
19-12-2016,CAD,1.3382
20-12-2016,CAD,1.3408
21-12-2016,CAD,1.3369
22-12-2016,CAD,1.3468
23-12-2016,CAD,1.3514
24-12-2016,CAD,1.3514
25-12-2016,CAD,1.3514
26-12-2016,CAD,1.3514
27-12-2016,CAD,1.3534
28-12-2016,CAD,1.3575
29-12-2016,CAD,1.3541
30-12-2016,CAD,1.346
31-12-2016,CAD,1.346
01-01-2017,CAD,1.346
02-01-2017,CAD,1.3445
03-01-2017,CAD,1.3444
04-01-2017,CAD,1.3312
05-01-2017,CAD,1.33
06-01-2017,CAD,1.3258
07-01-2017,CAD,1.3258
08-01-2017,CAD,1.3258
09-01-2017,CAD,1.3269
10-01-2017,CAD,1.3241
11-01-2017,CAD,1.3252
12-01-2017,CAD,1.3057
13-01-2017,CAD,1.3141
14-01-2017,CAD,1.3141
15-01-2017,CAD,1.3141
16-01-2017,CAD,1.3146
17-01-2017,CAD,1.306
18-01-2017,CAD,1.3115
19-01-2017,CAD,1.3282
20-01-2017,CAD,1.3372
21-01-2017,CAD,1.3372
22-01-2017,CAD,1.3372
23-01-2017,CAD,1.3314
24-01-2017,CAD,1.3274
25-01-2017,CAD,1.3097
26-01-2017,CAD,1.3129
27-01-2017,CAD,1.3119
28-01-2017,CAD,1.3119
29-01-2017,CAD,1.3119
30-01-2017,CAD,1.3154
31-01-2017,CAD,1.3069
01-02-2017,CAD,1.3065
02-02-2017,CAD,1.3
03-02-2017,CAD,1.3056
04-02-2017,CAD,1.3056
05-02-2017,CAD,1.3056
06-02-2017,CAD,1.3057
07-02-2017,CAD,1.3182
08-02-2017,CAD,1.3146
09-02-2017,CAD,1.3109
10-02-2017,CAD,1.3139
11-02-2017,CAD,1.3139
12-02-2017,CAD,1.3139
13-02-2017,CAD,1.3093
14-02-2017,CAD,1.303
15-02-2017,CAD,1.3083
16-02-2017,CAD,1.3016
17-02-2017,CAD,1.3079
18-02-2017,CAD,1.3079
19-02-2017,CAD,1.3079
20-02-2017,CAD,1.311
21-02-2017,CAD,1.3135
22-02-2017,CAD,1.3168
23-02-2017,CAD,1.3116
24-02-2017,CAD,1.3109
25-02-2017,CAD,1.3109
26-02-2017,CAD,1.3109
27-02-2017,CAD,1.3119
28-02-2017,CAD,1.3196
01-03-2017,CAD,1.3333
02-03-2017,CAD,1.3381
03-03-2017,CAD,1.3404
04-03-2017,CAD,1.3404
05-03-2017,CAD,1.3404
06-03-2017,CAD,1.339
07-03-2017,CAD,1.3418
08-03-2017,CAD,1.3445
09-03-2017,CAD,1.3527
10-03-2017,CAD,1.3504
11-03-2017,CAD,1.3504
12-03-2017,CAD,1.3504
13-03-2017,CAD,1.3458
14-03-2017,CAD,1.3487
15-03-2017,CAD,1.3454
16-03-2017,CAD,1.3311
17-03-2017,CAD,1.3315
18-03-2017,CAD,1.3315
19-03-2017,CAD,1.3315
20-03-2017,CAD,1.3355
21-03-2017,CAD,1.3284
22-03-2017,CAD,1.3378
23-03-2017,CAD,1.3339
24-03-2017,CAD,1.3372
25-03-2017,CAD,1.3372
26-03-2017,CAD,1.3372
27-03-2017,CAD,1.3349
28-03-2017,CAD,1.3395
29-03-2017,CAD,1.3379
30-03-2017,CAD,1.3337
31-03-2017,CAD,1.3343
01-04-2017,CAD,1.3343
02-04-2017,CAD,1.3343
03-04-2017,CAD,1.3347
04-04-2017,CAD,1.3445
05-04-2017,CAD,1.3384
06-04-2017,CAD,1.3428
07-04-2017,CAD,1.3411
08-04-2017,CAD,1.3411
09-04-2017,CAD,1.3411
10-04-2017,CAD,1.3382
11-04-2017,CAD,1.3319
12-04-2017,CAD,1.3309
13-04-2017,CAD,1.3235
14-04-2017,CAD,1.3235
15-04-2017,CAD,1.3235
16-04-2017,CAD,1.3235
17-04-2017,CAD,1.3235
18-04-2017,CAD,1.3362
19-04-2017,CAD,1.3441
20-04-2017,CAD,1.3489
21-04-2017,CAD,1.3473
22-04-2017,CAD,1.3473
23-04-2017,CAD,1.3473
24-04-2017,CAD,1.3431
25-04-2017,CAD,1.358
26-04-2017,CAD,1.3579
27-04-2017,CAD,1.3586
28-04-2017,CAD,1.3645
29-04-2017,CAD,1.3645
30-04-2017,CAD,1.3645
01-05-2017,CAD,1.3645
02-05-2017,CAD,1.3677
03-05-2017,CAD,1.3728
04-05-2017,CAD,1.3737
05-05-2017,CAD,1.3771
06-05-2017,CAD,1.3771
07-05-2017,CAD,1.3771
08-05-2017,CAD,1.3701
09-05-2017,CAD,1.3704
10-05-2017,CAD,1.3697
11-05-2017,CAD,1.3726
12-05-2017,CAD,1.3738
13-05-2017,CAD,1.3738
14-05-2017,CAD,1.3738
15-05-2017,CAD,1.3608
16-05-2017,CAD,1.3616
17-05-2017,CAD,1.3615
18-05-2017,CAD,1.3643
19-05-2017,CAD,1.3569
20-05-2017,CAD,1.3569
21-05-2017,CAD,1.3569
22-05-2017,CAD,1.3496
23-05-2017,CAD,1.3468
24-05-2017,CAD,1.3499
25-05-2017,CAD,1.3432
26-05-2017,CAD,1.3466
27-05-2017,CAD,1.3466
28-05-2017,CAD,1.3466
29-05-2017,CAD,1.3455
30-05-2017,CAD,1.3468
31-05-2017,CAD,1.3464
01-06-2017,CAD,1.3508
02-06-2017,CAD,1.3523
03-06-2017,CAD,1.3523
04-06-2017,CAD,1.3523
05-06-2017,CAD,1.3489
06-06-2017,CAD,1.3475
07-06-2017,CAD,1.3448
08-06-2017,CAD,1.3514
09-06-2017,CAD,1.3509
10-06-2017,CAD,1.3509
11-06-2017,CAD,1.3509
12-06-2017,CAD,1.3437
13-06-2017,CAD,1.3276
14-06-2017,CAD,1.3207
15-06-2017,CAD,1.3278
16-06-2017,CAD,1.3223
17-06-2017,CAD,1.3223
18-06-2017,CAD,1.3223
19-06-2017,CAD,1.324
20-06-2017,CAD,1.3277
21-06-2017,CAD,1.328
22-06-2017,CAD,1.3298
23-06-2017,CAD,1.3231
24-06-2017,CAD,1.3231
25-06-2017,CAD,1.3231
26-06-2017,CAD,1.324
27-06-2017,CAD,1.3207
28-06-2017,CAD,1.3088
29-06-2017,CAD,1.3026
30-06-2017,CAD,1.2956
01-07-2017,CAD,1.2956
02-07-2017,CAD,1.2956
03-07-2017,CAD,1.2978
04-07-2017,CAD,1.2975
05-07-2017,CAD,1.296
06-07-2017,CAD,1.2936
07-07-2017,CAD,1.2974
08-07-2017,CAD,1.2974
09-07-2017,CAD,1.2974
10-07-2017,CAD,1.2912
11-07-2017,CAD,1.2905
12-07-2017,CAD,1.2934
13-07-2017,CAD,1.2756
14-07-2017,CAD,1.2724
15-07-2017,CAD,1.2724
16-07-2017,CAD,1.2724
17-07-2017,CAD,1.2652
18-07-2017,CAD,1.259
19-07-2017,CAD,1.2607
20-07-2017,CAD,1.2614
21-07-2017,CAD,1.2596
22-07-2017,CAD,1.2596
23-07-2017,CAD,1.2596
24-07-2017,CAD,1.2521
25-07-2017,CAD,1.2492
26-07-2017,CAD,1.2518
27-07-2017,CAD,1.2488
28-07-2017,CAD,1.2543
29-07-2017,CAD,1.2543
30-07-2017,CAD,1.2543
31-07-2017,CAD,1.2471
01-08-2017,CAD,1.2476
02-08-2017,CAD,1.2546
03-08-2017,CAD,1.2606
04-08-2017,CAD,1.2572
05-08-2017,CAD,1.2572
06-08-2017,CAD,1.2572
07-08-2017,CAD,1.268
08-08-2017,CAD,1.2662
09-08-2017,CAD,1.268
10-08-2017,CAD,1.272
11-08-2017,CAD,1.2712
12-08-2017,CAD,1.2712
13-08-2017,CAD,1.2712
14-08-2017,CAD,1.2694
15-08-2017,CAD,1.2738
16-08-2017,CAD,1.2731
17-08-2017,CAD,1.2625
18-08-2017,CAD,1.2657
19-08-2017,CAD,1.2657
20-08-2017,CAD,1.2657
21-08-2017,CAD,1.2597
22-08-2017,CAD,1.2578
23-08-2017,CAD,1.2584
24-08-2017,CAD,1.2522
25-08-2017,CAD,1.2508
26-08-2017,CAD,1.2508
27-08-2017,CAD,1.2508
28-08-2017,CAD,1.2466
29-08-2017,CAD,1.2481
30-08-2017,CAD,1.2555
31-08-2017,CAD,1.266
01-09-2017,CAD,1.2441
02-09-2017,CAD,1.2441
03-09-2017,CAD,1.2441
04-09-2017,CAD,1.241
05-09-2017,CAD,1.239
06-09-2017,CAD,1.2394
07-09-2017,CAD,1.2185
08-09-2017,CAD,1.2087
09-09-2017,CAD,1.2087
10-09-2017,CAD,1.2087
11-09-2017,CAD,1.2121
12-09-2017,CAD,1.2132
13-09-2017,CAD,1.214
14-09-2017,CAD,1.2201
15-09-2017,CAD,1.2137
16-09-2017,CAD,1.2137
17-09-2017,CAD,1.2137
18-09-2017,CAD,1.2204
19-09-2017,CAD,1.229
20-09-2017,CAD,1.2244
21-09-2017,CAD,1.2358
22-09-2017,CAD,1.2269
23-09-2017,CAD,1.2269
24-09-2017,CAD,1.2269
25-09-2017,CAD,1.2328
26-09-2017,CAD,1.2391
27-09-2017,CAD,1.2396
28-09-2017,CAD,1.2467
29-09-2017,CAD,1.244
30-09-2017,CAD,1.244
01-10-2017,CAD,1.244
02-10-2017,CAD,1.2511
03-10-2017,CAD,1.2501
04-10-2017,CAD,1.2453
05-10-2017,CAD,1.2481
06-10-2017,CAD,1.2575
07-10-2017,CAD,1.2575
08-10-2017,CAD,1.2575
09-10-2017,CAD,1.2541
10-10-2017,CAD,1.2499
11-10-2017,CAD,1.2509
12-10-2017,CAD,1.247
13-10-2017,CAD,1.2499
14-10-2017,CAD,1.2499
15-10-2017,CAD,1.2499
16-10-2017,CAD,1.2539
17-10-2017,CAD,1.2536
18-10-2017,CAD,1.2529
19-10-2017,CAD,1.2458
20-10-2017,CAD,1.2494
21-10-2017,CAD,1.2494
22-10-2017,CAD,1.2494
23-10-2017,CAD,1.2636
24-10-2017,CAD,1.2648
25-10-2017,CAD,1.2697
26-10-2017,CAD,1.2798
27-10-2017,CAD,1.2892
28-10-2017,CAD,1.2892
29-10-2017,CAD,1.2892
30-10-2017,CAD,1.2847
31-10-2017,CAD,1.2892
01-11-2017,CAD,1.2906
02-11-2017,CAD,1.2847
03-11-2017,CAD,1.2722
04-11-2017,CAD,1.2722
05-11-2017,CAD,1.2722
06-11-2017,CAD,1.2758
07-11-2017,CAD,1.2767
08-11-2017,CAD,1.2729
09-11-2017,CAD,1.2708
10-11-2017,CAD,1.267
11-11-2017,CAD,1.267
12-11-2017,CAD,1.267
13-11-2017,CAD,1.2705
14-11-2017,CAD,1.2714
15-11-2017,CAD,1.2756
16-11-2017,CAD,1.2764
17-11-2017,CAD,1.2762
18-11-2017,CAD,1.2762
19-11-2017,CAD,1.2762
20-11-2017,CAD,1.2788
21-11-2017,CAD,1.2806
22-11-2017,CAD,1.2741
23-11-2017,CAD,1.2681
24-11-2017,CAD,1.2708
25-11-2017,CAD,1.2708
26-11-2017,CAD,1.2708
27-11-2017,CAD,1.2681
28-11-2017,CAD,1.2793
29-11-2017,CAD,1.2832
30-11-2017,CAD,1.2885
01-12-2017,CAD,1.2874
02-12-2017,CAD,1.2874
03-12-2017,CAD,1.2874
04-12-2017,CAD,1.2671
05-12-2017,CAD,1.2633
06-12-2017,CAD,1.2662
07-12-2017,CAD,1.2838
08-12-2017,CAD,1.2836
09-12-2017,CAD,1.2836
10-12-2017,CAD,1.2836
11-12-2017,CAD,1.2859
12-12-2017,CAD,1.2832
13-12-2017,CAD,1.286
14-12-2017,CAD,1.2829
15-12-2017,CAD,1.2765
16-12-2017,CAD,1.2765
17-12-2017,CAD,1.2765
18-12-2017,CAD,1.2874
19-12-2017,CAD,1.2862
20-12-2017,CAD,1.285
21-12-2017,CAD,1.2804
22-12-2017,CAD,1.2703
23-12-2017,CAD,1.2703
24-12-2017,CAD,1.2703
25-12-2017,CAD,1.2703
26-12-2017,CAD,1.2703
27-12-2017,CAD,1.2634
28-12-2017,CAD,1.261
29-12-2017,CAD,1.254
30-12-2017,CAD,1.254
31-12-2017,CAD,1.254
01-01-2018,CAD,1.254
02-01-2018,CAD,1.2539
03-01-2018,CAD,1.2515
04-01-2018,CAD,1.2527
05-01-2018,CAD,1.251
06-01-2018,CAD,1.251
07-01-2018,CAD,1.251
08-01-2018,CAD,1.2428
09-01-2018,CAD,1.2425
10-01-2018,CAD,1.2451
11-01-2018,CAD,1.256
12-01-2018,CAD,1.2519
13-01-2018,CAD,1.2519
14-01-2018,CAD,1.2519
15-01-2018,CAD,1.2432
16-01-2018,CAD,1.2424
17-01-2018,CAD,1.2444
18-01-2018,CAD,1.2447
19-01-2018,CAD,1.2441
20-01-2018,CAD,1.2441
21-01-2018,CAD,1.2441
22-01-2018,CAD,1.2477
23-01-2018,CAD,1.2482
24-01-2018,CAD,1.2329
25-01-2018,CAD,1.2323
26-01-2018,CAD,1.2323
27-01-2018,CAD,1.2323
28-01-2018,CAD,1.2323
29-01-2018,CAD,1.2335
30-01-2018,CAD,1.2321
31-01-2018,CAD,1.2274
01-02-2018,CAD,1.2319
02-02-2018,CAD,1.2317
03-02-2018,CAD,1.2317
04-02-2018,CAD,1.2317
05-02-2018,CAD,1.2434
06-02-2018,CAD,1.2562
07-02-2018,CAD,1.2518
08-02-2018,CAD,1.2571
09-02-2018,CAD,1.2609
10-02-2018,CAD,1.2609
11-02-2018,CAD,1.2609
12-02-2018,CAD,1.258
13-02-2018,CAD,1.2604
14-02-2018,CAD,1.2575
15-02-2018,CAD,1.249
16-02-2018,CAD,1.2506
17-02-2018,CAD,1.2506
18-02-2018,CAD,1.2506
19-02-2018,CAD,1.2564
20-02-2018,CAD,1.2604
21-02-2018,CAD,1.2671
22-02-2018,CAD,1.2699
23-02-2018,CAD,1.2695
24-02-2018,CAD,1.2695
25-02-2018,CAD,1.2695
26-02-2018,CAD,1.2676
27-02-2018,CAD,1.272
28-02-2018,CAD,1.2779
01-03-2018,CAD,1.2862
02-03-2018,CAD,1.288
03-03-2018,CAD,1.288
04-03-2018,CAD,1.288
05-03-2018,CAD,1.2931
06-03-2018,CAD,1.2886
07-03-2018,CAD,1.2931
08-03-2018,CAD,1.2917
09-03-2018,CAD,1.2894
10-03-2018,CAD,1.2894
11-03-2018,CAD,1.2894
12-03-2018,CAD,1.2829
13-03-2018,CAD,1.2837
14-03-2018,CAD,1.293
15-03-2018,CAD,1.2985
16-03-2018,CAD,1.3078
17-03-2018,CAD,1.3078
18-03-2018,CAD,1.3078
19-03-2018,CAD,1.3084
20-03-2018,CAD,1.3066
21-03-2018,CAD,1.298
22-03-2018,CAD,1.2901
23-03-2018,CAD,1.2853
24-03-2018,CAD,1.2853
25-03-2018,CAD,1.2853
26-03-2018,CAD,1.2889
27-03-2018,CAD,1.2887
28-03-2018,CAD,1.2884
29-03-2018,CAD,1.2901
30-03-2018,CAD,1.2901
31-03-2018,CAD,1.2901
01-04-2018,CAD,1.2901
02-04-2018,CAD,1.2901
03-04-2018,CAD,1.2852
04-04-2018,CAD,1.2835
05-04-2018,CAD,1.2772
06-04-2018,CAD,1.2792
07-04-2018,CAD,1.2792
08-04-2018,CAD,1.2792
09-04-2018,CAD,1.2781
10-04-2018,CAD,1.2657
11-04-2018,CAD,1.2617
12-04-2018,CAD,1.2592
13-04-2018,CAD,1.257
14-04-2018,CAD,1.257
15-04-2018,CAD,1.257
16-04-2018,CAD,1.2608
17-04-2018,CAD,1.2552
18-04-2018,CAD,1.257
19-04-2018,CAD,1.2604
20-04-2018,CAD,1.2639
21-04-2018,CAD,1.2639
22-04-2018,CAD,1.2639
23-04-2018,CAD,1.2787
24-04-2018,CAD,1.2824
25-04-2018,CAD,1.2888
26-04-2018,CAD,1.2835
27-04-2018,CAD,1.2882
28-04-2018,CAD,1.2882
29-04-2018,CAD,1.2882
30-04-2018,CAD,1.2867
01-05-2018,CAD,1.2867
02-05-2018,CAD,1.2827
03-05-2018,CAD,1.2845
04-05-2018,CAD,1.2875
05-05-2018,CAD,1.2875
06-05-2018,CAD,1.2875
07-05-2018,CAD,1.2887
08-05-2018,CAD,1.2972
09-05-2018,CAD,1.2879
10-05-2018,CAD,1.2773
11-05-2018,CAD,1.2734
12-05-2018,CAD,1.2734
13-05-2018,CAD,1.2734
14-05-2018,CAD,1.2764
15-05-2018,CAD,1.2836
16-05-2018,CAD,1.2866
17-05-2018,CAD,1.2772
18-05-2018,CAD,1.2795
19-05-2018,CAD,1.2795
20-05-2018,CAD,1.2795
21-05-2018,CAD,1.2874
22-05-2018,CAD,1.2774
23-05-2018,CAD,1.2905
24-05-2018,CAD,1.2885
25-05-2018,CAD,1.2956
26-05-2018,CAD,1.2956
27-05-2018,CAD,1.2956
28-05-2018,CAD,1.298
29-05-2018,CAD,1.3028
30-05-2018,CAD,1.2975
31-05-2018,CAD,1.2854
01-06-2018,CAD,1.2976
02-06-2018,CAD,1.2976
03-06-2018,CAD,1.2976
04-06-2018,CAD,1.2906
05-06-2018,CAD,1.2983
06-06-2018,CAD,1.2877
07-06-2018,CAD,1.2938
08-06-2018,CAD,1.2995
09-06-2018,CAD,1.2995
10-06-2018,CAD,1.2995
11-06-2018,CAD,1.3018
12-06-2018,CAD,1.3009
13-06-2018,CAD,1.3017
14-06-2018,CAD,1.2977
15-06-2018,CAD,1.3128
16-06-2018,CAD,1.3128
17-06-2018,CAD,1.3128
18-06-2018,CAD,1.3181
19-06-2018,CAD,1.3282
20-06-2018,CAD,1.3299
21-06-2018,CAD,1.3331
22-06-2018,CAD,1.3272
23-06-2018,CAD,1.3272
24-06-2018,CAD,1.3272
25-06-2018,CAD,1.3284
26-06-2018,CAD,1.3322
27-06-2018,CAD,1.3295
28-06-2018,CAD,1.3294
29-06-2018,CAD,1.3246
30-06-2018,CAD,1.3246
01-07-2018,CAD,1.3246
02-07-2018,CAD,1.3182
03-07-2018,CAD,1.3154
04-07-2018,CAD,1.3147
05-07-2018,CAD,1.313
06-07-2018,CAD,1.3133
07-07-2018,CAD,1.3133
08-07-2018,CAD,1.3133
09-07-2018,CAD,1.3076
10-07-2018,CAD,1.3132
11-07-2018,CAD,1.3141
12-07-2018,CAD,1.3183
13-07-2018,CAD,1.3191
14-07-2018,CAD,1.3191
15-07-2018,CAD,1.3191
16-07-2018,CAD,1.3139
17-07-2018,CAD,1.3157
18-07-2018,CAD,1.3254
19-07-2018,CAD,1.3247
20-07-2018,CAD,1.3233
21-07-2018,CAD,1.3233
22-07-2018,CAD,1.3233
23-07-2018,CAD,1.3133
24-07-2018,CAD,1.315
25-07-2018,CAD,1.3123
26-07-2018,CAD,1.3048
27-07-2018,CAD,1.3069
28-07-2018,CAD,1.3069
29-07-2018,CAD,1.3069
30-07-2018,CAD,1.3048
31-07-2018,CAD,1.3035
01-08-2018,CAD,1.3022
02-08-2018,CAD,1.3036
03-08-2018,CAD,1.3018
04-08-2018,CAD,1.3018
05-08-2018,CAD,1.3018
06-08-2018,CAD,1.3023
07-08-2018,CAD,1.2969
08-08-2018,CAD,1.308
09-08-2018,CAD,1.3035
10-08-2018,CAD,1.3095
11-08-2018,CAD,1.3095
12-08-2018,CAD,1.3095
13-08-2018,CAD,1.3151
14-08-2018,CAD,1.3071
15-08-2018,CAD,1.3102
16-08-2018,CAD,1.3142
17-08-2018,CAD,1.3147
18-08-2018,CAD,1.3147
19-08-2018,CAD,1.3147
20-08-2018,CAD,1.3071
21-08-2018,CAD,1.3022
22-08-2018,CAD,1.3022
23-08-2018,CAD,1.3031
24-08-2018,CAD,1.3068
25-08-2018,CAD,1.3068
26-08-2018,CAD,1.3068
27-08-2018,CAD,1.3051
28-08-2018,CAD,1.2919
29-08-2018,CAD,1.2944
30-08-2018,CAD,1.2929
31-08-2018,CAD,1.3039
01-09-2018,CAD,1.3039
02-09-2018,CAD,1.3039
03-09-2018,CAD,1.3072
04-09-2018,CAD,1.3176
05-09-2018,CAD,1.3178
06-09-2018,CAD,1.3184
07-09-2018,CAD,1.3119
08-09-2018,CAD,1.3119
09-09-2018,CAD,1.3119
10-09-2018,CAD,1.3195
11-09-2018,CAD,1.316
12-09-2018,CAD,1.3066
13-09-2018,CAD,1.3005
14-09-2018,CAD,1.3009
15-09-2018,CAD,1.3009
16-09-2018,CAD,1.3009
17-09-2018,CAD,1.3018
18-09-2018,CAD,1.3026
19-09-2018,CAD,1.2973
20-09-2018,CAD,1.2893
21-09-2018,CAD,1.2924
22-09-2018,CAD,1.2924
23-09-2018,CAD,1.2924
24-09-2018,CAD,1.2937
25-09-2018,CAD,1.2959
26-09-2018,CAD,1.2962
27-09-2018,CAD,1.307
28-09-2018,CAD,1.3013
29-09-2018,CAD,1.3013
30-09-2018,CAD,1.3013
01-10-2018,CAD,1.281
02-10-2018,CAD,1.2817
03-10-2018,CAD,1.2833
04-10-2018,CAD,1.2867
05-10-2018,CAD,1.2917
06-10-2018,CAD,1.2917
07-10-2018,CAD,1.2917
08-10-2018,CAD,1.2994
09-10-2018,CAD,1.2996
10-10-2018,CAD,1.2963
11-10-2018,CAD,1.3047
12-10-2018,CAD,1.3007
13-10-2018,CAD,1.3007
14-10-2018,CAD,1.3007
15-10-2018,CAD,1.3026
16-10-2018,CAD,1.2954
17-10-2018,CAD,1.2972
18-10-2018,CAD,1.3046
19-10-2018,CAD,1.3031
20-10-2018,CAD,1.3031
21-10-2018,CAD,1.3031
22-10-2018,CAD,1.3089
23-10-2018,CAD,1.3109
24-10-2018,CAD,1.3083
25-10-2018,CAD,1.3046
26-10-2018,CAD,1.3148
27-10-2018,CAD,1.3148
28-10-2018,CAD,1.3148
29-10-2018,CAD,1.3107
30-10-2018,CAD,1.3138
31-10-2018,CAD,1.3126
01-11-2018,CAD,1.3082
02-11-2018,CAD,1.31
03-11-2018,CAD,1.31
04-11-2018,CAD,1.31
05-11-2018,CAD,1.3093
06-11-2018,CAD,1.3122
07-11-2018,CAD,1.3075
08-11-2018,CAD,1.3106
09-11-2018,CAD,1.3193
10-11-2018,CAD,1.3193
11-11-2018,CAD,1.3193
12-11-2018,CAD,1.3203
13-11-2018,CAD,1.3221
14-11-2018,CAD,1.3223
15-11-2018,CAD,1.3223
16-11-2018,CAD,1.3181
17-11-2018,CAD,1.3181
18-11-2018,CAD,1.3181
19-11-2018,CAD,1.3175
20-11-2018,CAD,1.3196
21-11-2018,CAD,1.3274
22-11-2018,CAD,1.3219
23-11-2018,CAD,1.323
24-11-2018,CAD,1.323
25-11-2018,CAD,1.323
26-11-2018,CAD,1.321
27-11-2018,CAD,1.3257
28-11-2018,CAD,1.3325
29-11-2018,CAD,1.3276
30-11-2018,CAD,1.3308
01-12-2018,CAD,1.3308
02-12-2018,CAD,1.3308
03-12-2018,CAD,1.3176
04-12-2018,CAD,1.3175
05-12-2018,CAD,1.3278
06-12-2018,CAD,1.3416
07-12-2018,CAD,1.3394
08-12-2018,CAD,1.3394
09-12-2018,CAD,1.3394
10-12-2018,CAD,1.332
11-12-2018,CAD,1.3392
12-12-2018,CAD,1.337
13-12-2018,CAD,1.3361
14-12-2018,CAD,1.3376
15-12-2018,CAD,1.3376
16-12-2018,CAD,1.3376
17-12-2018,CAD,1.3393
18-12-2018,CAD,1.3403
19-12-2018,CAD,1.3443
20-12-2018,CAD,1.347
21-12-2018,CAD,1.3544
22-12-2018,CAD,1.3544
23-12-2018,CAD,1.3544
24-12-2018,CAD,1.3592
25-12-2018,CAD,1.3592
26-12-2018,CAD,1.3592
27-12-2018,CAD,1.3624
28-12-2018,CAD,1.3621
29-12-2018,CAD,1.3621
30-12-2018,CAD,1.3621
31-12-2018,CAD,1.3629
01-01-2019,CAD,1.3629
02-01-2019,CAD,1.3641
03-01-2019,CAD,1.3564
04-01-2019,CAD,1.3442
05-01-2019,CAD,1.3442
06-01-2019,CAD,1.3442
07-01-2019,CAD,1.3352
08-01-2019,CAD,1.3294
09-01-2019,CAD,1.3245
10-01-2019,CAD,1.3221
11-01-2019,CAD,1.322
12-01-2019,CAD,1.322
13-01-2019,CAD,1.322
14-01-2019,CAD,1.3278
15-01-2019,CAD,1.3265
16-01-2019,CAD,1.3259
17-01-2019,CAD,1.3297
18-01-2019,CAD,1.3273
19-01-2019,CAD,1.3273
20-01-2019,CAD,1.3273
21-01-2019,CAD,1.3305
22-01-2019,CAD,1.3324
23-01-2019,CAD,1.3312
24-01-2019,CAD,1.3367
25-01-2019,CAD,1.3315
26-01-2019,CAD,1.3315
27-01-2019,CAD,1.3315
28-01-2019,CAD,1.3238
29-01-2019,CAD,1.3257
30-01-2019,CAD,1.3222
31-01-2019,CAD,1.3152
01-02-2019,CAD,1.3142
02-02-2019,CAD,1.3142
03-02-2019,CAD,1.3142
04-02-2019,CAD,1.3116
05-02-2019,CAD,1.3128
06-02-2019,CAD,1.3182
07-02-2019,CAD,1.3266
08-02-2019,CAD,1.3307
09-02-2019,CAD,1.3307
10-02-2019,CAD,1.3307
11-02-2019,CAD,1.3268
12-02-2019,CAD,1.3252
13-02-2019,CAD,1.3244
14-02-2019,CAD,1.3267
15-02-2019,CAD,1.3285
16-02-2019,CAD,1.3285
17-02-2019,CAD,1.3285
18-02-2019,CAD,1.3234
19-02-2019,CAD,1.3247
20-02-2019,CAD,1.3186
21-02-2019,CAD,1.3168
22-02-2019,CAD,1.3224
23-02-2019,CAD,1.3224
24-02-2019,CAD,1.3224
25-02-2019,CAD,1.3143
26-02-2019,CAD,1.3224
27-02-2019,CAD,1.3141
28-02-2019,CAD,1.3176
01-03-2019,CAD,1.3152
02-03-2019,CAD,1.3152
03-03-2019,CAD,1.3152
04-03-2019,CAD,1.3312
05-03-2019,CAD,1.3343
06-03-2019,CAD,1.3382
07-03-2019,CAD,1.3425
08-03-2019,CAD,1.3455
09-03-2019,CAD,1.3455
10-03-2019,CAD,1.3455
11-03-2019,CAD,1.3423
12-03-2019,CAD,1.3402
13-03-2019,CAD,1.3348
14-03-2019,CAD,1.3346
15-03-2019,CAD,1.3369
16-03-2019,CAD,1.3369
17-03-2019,CAD,1.3369
18-03-2019,CAD,1.3335
19-03-2019,CAD,1.3259
20-03-2019,CAD,1.3321
21-03-2019,CAD,1.3339
22-03-2019,CAD,1.3409
23-03-2019,CAD,1.3409
24-03-2019,CAD,1.3409
25-03-2019,CAD,1.3425
26-03-2019,CAD,1.3402
27-03-2019,CAD,1.341
28-03-2019,CAD,1.343
29-03-2019,CAD,1.3351
30-03-2019,CAD,1.3351
31-03-2019,CAD,1.3351
01-04-2019,CAD,1.3355
02-04-2019,CAD,1.3321
03-04-2019,CAD,1.331
04-04-2019,CAD,1.3359
05-04-2019,CAD,1.338
06-04-2019,CAD,1.338
07-04-2019,CAD,1.338
08-04-2019,CAD,1.3375
09-04-2019,CAD,1.3287
10-04-2019,CAD,1.3327
11-04-2019,CAD,1.3376
12-04-2019,CAD,1.3322
13-04-2019,CAD,1.3322
14-04-2019,CAD,1.3322
15-04-2019,CAD,1.3312
16-04-2019,CAD,1.3366
17-04-2019,CAD,1.3335
18-04-2019,CAD,1.3391
19-04-2019,CAD,1.3391
20-04-2019,CAD,1.3391
21-04-2019,CAD,1.3391
22-04-2019,CAD,1.3391
23-04-2019,CAD,1.339
24-04-2019,CAD,1.3452
25-04-2019,CAD,1.3506
26-04-2019,CAD,1.3491
27-04-2019,CAD,1.3491
28-04-2019,CAD,1.3491
29-04-2019,CAD,1.3478
30-04-2019,CAD,1.3438
01-05-2019,CAD,1.3438
02-05-2019,CAD,1.3436
03-05-2019,CAD,1.3464
04-05-2019,CAD,1.3464
05-05-2019,CAD,1.3464
06-05-2019,CAD,1.3479
07-05-2019,CAD,1.3469
08-05-2019,CAD,1.3457
09-05-2019,CAD,1.3484
10-05-2019,CAD,1.3475
11-05-2019,CAD,1.3475
12-05-2019,CAD,1.3475
13-05-2019,CAD,1.3443
14-05-2019,CAD,1.3466
15-05-2019,CAD,1.348
16-05-2019,CAD,1.3424
17-05-2019,CAD,1.3493
18-05-2019,CAD,1.3493
19-05-2019,CAD,1.3493
20-05-2019,CAD,1.3432
21-05-2019,CAD,1.3409
22-05-2019,CAD,1.3385
23-05-2019,CAD,1.3466
24-05-2019,CAD,1.3456
25-05-2019,CAD,1.3456
26-05-2019,CAD,1.3456
27-05-2019,CAD,1.345
28-05-2019,CAD,1.3466
29-05-2019,CAD,1.3504
30-05-2019,CAD,1.3498
31-05-2019,CAD,1.3555
01-06-2019,CAD,1.3555
02-06-2019,CAD,1.3555
03-06-2019,CAD,1.3498
04-06-2019,CAD,1.3439
05-06-2019,CAD,1.3387
06-06-2019,CAD,1.34
07-06-2019,CAD,1.336
08-06-2019,CAD,1.336
09-06-2019,CAD,1.336
10-06-2019,CAD,1.3277
11-06-2019,CAD,1.3253
12-06-2019,CAD,1.3299
13-06-2019,CAD,1.3306
14-06-2019,CAD,1.3332
15-06-2019,CAD,1.3332
16-06-2019,CAD,1.3332
17-06-2019,CAD,1.3414
18-06-2019,CAD,1.3423
19-06-2019,CAD,1.3376
20-06-2019,CAD,1.3165
21-06-2019,CAD,1.3192
22-06-2019,CAD,1.3192
23-06-2019,CAD,1.3192
24-06-2019,CAD,1.3191
25-06-2019,CAD,1.3173
26-06-2019,CAD,1.3155
27-06-2019,CAD,1.3129
28-06-2019,CAD,1.3087
29-06-2019,CAD,1.3087
30-06-2019,CAD,1.3087
01-07-2019,CAD,1.3099
02-07-2019,CAD,1.3113
03-07-2019,CAD,1.31
04-07-2019,CAD,1.3066
05-07-2019,CAD,1.3066
06-07-2019,CAD,1.3066
07-07-2019,CAD,1.3066
08-07-2019,CAD,1.3056
09-07-2019,CAD,1.3124
10-07-2019,CAD,1.3113
11-07-2019,CAD,1.3057
12-07-2019,CAD,1.3034
13-07-2019,CAD,1.3034
14-07-2019,CAD,1.3034
15-07-2019,CAD,1.303
16-07-2019,CAD,1.3047
17-07-2019,CAD,1.3066
18-07-2019,CAD,1.3062
19-07-2019,CAD,1.3055
20-07-2019,CAD,1.3055
21-07-2019,CAD,1.3055
22-07-2019,CAD,1.3076
23-07-2019,CAD,1.3149
24-07-2019,CAD,1.313
25-07-2019,CAD,1.3127
26-07-2019,CAD,1.318
27-07-2019,CAD,1.318
28-07-2019,CAD,1.318
29-07-2019,CAD,1.3171
30-07-2019,CAD,1.3171
31-07-2019,CAD,1.3149
01-08-2019,CAD,1.323
02-08-2019,CAD,1.3234
03-08-2019,CAD,1.3234
04-08-2019,CAD,1.3234
05-08-2019,CAD,1.3213
06-08-2019,CAD,1.3216
07-08-2019,CAD,1.3319
08-08-2019,CAD,1.3289
09-08-2019,CAD,1.3213
10-08-2019,CAD,1.3213
11-08-2019,CAD,1.3213
12-08-2019,CAD,1.3228
13-08-2019,CAD,1.3268
14-08-2019,CAD,1.3293
15-08-2019,CAD,1.331
16-08-2019,CAD,1.3299
17-08-2019,CAD,1.3299
18-08-2019,CAD,1.3299
19-08-2019,CAD,1.3266
20-08-2019,CAD,1.3328
21-08-2019,CAD,1.3293
22-08-2019,CAD,1.3283
23-08-2019,CAD,1.3322
24-08-2019,CAD,1.3322
25-08-2019,CAD,1.3322
26-08-2019,CAD,1.3303
27-08-2019,CAD,1.3229
28-08-2019,CAD,1.3312
29-08-2019,CAD,1.3276
30-08-2019,CAD,1.3282
31-08-2019,CAD,1.3282
01-09-2019,CAD,1.3282
02-09-2019,CAD,1.3341
03-09-2019,CAD,1.3374
04-09-2019,CAD,1.3323
05-09-2019,CAD,1.3205
06-09-2019,CAD,1.3225
07-09-2019,CAD,1.3225
08-09-2019,CAD,1.3225
09-09-2019,CAD,1.3156
10-09-2019,CAD,1.3167
11-09-2019,CAD,1.3149
12-09-2019,CAD,1.3197
13-09-2019,CAD,1.3215
14-09-2019,CAD,1.3215
15-09-2019,CAD,1.3215
16-09-2019,CAD,1.3253
17-09-2019,CAD,1.326
18-09-2019,CAD,1.325
19-09-2019,CAD,1.327
20-09-2019,CAD,1.3269
21-09-2019,CAD,1.3269
22-09-2019,CAD,1.3269
23-09-2019,CAD,1.3278
24-09-2019,CAD,1.3256
25-09-2019,CAD,1.3276
26-09-2019,CAD,1.324
27-09-2019,CAD,1.3254
28-09-2019,CAD,1.3254
29-09-2019,CAD,1.3254
30-09-2019,CAD,1.3248
01-10-2019,CAD,1.3274
02-10-2019,CAD,1.3242
03-10-2019,CAD,1.3338
04-10-2019,CAD,1.3309
05-10-2019,CAD,1.3309
06-10-2019,CAD,1.3309
07-10-2019,CAD,1.3311
08-10-2019,CAD,1.3311
09-10-2019,CAD,1.3302
10-10-2019,CAD,1.3307
11-10-2019,CAD,1.3293
12-10-2019,CAD,1.3293
13-10-2019,CAD,1.3293
14-10-2019,CAD,1.3214
15-10-2019,CAD,1.323
16-10-2019,CAD,1.3209
17-10-2019,CAD,1.3177
18-10-2019,CAD,1.3136
19-10-2019,CAD,1.3136
20-10-2019,CAD,1.3136
21-10-2019,CAD,1.3106
22-10-2019,CAD,1.3101
23-10-2019,CAD,1.3088
24-10-2019,CAD,1.3071
25-10-2019,CAD,1.3065
26-10-2019,CAD,1.3065
27-10-2019,CAD,1.3065
28-10-2019,CAD,1.3067
29-10-2019,CAD,1.3056
30-10-2019,CAD,1.3087
31-10-2019,CAD,1.3155
01-11-2019,CAD,1.3181
02-11-2019,CAD,1.3181
03-11-2019,CAD,1.3181
04-11-2019,CAD,1.3156
05-11-2019,CAD,1.3128
06-11-2019,CAD,1.3164
07-11-2019,CAD,1.3167
08-11-2019,CAD,1.3196
09-11-2019,CAD,1.3196
10-11-2019,CAD,1.3196
11-11-2019,CAD,1.323
12-11-2019,CAD,1.3244
13-11-2019,CAD,1.3258
14-11-2019,CAD,1.3265
15-11-2019,CAD,1.3239
16-11-2019,CAD,1.3239
17-11-2019,CAD,1.3239
18-11-2019,CAD,1.3219
19-11-2019,CAD,1.321
20-11-2019,CAD,1.3302
21-11-2019,CAD,1.3307
22-11-2019,CAD,1.3275
23-11-2019,CAD,1.3275
24-11-2019,CAD,1.3275
25-11-2019,CAD,1.3307
26-11-2019,CAD,1.3306
27-11-2019,CAD,1.3266
28-11-2019,CAD,1.3289
29-11-2019,CAD,1.3307
30-11-2019,CAD,1.3307
01-12-2019,CAD,1.3307
02-12-2019,CAD,1.3296
03-12-2019,CAD,1.332
04-12-2019,CAD,1.3272
05-12-2019,CAD,1.3169
06-12-2019,CAD,1.3176
07-12-2019,CAD,1.3176
08-12-2019,CAD,1.3176
09-12-2019,CAD,1.3251
10-12-2019,CAD,1.324
11-12-2019,CAD,1.3238
12-12-2019,CAD,1.3178
13-12-2019,CAD,1.3166
14-12-2019,CAD,1.3166
15-12-2019,CAD,1.3166
16-12-2019,CAD,1.3118
17-12-2019,CAD,1.3161
18-12-2019,CAD,1.3157
19-12-2019,CAD,1.3122
20-12-2019,CAD,1.3138
21-12-2019,CAD,1.3138
22-12-2019,CAD,1.3138
23-12-2019,CAD,1.3162
24-12-2019,CAD,1.3161
25-12-2019,CAD,1.3161
26-12-2019,CAD,1.3161
27-12-2019,CAD,1.3083
28-12-2019,CAD,1.3083
29-12-2019,CAD,1.3083
30-12-2019,CAD,1.3067
31-12-2019,CAD,1.2994
01-01-2020,CAD,1.2994
02-01-2020,CAD,1.2998
03-01-2020,CAD,1.2982
04-01-2020,CAD,1.2982
05-01-2020,CAD,1.2982
06-01-2020,CAD,1.2976
07-01-2020,CAD,1.2997
08-01-2020,CAD,1.3018
09-01-2020,CAD,1.3056
10-01-2020,CAD,1.3072
11-01-2020,CAD,1.3072
12-01-2020,CAD,1.3072
13-01-2020,CAD,1.3045
14-01-2020,CAD,1.3071
15-01-2020,CAD,1.3072
16-01-2020,CAD,1.3035
17-01-2020,CAD,1.3052
18-01-2020,CAD,1.3052
19-01-2020,CAD,1.3052
20-01-2020,CAD,1.3069
21-01-2020,CAD,1.3056
22-01-2020,CAD,1.3046
23-01-2020,CAD,1.3163
24-01-2020,CAD,1.3132
25-01-2020,CAD,1.3132
26-01-2020,CAD,1.3132
27-01-2020,CAD,1.3187
28-01-2020,CAD,1.319
29-01-2020,CAD,1.3177
30-01-2020,CAD,1.3217
31-01-2020,CAD,1.3235
01-02-2020,CAD,1.3235
02-02-2020,CAD,1.3235
03-02-2020,CAD,1.3236
04-02-2020,CAD,1.3279
05-02-2020,CAD,1.3285
06-02-2020,CAD,1.3278
07-02-2020,CAD,1.3314
08-02-2020,CAD,1.3314
09-02-2020,CAD,1.3314
10-02-2020,CAD,1.3314
11-02-2020,CAD,1.3297
12-02-2020,CAD,1.3256
13-02-2020,CAD,1.3257
14-02-2020,CAD,1.3248
15-02-2020,CAD,1.3248
16-02-2020,CAD,1.3248
17-02-2020,CAD,1.3229
18-02-2020,CAD,1.3263
19-02-2020,CAD,1.3223
20-02-2020,CAD,1.3257
21-02-2020,CAD,1.3258
22-02-2020,CAD,1.3258
23-02-2020,CAD,1.3258
24-02-2020,CAD,1.3285
25-02-2020,CAD,1.3287
26-02-2020,CAD,1.3305
27-02-2020,CAD,1.3349
28-02-2020,CAD,1.3444
29-02-2020,CAD,1.3444
01-03-2020,CAD,1.3444
02-03-2020,CAD,1.3358
03-03-2020,CAD,1.3364
04-03-2020,CAD,1.3359
05-03-2020,CAD,1.3427
06-03-2020,CAD,1.342
07-03-2020,CAD,1.342
08-03-2020,CAD,1.342
09-03-2020,CAD,1.3629
10-03-2020,CAD,1.3678
11-03-2020,CAD,1.3743
12-03-2020,CAD,1.3811
13-03-2020,CAD,1.3859
14-03-2020,CAD,1.3859
15-03-2020,CAD,1.3859
16-03-2020,CAD,1.3928
17-03-2020,CAD,1.4125
18-03-2020,CAD,1.4404
19-03-2020,CAD,1.4464
20-03-2020,CAD,1.425
21-03-2020,CAD,1.425
22-03-2020,CAD,1.425
23-03-2020,CAD,1.4384
24-03-2020,CAD,1.4494
25-03-2020,CAD,1.4352
26-03-2020,CAD,1.4084
27-03-2020,CAD,1.414
28-03-2020,CAD,1.414
29-03-2020,CAD,1.414
30-03-2020,CAD,1.4162
31-03-2020,CAD,1.4254
01-04-2020,CAD,1.4266
02-04-2020,CAD,1.4167
03-04-2020,CAD,1.4185
04-04-2020,CAD,1.4185
05-04-2020,CAD,1.4185
06-04-2020,CAD,1.416
07-04-2020,CAD,1.4018
08-04-2020,CAD,1.4013
09-04-2020,CAD,1.4047
10-04-2020,CAD,1.4047
11-04-2020,CAD,1.4047
12-04-2020,CAD,1.4047
13-04-2020,CAD,1.4047
14-04-2020,CAD,1.3917
15-04-2020,CAD,1.406
16-04-2020,CAD,1.4106
17-04-2020,CAD,1.407
18-04-2020,CAD,1.407
19-04-2020,CAD,1.407
20-04-2020,CAD,1.4111
21-04-2020,CAD,1.4204
22-04-2020,CAD,1.4148
23-04-2020,CAD,1.4135
24-04-2020,CAD,1.4049
25-04-2020,CAD,1.4049
26-04-2020,CAD,1.4049
27-04-2020,CAD,1.4057
28-04-2020,CAD,1.3955
29-04-2020,CAD,1.3954
30-04-2020,CAD,1.3863
01-05-2020,CAD,1.3863
02-05-2020,CAD,1.3863
03-05-2020,CAD,1.3863
04-05-2020,CAD,1.4065
05-05-2020,CAD,1.4019
06-05-2020,CAD,1.4088
07-05-2020,CAD,1.4075
08-05-2020,CAD,1.3943
09-05-2020,CAD,1.3943
10-05-2020,CAD,1.3943
11-05-2020,CAD,1.3984
12-05-2020,CAD,1.3979
13-05-2020,CAD,1.4017
14-05-2020,CAD,1.4107
15-05-2020,CAD,1.4105
16-05-2020,CAD,1.4105
17-05-2020,CAD,1.4105
18-05-2020,CAD,1.4034
19-05-2020,CAD,1.3928
20-05-2020,CAD,1.3881
21-05-2020,CAD,1.3918
22-05-2020,CAD,1.4007
23-05-2020,CAD,1.4007
24-05-2020,CAD,1.4007
25-05-2020,CAD,1.3988
26-05-2020,CAD,1.3835
27-05-2020,CAD,1.3762
28-05-2020,CAD,1.3757
29-05-2020,CAD,1.3721
30-05-2020,CAD,1.3721
31-05-2020,CAD,1.3721
01-06-2020,CAD,1.3699
02-06-2020,CAD,1.3519
03-06-2020,CAD,1.3555
04-06-2020,CAD,1.3514
05-06-2020,CAD,1.3448
06-06-2020,CAD,1.3448
07-06-2020,CAD,1.3448
08-06-2020,CAD,1.3404
09-06-2020,CAD,1.3447
10-06-2020,CAD,1.3387
11-06-2020,CAD,1.3501
12-06-2020,CAD,1.3577
13-06-2020,CAD,1.3577
14-06-2020,CAD,1.3577
15-06-2020,CAD,1.3634
16-06-2020,CAD,1.3548
17-06-2020,CAD,1.3536
18-06-2020,CAD,1.3561
19-06-2020,CAD,1.3567
20-06-2020,CAD,1.3567
21-06-2020,CAD,1.3567
22-06-2020,CAD,1.3565
23-06-2020,CAD,1.3491
24-06-2020,CAD,1.3591
25-06-2020,CAD,1.3645
26-06-2020,CAD,1.3661
27-06-2020,CAD,1.3661
28-06-2020,CAD,1.3661
29-06-2020,CAD,1.3656
30-06-2020,CAD,1.3685
01-07-2020,CAD,1.3587
02-07-2020,CAD,1.3595
03-07-2020,CAD,1.3572
04-07-2020,CAD,1.3572
05-07-2020,CAD,1.3572
06-07-2020,CAD,1.3539
07-07-2020,CAD,1.3567
08-07-2020,CAD,1.359
09-07-2020,CAD,1.3502
10-07-2020,CAD,1.3601
11-07-2020,CAD,1.3601
12-07-2020,CAD,1.3601
13-07-2020,CAD,1.3563
14-07-2020,CAD,1.3616
15-07-2020,CAD,1.3568
16-07-2020,CAD,1.3538
17-07-2020,CAD,1.3572
18-07-2020,CAD,1.3572
19-07-2020,CAD,1.3572
20-07-2020,CAD,1.3567
21-07-2020,CAD,1.3457
22-07-2020,CAD,1.3422
23-07-2020,CAD,1.3386
24-07-2020,CAD,1.342
25-07-2020,CAD,1.342
26-07-2020,CAD,1.342
27-07-2020,CAD,1.3375
28-07-2020,CAD,1.3393
29-07-2020,CAD,1.336
30-07-2020,CAD,1.343
31-07-2020,CAD,1.3418
01-08-2020,CAD,1.3418
02-08-2020,CAD,1.3418
03-08-2020,CAD,1.3436
04-08-2020,CAD,1.3407
05-08-2020,CAD,1.3247
06-08-2020,CAD,1.3297
07-08-2020,CAD,1.3345
08-08-2020,CAD,1.3345
09-08-2020,CAD,1.3345
10-08-2020,CAD,1.338
11-08-2020,CAD,1.3287
12-08-2020,CAD,1.329
13-08-2020,CAD,1.3215
14-08-2020,CAD,1.3247
15-08-2020,CAD,1.3247
16-08-2020,CAD,1.3247
17-08-2020,CAD,1.3232
18-08-2020,CAD,1.3163
19-08-2020,CAD,1.3147
20-08-2020,CAD,1.321
21-08-2020,CAD,1.3224
22-08-2020,CAD,1.3224
23-08-2020,CAD,1.3224
24-08-2020,CAD,1.3146
25-08-2020,CAD,1.3202
26-08-2020,CAD,1.3184
27-08-2020,CAD,1.3147
28-08-2020,CAD,1.3053
29-08-2020,CAD,1.3053
30-08-2020,CAD,1.3053
31-08-2020,CAD,1.3066
01-09-2020,CAD,1.3014
02-09-2020,CAD,1.3064
03-09-2020,CAD,1.3114
04-09-2020,CAD,1.3096
05-09-2020,CAD,1.3096
06-09-2020,CAD,1.3096
07-09-2020,CAD,1.3095
08-09-2020,CAD,1.3172
09-09-2020,CAD,1.3219
10-09-2020,CAD,1.3154
11-09-2020,CAD,1.3179
12-09-2020,CAD,1.3179
13-09-2020,CAD,1.3179
14-09-2020,CAD,1.317
15-09-2020,CAD,1.3147
16-09-2020,CAD,1.3167
17-09-2020,CAD,1.3196
18-09-2020,CAD,1.3184
19-09-2020,CAD,1.3184
20-09-2020,CAD,1.3184
21-09-2020,CAD,1.3238
22-09-2020,CAD,1.3314
23-09-2020,CAD,1.3337
24-09-2020,CAD,1.3396
25-09-2020,CAD,1.3375
26-09-2020,CAD,1.3375
27-09-2020,CAD,1.3375
28-09-2020,CAD,1.3385
29-09-2020,CAD,1.3378
30-09-2020,CAD,1.3389
01-10-2020,CAD,1.3288
02-10-2020,CAD,1.3302
03-10-2020,CAD,1.3302
04-10-2020,CAD,1.3302
05-10-2020,CAD,1.3268
06-10-2020,CAD,1.3251
07-10-2020,CAD,1.3288
08-10-2020,CAD,1.3245
09-10-2020,CAD,1.3177
10-10-2020,CAD,1.3177
11-10-2020,CAD,1.3177
12-10-2020,CAD,1.3131
13-10-2020,CAD,1.3108
14-10-2020,CAD,1.3134
15-10-2020,CAD,1.321
16-10-2020,CAD,1.3199
17-10-2020,CAD,1.3199
18-10-2020,CAD,1.3199
19-10-2020,CAD,1.3172
20-10-2020,CAD,1.319
21-10-2020,CAD,1.3126
22-10-2020,CAD,1.3162
23-10-2020,CAD,1.3127
24-10-2020,CAD,1.3127
25-10-2020,CAD,1.3127
26-10-2020,CAD,1.3182
27-10-2020,CAD,1.3175
28-10-2020,CAD,1.3284
29-10-2020,CAD,1.3378
30-10-2020,CAD,1.3298
31-10-2020,CAD,1.3298
01-11-2020,CAD,1.3298
02-11-2020,CAD,1.3273
03-11-2020,CAD,1.3147
04-11-2020,CAD,1.3148
05-11-2020,CAD,1.3056
06-11-2020,CAD,1.3079
07-11-2020,CAD,1.3079
08-11-2020,CAD,1.3079
09-11-2020,CAD,1.295
10-11-2020,CAD,1.3036
11-11-2020,CAD,1.3058
12-11-2020,CAD,1.3097
13-11-2020,CAD,1.3143
14-11-2020,CAD,1.3143
15-11-2020,CAD,1.3143
16-11-2020,CAD,1.3082
17-11-2020,CAD,1.3095
18-11-2020,CAD,1.3072
19-11-2020,CAD,1.3101
20-11-2020,CAD,1.3052
21-11-2020,CAD,1.3052
22-11-2020,CAD,1.3052
23-11-2020,CAD,1.3049
24-11-2020,CAD,1.3067
25-11-2020,CAD,1.3018
26-11-2020,CAD,1.3002
27-11-2020,CAD,1.2999
28-11-2020,CAD,1.2999
29-11-2020,CAD,1.2999
30-11-2020,CAD,1.2952
01-12-2020,CAD,1.297
02-12-2020,CAD,1.2945
03-12-2020,CAD,1.2914
04-12-2020,CAD,1.2857
05-12-2020,CAD,1.2857
06-12-2020,CAD,1.2857
07-12-2020,CAD,1.2811
08-12-2020,CAD,1.2802
09-12-2020,CAD,1.2777
10-12-2020,CAD,1.2758
11-12-2020,CAD,1.2771
12-12-2020,CAD,1.2771
13-12-2020,CAD,1.2771
14-12-2020,CAD,1.2725
15-12-2020,CAD,1.2745
16-12-2020,CAD,1.2758
17-12-2020,CAD,1.2695
18-12-2020,CAD,1.2756
19-12-2020,CAD,1.2756
20-12-2020,CAD,1.2756
21-12-2020,CAD,1.2886
22-12-2020,CAD,1.2871
23-12-2020,CAD,1.2881
24-12-2020,CAD,1.284
25-12-2020,CAD,1.284
26-12-2020,CAD,1.284
27-12-2020,CAD,1.284
28-12-2020,CAD,1.283
29-12-2020,CAD,1.2818
30-12-2020,CAD,1.2785
31-12-2020,CAD,1.274
01-01-2021,CAD,1.274
02-01-2021,CAD,1.274
03-01-2021,CAD,1.274
04-01-2021,CAD,1.2704
05-01-2021,CAD,1.2754
06-01-2021,CAD,1.2676
07-01-2021,CAD,1.2709
08-01-2021,CAD,1.2688
09-01-2021,CAD,1.2688
10-01-2021,CAD,1.2688
11-01-2021,CAD,1.2785
12-01-2021,CAD,1.2754
13-01-2021,CAD,1.273
14-01-2021,CAD,1.2686
15-01-2021,CAD,1.2714
16-01-2021,CAD,1.2714
17-01-2021,CAD,1.2714
18-01-2021,CAD,1.2776
19-01-2021,CAD,1.2725
20-01-2021,CAD,1.2709
21-01-2021,CAD,1.2621
22-01-2021,CAD,1.2714
23-01-2021,CAD,1.2714
24-01-2021,CAD,1.2714
25-01-2021,CAD,1.2721
26-01-2021,CAD,1.2718
27-01-2021,CAD,1.2756
28-01-2021,CAD,1.2872
29-01-2021,CAD,1.2788
30-01-2021,CAD,1.2788
31-01-2021,CAD,1.2788
01-02-2021,CAD,1.2805
02-02-2021,CAD,1.2805
03-02-2021,CAD,1.2793
04-02-2021,CAD,1.2803
05-02-2021,CAD,1.2805
06-02-2021,CAD,1.2805
07-02-2021,CAD,1.2805
08-02-2021,CAD,1.2776
09-02-2021,CAD,1.2735
10-02-2021,CAD,1.2694
11-02-2021,CAD,1.2665
12-02-2021,CAD,1.2734
13-02-2021,CAD,1.2734
14-02-2021,CAD,1.2734
15-02-2021,CAD,1.2652
16-02-2021,CAD,1.2653
17-02-2021,CAD,1.269
18-02-2021,CAD,1.2667
19-02-2021,CAD,1.261
20-02-2021,CAD,1.261
